gid,role,role_score,cluster_id,priority_score,evidence,rule_id,depth,is_seed,in_deg,out_deg,in_kzt,out_kzt,in_tx,out_tx,pagerank,betweenness,hub,authority,pass_through,retained_kzt,unseen_inflow_kzt,n_seed_payers,truncated_by_depth,terminal_status,terminal_p,hold_days_median,fast_out_share,max_same_day_payers,max_same_day_one_payer_tx,flag_fast_transit,flag_sync_collection,flag_structuring,timing_score,downstream_nodes,component_size,is_articulation
100000000343175100,distributor,1.0,9,0.4292,"веер на 31 получателя, 33 перевода на 4 млн KZT; seed — входящие извне выборки не видны | сквозной транзит за 0 дн. (100% суммы); дробление: 14 поступлений по 13 тыс. в среднем",R1.distributor: out_deg >= 11,0,True,8,31,178712.0,4000039.0,14,33,0.0007132581979384031,0.0010946926090299827,0.0065893978,0.0002893307,22.382598818210305,0.0,3821327.0,1,False,observed_forwarder,0.0,0.0,1.0,2,2,True,False,True,1.0,73,1877,True
100000000456947100,peripheral,0.3,-1,0.0216,"0 входящих и 0 исходящих переводов в выгрузке: seed без рёбер, переводы либо ниже порога 5 000 KZT, либо вне банка — роль не определяется",R0.peripheral: нет рёбер в выгрузке,0,True,0,0,0.0,0.0,0,0,0.0002855692942172902,0.0,-0.0,-0.0,,0.0,0.0,0,False,no_edges,,,,0,0,False,False,False,0.0,0,1,False
100000000580561100,transit,0.55,44,0.2967,"seed: отдаёт 1.5 млн KZT на 3 получателей; входящие извне выборки не видны, роль по исходящему профилю","R3c.transit: seed — роль по исходящему профилю, входящие извне не видны",0,True,2,3,27980.0,1488077.0,3,13,0.0008349888856684632,1.1888811083225246e-06,0.0,0.0,53.183595425303785,0.0,1460097.0,0,False,observed_forwarder,0.0,4.0,0.5712070007130008,1,1,False,False,False,0.0,5,6,True
100000001415126100,terminal,0.65,18,0.1558,"получил 27 тыс. KZT, 1 перевод от 1 плательщика; исходящих переводов 0, они проверены обходом на колене 0; сумма ниже медианы графа 50 тыс. KZT — мелкий получатель","R4a.terminal: исходящих переводов нет, они проверены обходом (depth <= 3)",0,True,1,0,27000.0,0.0,1,0,0.0004096189054308039,0.0,-0.0,2.887e-07,0.0,27000.0,0.0,0,False,observed_sink,1.0,,,1,1,False,False,False,0.0,0,1877,False
100000001429930100,terminal,0.65,10,0.1501,"получил 26 тыс. KZT, 1 перевод от 1 плательщика; исходящих переводов 0, они проверены обходом на колене 0; сумма ниже медианы графа 50 тыс. KZT — мелкий получатель","R4a.terminal: исходящих переводов нет, они проверены обходом (depth <= 3)",0,True,1,0,26000.0,0.0,1,0,0.000350797891474077,0.0,-0.0,4.26e-08,0.0,26000.0,0.0,0,False,observed_sink,1.0,,,1,1,False,False,False,0.0,0,1877,False
100000001616816100,transit,0.55,7,0.3203,"seed: отдаёт 181 тыс. KZT на 3 получателей; входящие извне выборки не видны, роль по исходящему профилю | сквозной транзит за 0 дн. (69% суммы); дробление: 12 поступлений по 15 тыс. в среднем","R3c.transit: seed — роль по исходящему профилю, входящие извне не видны",0,True,5,3,176195.0,181326.0,12,10,0.0024346571906844494,0.00010470096527690845,2.18704e-05,4.749e-07,1.0291211441868384,0.0,5131.0,0,False,observed_forwarder,0.0,0.5,0.6939214453525694,1,2,True,False,True,0.6939214453525694,6,1877,True
100000001732159100,transit,0.55,40,0.4443,"seed: отдаёт 1.5 млн KZT на 4 получателей; входящие извне выборки не видны, роль по исходящему профилю | сквозной транзит за 1 дн. (91% суммы); дробление: 6 переводов от одного плательщика за день","R3c.transit: seed — роль по исходящему профилю, входящие извне не видны",0,True,2,4,2378100.0,1505966.0,30,23,0.001095056787299681,2.027094433598164e-05,5.34019e-05,7.699e-07,0.633264370716118,872134.0,0.0,2,False,observed_forwarder,0.0,1.0,0.9144735007297642,2,6,True,False,True,1.0,5,1877,False
100000002527114100,distributor,1.0,0,0.3314,"веер на 111 получателей, 113 переводов на 3.3 млн KZT; seed — входящие извне выборки не видны",R1.distributor: out_deg >= 11,0,True,3,111,129000.0,3289249.0,4,113,0.0008111056953132608,0.00019339132695379732,0.0,0.0,25.49805426356589,0.0,3160249.0,0,False,observed_forwarder,0.0,4.0,0.4463742331456208,1,1,False,False,False,0.0,269,270,True
100000002916006100,transit,0.55,18,0.0884,"seed: отдаёт 32 тыс. KZT на 1 получателя; входящие извне выборки не видны, роль по исходящему профилю","R3c.transit: seed — роль по исходящему профилю, входящие извне не видны",0,True,0,1,0.0,32000.0,0,1,0.0002855692942172902,0.0,0.0,-0.0,,0.0,32000.0,0,False,observed_forwarder,0.0,,,0,0,False,False,False,0.0,1,1877,False
100000003016635100,distributor,1.0,3,0.3932,"веер на 73 получателей, 151 перевод на 9.4 млн KZT; seed — входящие извне выборки не видны | 3 плательщика в один день; сквозной транзит за 0 дн. (94% суммы)",R1.distributor: out_deg >= 11,0,True,8,73,586981.0,9414081.0,36,151,0.001189636334387764,0.007215469082446287,0.015842595,1.24908e-05,16.038135817002594,0.0,8827100.0,0,False,observed_forwarder,0.0,0.0,0.9350810769527053,3,3,True,True,True,1.0,1595,1877,True
100000003200071100,transit,0.55,67,0.0859,"seed: отдаёт 30 тыс. KZT на 1 получателя; входящие извне выборки не видны, роль по исходящему профилю","R3c.transit: seed — роль по исходящему профилю, входящие извне не видны",0,True,0,1,0.0,30000.0,0,1,0.0002855692942172902,0.0,0.0,-0.0,,0.0,30000.0,0,False,observed_forwarder,0.0,,,0,0,False,False,False,0.0,1,2,False
100000003265658100,peripheral,0.3,-1,0.0216,"0 входящих и 0 исходящих переводов в выгрузке: seed без рёбер, переводы либо ниже порога 5 000 KZT, либо вне банка — роль не определяется",R0.peripheral: нет рёбер в выгрузке,0,True,0,0,0.0,0.0,0,0,0.0002855692942172902,0.0,-0.0,-0.0,,0.0,0.0,0,False,no_edges,,,,0,0,False,False,False,0.0,0,1,False
100000003349739100,peripheral,0.3,-1,0.0216,"0 входящих и 0 исходящих переводов в выгрузке: seed без рёбер, переводы либо ниже порога 5 000 KZT, либо вне банка — роль не определяется",R0.peripheral: нет рёбер в выгрузке,0,True,0,0,0.0,0.0,0,0,0.0002855692942172902,0.0,-0.0,-0.0,,0.0,0.0,0,False,no_edges,,,,0,0,False,False,False,0.0,0,1,False
100000003684369100,distributor,1.0,2,0.4335,"веер на 62 получателей, 67 переводов на 8.6 млн KZT; seed — входящие извне выборки не видны | 6 плательщиков в один день; сквозной транзит за 0 дн. (100% суммы)",R1.distributor: out_deg >= 11,0,True,24,62,3848436.0,8588655.0,58,67,0.002020291208486861,0.0023030748381841454,0.0247461637,0.0013537175,2.2317260830113845,0.0,4740219.0,1,False,observed_forwarder,0.0,0.0,1.0,6,3,True,True,True,1.0,120,1877,True
100000003770083100,peripheral,0.3,-1,0.0216,"0 входящих и 0 исходящих переводов в выгрузке: seed без рёбер, переводы либо ниже порога 5 000 KZT, либо вне банка — роль не определяется",R0.peripheral: нет рёбер в выгрузке,0,True,0,0,0.0,0.0,0,0,0.0002855692942172902,0.0,-0.0,-0.0,,0.0,0.0,0,False,no_edges,,,,0,0,False,False,False,0.0,0,1,False
100000003975102100,transit,0.55,3,0.1925,"seed: отдаёт 88 тыс. KZT на 2 получателей; входящие извне выборки не видны, роль по исходящему профилю","R3c.transit: seed — роль по исходящему профилю, входящие извне не видны",0,True,1,2,25650.0,88500.0,1,2,0.00034546521801697994,5.914683513904559e-06,4.643e-07,0.0,3.4502923976608186,0.0,62850.0,0,False,observed_forwarder,0.0,1.0,0.3615819209039548,1,1,False,False,False,0.0,7,1877,False
100000003977183100,transit,0.55,7,0.318,"seed: отдаёт 766 тыс. KZT на 4 получателей; входящие извне выборки не видны, роль по исходящему профилю","R3c.transit: seed — роль по исходящему профилю, входящие извне не видны",0,True,2,4,123800.0,766000.0,2,6,0.0003314603816994432,1.5851748110966993e-06,4.95193e-05,4.20066e-05,6.187399030694669,0.0,642200.0,1,False,observed_forwarder,0.0,0.0,0.21148825065274152,1,1,False,False,False,0.0,13,1877,True
100000004007116100,transit,0.55,24,0.39,"seed: отдаёт 148 тыс. KZT на 4 получателей; входящие извне выборки не видны, роль по исходящему профилю | сквозной транзит за 1 дн. (93% суммы); дробление: 4 перевода от одного плательщика за день","R3c.transit: seed — роль по исходящему профилю, входящие извне не видны",0,True,3,4,764704.0,148000.0,24,6,0.0006277769573248414,3.962937027741748e-07,0.0,0.0,0.19353893794200108,616704.0,0.0,0,False,observed_forwarder,0.0,1.0,0.9324324324324325,1,4,True,False,True,1.0,16,17,False
100000004019124100,terminal,0.9,3,0.3348,"получил 193 тыс. KZT, 3 перевода от 3 плательщиков, из них seed: 2; исходящих переводов 0, они проверены обходом на колене 0","R4a.terminal: исходящих переводов нет, они проверены обходом (depth <= 3)",0,True,3,0,193000.0,0.0,3,0,0.0012028680902033675,0.0,-0.0,2.67e-08,0.0,193000.0,0.0,2,False,observed_sink,1.0,,,1,1,False,False,False,0.0,0,1877,True
100000004021459100,peripheral,0.3,-1,0.0216,"0 входящих и 0 исходящих переводов в выгрузке: seed без рёбер, переводы либо ниже порога 5 000 KZT, либо вне банка — роль не определяется",R0.peripheral: нет рёбер в выгрузке,0,True,0,0,0.0,0.0,0,0,0.0002855692942172902,0.0,-0.0,-0.0,,0.0,0.0,0,False,no_edges,,,,0,0,False,False,False,0.0,0,1,False
100000004041163100,transit,0.55,18,0.2954,"seed: отдаёт 866 тыс. KZT на 2 получателей; входящие извне выборки не видны, роль по исходящему профилю","R3c.transit: seed — роль по исходящему профилю, входящие извне не видны",0,True,1,2,50000.0,866000.0,1,6,0.002084748055672515,2.3381328463676314e-05,4.642e-07,0.0,17.32,0.0,816000.0,1,False,observed_forwarder,0.0,0.0,0.05542725173210162,1,1,False,False,False,0.0,2,1877,True
100000004174835100,peripheral,0.3,-1,0.0216,"0 входящих и 0 исходящих переводов в выгрузке: seed без рёбер, переводы либо ниже порога 5 000 KZT, либо вне банка — роль не определяется",R0.peripheral: нет рёбер в выгрузке,0,True,0,0,0.0,0.0,0,0,0.0002855692942172902,0.0,-0.0,-0.0,,0.0,0.0,0,False,no_edges,,,,0,0,False,False,False,0.0,0,1,False
100000004193835100,transit,0.55,3,0.2536,"seed: отдаёт 5 тыс. KZT на 1 получателя; входящие извне выборки не видны, роль по исходящему профилю | сквозной транзит за 0 дн. (100% суммы)","R3c.transit: seed — роль по исходящему профилю, входящие извне не видны",0,True,1,1,47000.0,5000.0,1,1,0.000469930139695584,6.6775488917448465e-06,4.606e-07,1e-10,0.10638297872340426,42000.0,0.0,0,False,observed_forwarder,0.0,0.0,1.0,1,1,True,False,False,1.0,3,1877,False
100000004269433100,transit,0.55,14,0.1682,"seed: отдаёт 1.4 млн KZT на 1 получателя; входящие извне выборки не видны, роль по исходящему профилю","R3c.transit: seed — роль по исходящему профилю, входящие извне не видны",0,True,0,1,0.0,1372000.0,0,67,0.0002855692942172902,0.0,0.0,-0.0,,0.0,1372000.0,0,False,observed_forwarder,0.0,,,0,0,False,False,False,0.0,1599,1877,False
100000004358004100,distributor,0.5,2,0.1718,"веер на 11 получателей, 17 переводов на 981 тыс. KZT; seed — входящие извне выборки не видны",R1.distributor: out_deg >= 11,0,True,0,11,0.0,980850.0,0,17,0.0002855692942172902,0.0,0.0036381727,-0.0,,0.0,980850.0,0,False,observed_forwarder,0.0,,,0,0,False,False,False,0.0,251,1877,True
100000004388983100,transit,0.55,64,0.1558,"seed: отдаёт 451 тыс. KZT на 2 получателей; входящие извне выборки не видны, роль по исходящему профилю","R3c.transit: seed — роль по исходящему профилю, входящие извне не видны",0,True,0,2,0.0,450816.0,0,23,0.0002855692942172902,0.0,0.0,-0.0,,0.0,450816.0,0,False,observed_forwarder,0.0,,,0,0,False,False,False,0.0,2,3,True
100000004714705100,transit,0.55,18,0.0915,"seed: отдаёт 37 тыс. KZT на 1 получателя; входящие извне выборки не видны, роль по исходящему профилю","R3c.transit: seed — роль по исходящему профилю, входящие извне не видны",0,True,0,1,0.0,36550.0,0,1,0.0002855692942172902,0.0,0.0,-0.0,,0.0,36550.0,0,False,observed_forwarder,0.0,,,0,0,False,False,False,0.0,2,1877,False
100000004723755100,transit,0.55,2,0.1198,"seed: отдаёт 95 тыс. KZT на 1 получателя; входящие извне выборки не видны, роль по исходящему профилю","R3c.transit: seed — роль по исходящему профилю, входящие извне не видны",0,True,0,1,0.0,95000.0,0,5,0.0002855692942172902,0.0,0.0,-0.0,,0.0,95000.0,0,False,observed_forwarder,0.0,,,0,0,False,False,False,0.0,1618,1877,False
100000004813068100,transit,0.55,23,0.1479,"seed: отдаёт 297 тыс. KZT на 3 получателей; входящие извне выборки не видны, роль по исходящему профилю","R3c.transit: seed — роль по исходящему профилю, входящие извне не видны",0,True,0,3,0.0,297000.0,0,5,0.0002855692942172902,0.0,0.0,-0.0,,0.0,297000.0,0,False,observed_forwarder,0.0,,,0,0,False,False,False,0.0,13,1877,True
100000004971871100,transit,0.55,58,0.2179,"seed: отдаёт 6 тыс. KZT на 1 получателя; входящие извне выборки не видны, роль по исходящему профилю | сквозной транзит за 2 дн. (100% суммы)","R3c.transit: seed — роль по исходящему профилю, входящие извне не видны",0,True,1,1,25400.0,5650.0,3,1,0.0007430293125206662,0.0,0.0,0.0,0.22244094488188976,19750.0,0.0,0,False,observed_forwarder,0.0,2.0,1.0,1,1,True,False,False,1.0,3,4,False
100000005017150100,peripheral,0.3,-1,0.0216,"0 входящих и 0 исходящих переводов в выгрузке: seed без рёбер, переводы либо ниже порога 5 000 KZT, либо вне банка — роль не определяется",R0.peripheral: нет рёбер в выгрузке,0,True,0,0,0.0,0.0,0,0,0.0002855692942172902,0.0,-0.0,-0.0,,0.0,0.0,0,False,no_edges,,,,0,0,False,False,False,0.0,0,1,False
100000005087431100,peripheral,0.3,-1,0.0216,"0 входящих и 0 исходящих переводов в выгрузке: seed без рёбер, переводы либо ниже порога 5 000 KZT, либо вне банка — роль не определяется",R0.peripheral: нет рёбер в выгрузке,0,True,0,0,0.0,0.0,0,0,0.0002855692942172902,0.0,-0.0,-0.0,,0.0,0.0,0,False,no_edges,,,,0,0,False,False,False,0.0,0,1,False
100000005235389100,peripheral,0.3,-1,0.0216,"0 входящих и 0 исходящих переводов в выгрузке: seed без рёбер, переводы либо ниже порога 5 000 KZT, либо вне банка — роль не определяется",R0.peripheral: нет рёбер в выгрузке,0,True,0,0,0.0,0.0,0,0,0.0002855692942172902,0.0,-0.0,-0.0,,0.0,0.0,0,False,no_edges,,,,0,0,False,False,False,0.0,0,1,False
100000005264990100,transit,0.55,18,0.2085,"seed: отдаёт 122 тыс. KZT на 2 получателей; входящие извне выборки не видны, роль по исходящему профилю","R3c.transit: seed — роль по исходящему профилю, входящие извне не видны",0,True,1,2,17070.0,122000.0,1,2,0.0003639962150845005,7.765375105859955e-05,4.642e-07,2.887e-07,7.147041593438781,0.0,104930.0,0,False,observed_forwarder,0.0,4.0,0.0,1,1,False,False,False,0.0,6,1877,True
100000005370580100,terminal,0.65,10,0.1458,"получил 24 тыс. KZT, 1 перевод от 1 плательщика; исходящих переводов 0, они проверены обходом на колене 0; сумма ниже медианы графа 50 тыс. KZT — мелкий получатель","R4a.terminal: исходящих переводов нет, они проверены обходом (depth <= 3)",0,True,1,0,24075.0,0.0,1,0,0.0003459684664848726,0.0,-0.0,4.26e-08,0.0,24075.0,0.0,0,False,observed_sink,1.0,,,1,1,False,False,False,0.0,0,1877,False
100000005382566100,consolidator,0.975,18,0.4827,"сходятся 7 плательщиков (seed: 6) на 1 получателя; получено 393 тыс. KZT, отдано дальше 13%, осело 343 тыс. KZT | сквозной транзит за 0 дн. (100% суммы)","R2.consolidator: in_deg >= 4 и out_deg <= max(2, in_deg/2)",0,True,7,1,393066.0,50000.0,11,1,0.0021132620521571092,4.6366363224578456e-05,0.0,1.0821e-06,0.12720510041570626,343066.0,0.0,6,False,observed_forwarder,0.0,0.0,1.0,2,1,True,False,False,1.0,2,1877,True
100000005386383100,transit,0.55,18,0.2519,"seed: отдаёт 29 тыс. KZT на 1 получателя; входящие извне выборки не видны, роль по исходящему профилю","R3c.transit: seed — роль по исходящему профилю, входящие извне не видны",0,True,2,1,37500.0,29000.0,2,1,0.0005243332756978205,2.852323925717123e-05,4.606e-07,0.0,0.7733333333333333,8500.0,0.0,0,False,observed_forwarder,0.0,,,2,1,False,False,False,0.5,3,1877,False
100000005392290100,transit,0.55,68,0.1153,"seed: отдаёт 81 тыс. KZT на 1 получателя; входящие извне выборки не видны, роль по исходящему профилю","R3c.transit: seed — роль по исходящему профилю, входящие извне не видны",0,True,0,1,0.0,81465.0,0,1,0.0002855692942172902,0.0,0.0,-0.0,,0.0,81465.0,0,False,observed_forwarder,0.0,,,0,0,False,False,False,0.0,1,2,False
100000005395727100,terminal,0.65,14,0.1314,"получил 17 тыс. KZT, 1 перевод от 1 плательщика; исходящих переводов 0, они проверены обходом на колене 0; сумма ниже медианы графа 50 тыс. KZT — мелкий получатель","R4a.terminal: исходящих переводов нет, они проверены обходом (depth <= 3)",0,True,1,0,17000.0,0.0,1,0,0.0003712067299561792,0.0,-0.0,0.0,0.0,17000.0,0.0,0,False,observed_sink,1.0,,,1,1,False,False,False,0.0,0,1877,False
100000005409680100,terminal,0.9,16,0.2377,"получил 55 тыс. KZT, 2 перевода от 2 плательщиков; исходящих переводов 0, они проверены обходом на колене 0","R4a.terminal: исходящих переводов нет, они проверены обходом (depth <= 3)",0,True,2,0,55060.0,0.0,2,0,0.0006335288187931603,0.0,-0.0,3.58252e-05,0.0,55060.0,0.0,0,False,observed_sink,1.0,,,1,1,False,False,False,0.0,0,1877,False
100000005417257100,transit,0.55,18,0.1238,"seed: отдаёт 106 тыс. KZT на 2 получателей; входящие извне выборки не видны, роль по исходящему профилю","R3c.transit: seed — роль по исходящему профилю, входящие извне не видны",0,True,0,2,0.0,106000.0,0,2,0.0002855692942172902,0.0,0.0,-0.0,,0.0,106000.0,0,False,observed_forwarder,0.0,,,0,0,False,False,False,0.0,3,1877,True
100000005454368100,terminal,0.65,10,0.2198,"получил 49 тыс. KZT, 2 перевода от 2 плательщиков; исходящих переводов 0, они проверены обходом на колене 0; сумма ниже медианы графа 50 тыс. KZT — мелкий получатель","R4a.terminal: исходящих переводов нет, они проверены обходом (depth <= 3)",0,True,2,0,48600.0,0.0,2,0,0.0003941929632081931,0.0,-0.0,5.0717e-06,0.0,48600.0,0.0,0,False,observed_sink,1.0,,,1,1,False,False,False,0.0,0,1877,False
100000005480435100,peripheral,0.3,-1,0.0216,"0 входящих и 0 исходящих переводов в выгрузке: seed без рёбер, переводы либо ниже порога 5 000 KZT, либо вне банка — роль не определяется",R0.peripheral: нет рёбер в выгрузке,0,True,0,0,0.0,0.0,0,0,0.0002855692942172902,0.0,-0.0,-0.0,,0.0,0.0,0,False,no_edges,,,,0,0,False,False,False,0.0,0,1,False
100000005485830100,transit,0.55,46,0.146,"seed: отдаёт 276 тыс. KZT на 5 получателей; входящие извне выборки не видны, роль по исходящему профилю","R3c.transit: seed — роль по исходящему профилю, входящие извне не видны",0,True,0,5,0.0,275885.0,0,9,0.0002855692942172902,0.0,0.0,-0.0,,0.0,275885.0,0,False,observed_forwarder,0.0,,,0,0,False,False,False,0.0,5,6,True
100000005493505100,terminal,0.9,10,0.2877,"получил 62 тыс. KZT, 3 перевода от 3 плательщиков, из них seed: 1; исходящих переводов 0, они проверены обходом на колене 0","R4a.terminal: исходящих переводов нет, они проверены обходом (depth <= 3)",0,True,3,0,62020.0,0.0,3,0,0.0006174200765778767,0.0,-0.0,4.33e-08,0.0,62020.0,0.0,1,False,observed_sink,1.0,,,1,1,False,False,False,0.0,0,1877,True
100000005495722100,peripheral,0.3,-1,0.0216,"0 входящих и 0 исходящих переводов в выгрузке: seed без рёбер, переводы либо ниже порога 5 000 KZT, либо вне банка — роль не определяется",R0.peripheral: нет рёбер в выгрузке,0,True,0,0,0.0,0.0,0,0,0.0002855692942172902,0.0,-0.0,-0.0,,0.0,0.0,0,False,no_edges,,,,0,0,False,False,False,0.0,0,1,False
100000005498992100,distributor,0.727,8,0.182,"веер на 16 получателей, 19 переводов на 2.3 млн KZT; seed — входящие извне выборки не видны",R1.distributor: out_deg >= 11,0,True,0,16,0.0,2262868.0,0,19,0.0002855692942172902,0.0,0.0012206418,-0.0,,0.0,2262868.0,0,False,observed_forwarder,0.0,,,0,0,False,False,False,0.0,1682,1877,True
100000005519347100,transit,0.55,3,0.2852,"seed: отдаёт 99 тыс. KZT на 1 получателя; входящие извне выборки не видны, роль по исходящему профилю","R3c.transit: seed — роль по исходящему профилю, входящие извне не видны",0,True,2,1,73100.0,99000.0,2,1,0.0005567200012967682,1.5191258606343366e-06,1.14e-08,0.0,1.3543091655266757,0.0,25900.0,1,False,observed_forwarder,0.0,6.0,0.0,1,1,False,False,False,0.0,1,1877,False
100000005523088100,terminal,0.9,18,0.3355,"получил 700 тыс. KZT, 2 перевода от 1 плательщика, из них seed: 1; исходящих переводов 0, они проверены обходом на колене 0","R4a.terminal: исходящих переводов нет, они проверены обходом (depth <= 3)",0,True,1,0,700000.0,0.0,2,0,0.0017206377268585364,0.0,-0.0,8.7e-09,0.0,700000.0,0.0,1,False,observed_sink,1.0,,,1,2,False,False,False,0.5,0,1877,False
100000005543136100,transit,0.55,10,0.0543,"seed: отдаёт 10 тыс. KZT на 1 получателя; входящие извне выборки не видны, роль по исходящему профилю","R3c.transit: seed — роль по исходящему профилю, входящие извне не видны",0,True,0,1,0.0,10000.0,0,1,0.0002855692942172902,0.0,1.84e-08,-0.0,,0.0,10000.0,0,False,observed_forwarder,0.0,,,0,0,False,False,False,0.0,1,1877,False
100000005550592100,peripheral,0.3,-1,0.0216,"0 входящих и 0 исходящих переводов в выгрузке: seed без рёбер, переводы либо ниже порога 5 000 KZT, либо вне банка — роль не определяется",R0.peripheral: нет рёбер в выгрузке,0,True,0,0,0.0,0.0,0,0,0.0002855692942172902,0.0,-0.0,-0.0,,0.0,0.0,0,False,no_edges,,,,0,0,False,False,False,0.0,0,1,False
100000005560900100,peripheral,0.3,-1,0.0216,"0 входящих и 0 исходящих переводов в выгрузке: seed без рёбер, переводы либо ниже порога 5 000 KZT, либо вне банка — роль не определяется",R0.peripheral: нет рёбер в выгрузке,0,True,0,0,0.0,0.0,0,0,0.0002855692942172902,0.0,-0.0,-0.0,,0.0,0.0,0,False,no_edges,,,,0,0,False,False,False,0.0,0,1,False
100000005568407100,peripheral,0.3,-1,0.0216,"0 входящих и 0 исходящих переводов в выгрузке: seed без рёбер, переводы либо ниже порога 5 000 KZT, либо вне банка — роль не определяется",R0.peripheral: нет рёбер в выгрузке,0,True,0,0,0.0,0.0,0,0,0.0002855692942172902,0.0,-0.0,-0.0,,0.0,0.0,0,False,no_edges,,,,0,0,False,False,False,0.0,0,1,False
100000005668605100,terminal,0.9,18,0.3027,"получил 94 тыс. KZT, 3 перевода от 3 плательщиков, из них seed: 1; исходящих переводов 0, они проверены обходом на колене 0","R4a.terminal: исходящих переводов нет, они проверены обходом (depth <= 3)",0,True,3,0,94500.0,0.0,3,0,0.0008383018688148909,0.0,-0.0,2.9287e-06,0.0,94500.0,0.0,1,False,observed_sink,1.0,,,1,1,False,False,False,0.0,0,1877,True
100000005744674100,transit,0.55,18,0.1028,"seed: отдаёт 50 тыс. KZT на 1 получателя; входящие извне выборки не видны, роль по исходящему профилю","R3c.transit: seed — роль по исходящему профилю, входящие извне не видны",0,True,0,1,0.0,50066.0,0,2,0.0002855692942172902,0.0,4.606e-07,-0.0,,0.0,50066.0,0,False,observed_forwarder,0.0,,,0,0,False,False,False,0.0,3,1877,False
100000006232815100,transit,0.55,29,0.2314,"seed: отдаёт 296 тыс. KZT на 5 получателей; входящие извне выборки не видны, роль по исходящему профилю","R3c.transit: seed — роль по исходящему профилю, входящие извне не видны",0,True,1,5,160000.0,296500.0,2,5,0.0005566536352336254,2.774055919419224e-06,0.0,0.0,1.853125,0.0,136500.0,0,False,observed_forwarder,0.0,4.0,0.0,1,1,False,False,False,0.0,12,13,True
100000006249740100,transit,0.55,53,0.119,"seed: отдаёт 93 тыс. KZT на 3 получателей; входящие извне выборки не видны, роль по исходящему профилю","R3c.transit: seed — роль по исходящему профилю, входящие извне не видны",0,True,0,3,0.0,93007.0,0,5,0.0002855692942172902,0.0,0.0,-0.0,,0.0,93007.0,0,False,observed_forwarder,0.0,,,0,0,False,False,False,0.0,3,5,True
100000006831291100,transit,0.55,53,0.0622,"seed: отдаёт 15 тыс. KZT на 1 получателя; входящие извне выборки не видны, роль по исходящему профилю","R3c.transit: seed — роль по исходящему профилю, входящие извне не видны",0,True,0,1,0.0,15000.0,0,3,0.0002855692942172902,0.0,0.0,-0.0,,0.0,15000.0,0,False,observed_forwarder,0.0,,,0,0,False,False,False,0.0,1,5,False
100000006866783100,distributor,1.0,1,0.3918,"веер на 67 получателей, 90 переводов на 3.9 млн KZT; seed — входящие извне выборки не видны | 5 плательщиков в один день; сквозной транзит за 0 дн. (100% суммы)",R1.distributor: out_deg >= 11,0,True,13,67,838812.0,3948037.0,31,90,0.0008703719471293999,0.006045225264012875,0.1154587259,0.0006837653,4.706700667133994,0.0,3109225.0,0,False,observed_forwarder,0.0,0.0,1.0,5,3,True,True,True,1.0,1595,1877,True
100000007018630100,transit,0.55,60,0.1387,"seed: отдаёт 200 тыс. KZT на 1 получателя; входящие извне выборки не видны, роль по исходящему профилю","R3c.transit: seed — роль по исходящему профилю, входящие извне не видны",0,True,0,1,0.0,200000.0,0,5,0.0002855692942172902,0.0,0.0,-0.0,,0.0,200000.0,0,False,observed_forwarder,0.0,,,0,0,False,False,False,0.0,2,3,False
100000007747786100,distributor,1.0,7,0.1895,"веер на 31 получателя, 35 переводов на 4.2 млн KZT; seed — входящие извне выборки не видны",R1.distributor: out_deg >= 11,0,True,0,31,0.0,4238009.4,0,35,0.0002855692942172902,0.0,0.0002329593,-0.0,,0.0,4238009.4,0,False,observed_forwarder,0.0,,,0,0,False,False,False,0.0,96,1877,True
100000007982728100,transit,0.55,7,0.1699,"seed: отдаёт 1.8 млн KZT на 8 получателей; входящие извне выборки не видны, роль по исходящему профилю","R3c.transit: seed — роль по исходящему профилю, входящие извне не видны",0,True,0,8,0.0,1804384.0,0,12,0.0002855692942172902,0.0,0.0021944642,-0.0,,0.0,1804384.0,0,False,observed_forwarder,0.0,,,0,0,False,False,False,0.0,1644,1877,False
100000008117324100,peripheral,0.3,-1,0.0216,"0 входящих и 0 исходящих переводов в выгрузке: seed без рёбер, переводы либо ниже порога 5 000 KZT, либо вне банка — роль не определяется",R0.peripheral: нет рёбер в выгрузке,0,True,0,0,0.0,0.0,0,0,0.0002855692942172902,0.0,-0.0,-0.0,,0.0,0.0,0,False,no_edges,,,,0,0,False,False,False,0.0,0,1,False
100000008205000100,peripheral,0.3,-1,0.0216,"0 входящих и 0 исходящих переводов в выгрузке: seed без рёбер, переводы либо ниже порога 5 000 KZT, либо вне банка — роль не определяется",R0.peripheral: нет рёбер в выгрузке,0,True,0,0,0.0,0.0,0,0,0.0002855692942172902,0.0,-0.0,-0.0,,0.0,0.0,0,False,no_edges,,,,0,0,False,False,False,0.0,0,1,False
100000008314203100,transit,0.55,40,0.3857,"seed: отдаёт 327 тыс. KZT на 2 получателей; входящие извне выборки не видны, роль по исходящему профилю | дробление: 4 перевода от одного плательщика за день","R3c.transit: seed — роль по исходящему профилю, входящие извне не видны",0,True,2,2,382076.0,327000.0,10,13,0.000502990862402695,0.0,4.05519e-05,1.0094e-06,0.8558506684533967,55076.0,0.0,2,False,observed_forwarder,0.0,1.0,0.48623853211009177,1,4,False,False,True,1.0,5,1877,False
100000008418835100,transit,0.55,14,0.3901,"seed: отдаёт 186 тыс. KZT на 4 получателей; входящие извне выборки не видны, роль по исходящему профилю | сквозной транзит за 0 дн. (85% суммы); дробление: 11 переводов от одного плательщика за день","R3c.transit: seed — роль по исходящему профилю, входящие извне не видны",0,True,1,4,1372000.0,186179.0,67,6,0.0005285862410602071,0.0003166386685165656,0.0001284789,0.0,0.13569897959183674,1185821.0,0.0,1,False,observed_forwarder,0.0,0.0,0.8549782735969148,1,11,True,False,True,1.0,1598,1877,True
100000008513251100,peripheral,0.3,-1,0.0216,"0 входящих и 0 исходящих переводов в выгрузке: seed без рёбер, переводы либо ниже порога 5 000 KZT, либо вне банка — роль не определяется",R0.peripheral: нет рёбер в выгрузке,0,True,0,0,0.0,0.0,0,0,0.0002855692942172902,0.0,-0.0,-0.0,,0.0,0.0,0,False,no_edges,,,,0,0,False,False,False,0.0,0,1,False
100000008516839100,terminal,0.9,18,0.3465,"получил 155 тыс. KZT, 4 перевода от 3 плательщиков, из них seed: 1; исходящих переводов 0, они проверены обходом на колене 0","R4a.terminal: исходящих переводов нет, они проверены обходом (depth <= 3)",0,True,3,0,155000.0,0.0,4,0,0.0010695838614429936,0.0,-0.0,0.0,0.0,155000.0,0.0,1,False,observed_sink,1.0,,,2,1,False,False,False,0.5,0,1877,True
100000008522127100,transit,0.55,62,0.1307,"seed: отдаёт 145 тыс. KZT на 1 получателя; входящие извне выборки не видны, роль по исходящему профилю","R3c.transit: seed — роль по исходящему профилю, входящие извне не видны",0,True,0,1,0.0,145000.0,0,3,0.0002855692942172902,0.0,0.0,-0.0,,0.0,145000.0,0,False,observed_forwarder,0.0,,,0,0,False,False,False,0.0,337,1877,False
100000008571433100,transit,0.55,52,0.3366,"seed: отдаёт 1.4 млн KZT на 2 получателей; входящие извне выборки не видны, роль по исходящему профилю | сквозной транзит за 1 дн. (74% суммы)","R3c.transit: seed — роль по исходящему профилю, входящие извне не видны",0,True,2,2,350000.0,1434000.0,2,3,0.0016264807087207852,9.90734256935437e-07,0.0,0.0,4.097142857142857,0.0,1084000.0,0,False,observed_forwarder,0.0,1.0,0.7419804741980475,1,1,True,False,False,0.7419804741980475,4,5,True
100000008575624100,transit,0.55,49,0.1175,"seed: отдаёт 90 тыс. KZT на 3 получателей; входящие извне выборки не видны, роль по исходящему профилю","R3c.transit: seed — роль по исходящему профилю, входящие извне не видны",0,True,0,3,0.0,89500.0,0,5,0.0002855692942172902,0.0,0.0,-0.0,,0.0,89500.0,0,False,observed_forwarder,0.0,,,0,0,False,False,False,0.0,5,6,False
100000008601794100,transit,0.55,55,0.294,"seed: отдаёт 871 тыс. KZT на 1 получателя; входящие извне выборки не видны, роль по исходящему профилю","R3c.transit: seed — роль по исходящему профилю, входящие извне не видны",0,True,2,1,494400.0,871400.0,8,13,0.0023677797580180984,3.962937027741748e-07,0.0,0.0,1.7625404530744337,0.0,377000.0,0,False,observed_forwarder,0.0,0.0,0.23112233187973377,1,1,False,False,False,0.0,3,4,False
100000008637537100,transit,0.55,40,0.4118,"seed: отдаёт 2.4 млн KZT на 3 получателей; входящие извне выборки не видны, роль по исходящему профилю | сквозной транзит за 1 дн. (100% суммы); дробление: 3 перевода от одного плательщика за день","R3c.transit: seed — роль по исходящему профилю, входящие извне не видны",0,True,3,3,619890.0,2351495.0,22,30,0.000828733153434527,7.75353843868499e-05,7.634e-07,9.4506e-05,3.793406894771653,0.0,1731605.0,2,False,observed_forwarder,0.0,1.0,1.0,2,3,True,False,True,1.0,5,1877,True
100000008650785100,transit,0.55,3,0.2958,"seed: отдаёт 120 тыс. KZT на 2 получателей; входящие извне выборки не видны, роль по исходящему профилю","R3c.transit: seed — роль по исходящему профилю, входящие извне не видны",0,True,2,2,92000.0,120120.0,2,2,0.0006125210138081797,2.242361868197206e-05,0.0,8.7e-09,1.3056521739130436,0.0,28120.0,1,False,observed_forwarder,0.0,2.5,0.5829170829170829,1,1,False,False,False,0.0,3,1877,True
100000008654653100,transit,0.55,3,0.1054,"seed: отдаёт 54 тыс. KZT на 1 получателя; входящие извне выборки не видны, роль по исходящему профилю","R3c.transit: seed — роль по исходящему профилю, входящие извне не видны",0,True,0,1,0.0,54000.0,0,1,0.0002855692942172902,0.0,1.14e-08,-0.0,,0.0,54000.0,0,False,observed_forwarder,0.0,,,0,0,False,False,False,0.0,1,1877,False
100000008659445100,transit,0.55,43,0.3282,"seed: отдаёт 875 тыс. KZT на 4 получателей; входящие извне выборки не видны, роль по исходящему профилю","R3c.transit: seed — роль по исходящему профилю, входящие извне не видны",0,True,3,4,138490.0,875150.0,7,18,0.0024238038911821155,9.90734256935437e-07,0.0,0.0,6.319228825185934,0.0,736660.0,0,False,observed_forwarder,0.0,2.5,0.5178540821573444,2,1,False,False,False,0.5,5,6,False
100000008669037100,peripheral,0.3,-1,0.0216,"0 входящих и 0 исходящих переводов в выгрузке: seed без рёбер, переводы либо ниже порога 5 000 KZT, либо вне банка — роль не определяется",R0.peripheral: нет рёбер в выгрузке,0,True,0,0,0.0,0.0,0,0,0.0002855692942172902,0.0,-0.0,-0.0,,0.0,0.0,0,False,no_edges,,,,0,0,False,False,False,0.0,0,1,False
100000008673001100,terminal,0.9,18,0.2407,"получил 80 тыс. KZT, 1 перевод от 1 плательщика, из них seed: 1; исходящих переводов 0, они проверены обходом на колене 0","R4a.terminal: исходящих переводов нет, они проверены обходом (depth <= 3)",0,True,1,0,80000.0,0.0,1,0,0.0004689783107025104,0.0,-0.0,0.0,0.0,80000.0,0.0,1,False,observed_sink,1.0,,,1,1,False,False,False,0.0,0,1877,False
100000008680731100,distributor,1.0,11,0.1851,"веер на 27 получателей, 28 переводов на 1.5 млн KZT; seed — входящие извне выборки не видны",R1.distributor: out_deg >= 11,0,True,0,27,0.0,1464354.0,0,28,0.0002855692942172902,0.0,0.0005419654,-0.0,,0.0,1464354.0,0,False,observed_forwarder,0.0,,,0,0,False,False,False,0.0,93,1877,True
100000008701222100,peripheral,0.3,-1,0.0216,"0 входящих и 0 исходящих переводов в выгрузке: seed без рёбер, переводы либо ниже порога 5 000 KZT, либо вне банка — роль не определяется",R0.peripheral: нет рёбер в выгрузке,0,True,0,0,0.0,0.0,0,0,0.0002855692942172902,0.0,-0.0,-0.0,,0.0,0.0,0,False,no_edges,,,,0,0,False,False,False,0.0,0,1,False
100000008738325100,transit,0.55,18,0.2244,"seed: отдаёт 54 тыс. KZT на 1 получателя; входящие извне выборки не видны, роль по исходящему профилю","R3c.transit: seed — роль по исходящему профилю, входящие извне не видны",0,True,1,1,36550.0,54000.0,1,1,0.0005285862410602071,1.981468513870874e-07,1.2465e-06,0.0,1.4774281805745555,0.0,17450.0,1,False,observed_forwarder,0.0,,,1,1,False,False,False,0.0,1,1877,True
100000003134937100,terminal,0.65,3,0.2687,"получил 10 тыс. KZT, 1 перевод от 1 плательщика, из них seed: 1; исходящих переводов 0, они проверены обходом на колене 1; сумма ниже медианы графа 50 тыс. KZT — мелкий получатель","R4a.terminal: исходящих переводов нет, они проверены обходом (depth <= 3)",1,False,1,0,10286.0,0.0,1,0,0.00028667522491586535,0.0,-0.0,0.0002952416,0.0,10286.0,0.0,1,False,observed_sink,1.0,,,1,1,False,False,False,0.0,0,1877,False
100000005074393100,transit,0.6,10,0.6968,отдал 686 тыс. KZT на 6 получателей при поступлениях 563 тыс. KZT: 122 тыс. KZT пришло вне выборки (собраны только исходящие); удержания нет,"R3b.transit: pass_through > 1.2 — отдал больше, чем получил по данным, приток извне выборки",1,False,4,6,563026.0,685500.0,5,10,0.0010600834163353916,0.00021697080226886072,2.6167e-06,0.0007322919,1.2175281425724567,0.0,122474.0,1,False,observed_forwarder,0.0,3.5,0.06637490882567469,1,1,False,False,False,0.0,9,1877,True
100000001924185100,terminal,0.9,9,0.6047,"получил 151 тыс. KZT, 2 перевода от 2 плательщиков, из них seed: 2; исходящих переводов 0, они проверены обходом на колене 1","R4a.terminal: исходящих переводов нет, они проверены обходом (depth <= 3)",1,False,2,0,151000.0,0.0,2,0,0.00031021987602786454,0.0,-0.0,0.0005839676,0.0,151000.0,0.0,2,False,observed_sink,1.0,,,1,1,False,False,False,0.0,0,1877,False
100000004070318100,distributor,0.864,1,0.7399,"веер на 19 получателей, 37 переводов на 552 тыс. KZT; отдал на 345 тыс. KZT больше, чем получил в выборке",R1.distributor: out_deg >= 11,1,False,4,19,207246.55,551860.0,6,37,0.0003141223476175547,0.0020732651297362425,0.0049772182,0.0066553035,2.662818753798314,0.0,344613.45,1,False,observed_forwarder,0.0,1.0,0.5405972529264669,2,2,False,False,False,0.5,1595,1877,True
100000005807278100,terminal,0.65,46,0.2698,"получил 8 тыс. KZT, 1 перевод от 1 плательщика, из них seed: 1; исходящих переводов 0, они проверены обходом на колене 1; сумма ниже медианы графа 50 тыс. KZT — мелкий получатель","R4a.terminal: исходящих переводов нет, они проверены обходом (depth <= 3)",1,False,1,0,8385.0,0.0,1,0,0.00029295533223776195,0.0,-0.0,0.0,0.0,8385.0,0.0,1,False,observed_sink,1.0,,,1,1,False,False,False,0.0,0,6,False
100000003377795100,terminal,0.65,7,0.2491,"получил 7 тыс. KZT, 1 перевод от 1 плательщика, из них seed: 1; исходящих переводов 0, они проверены обходом на колене 1; сумма ниже медианы графа 50 тыс. KZT — мелкий получатель","R4a.terminal: исходящих переводов нет, они проверены обходом (depth <= 3)",1,False,1,0,7000.0,0.0,1,0,0.0002859706898885458,0.0,-0.0,4.3414e-06,0.0,7000.0,0.0,1,False,observed_sink,1.0,,,1,1,False,False,False,0.0,0,1877,False
100000004330371100,peripheral,0.5,3,0.7703,"вход 264 тыс. KZT от 2, выход 91 тыс. KZT на 2, пропуск 34% — смешанный профиль: плательщиков меньше 4, получателей меньше 11 | сквозной транзит за 1 дн. (65% суммы)",R5.peripheral,1,False,2,2,264171.0,90681.0,12,6,0.0012542719301566058,0.00033467003199279065,5.3589e-06,0.0002976022,0.3432662934235779,173490.0,0.0,1,False,observed_forwarder,0.0,1.0,0.6495296699418842,2,3,True,False,True,1.0,1595,1877,True
100000008165763100,coordinator,0.8,2,0.8812,"получает 1.2 млн KZT (топ-5% графа) от 15 плательщиков, из них seed: 1; 2 из них сами собирают от 4+ плательщиков; отдаёт дальше 109% | 4 плательщика в один день; сквозной транзит за 0 дн. (68% суммы)","R6.coordinator: >= 2 плательщиков-сборщиков (in_deg >= 4) либо >= 2 seed-плательщиков, при in_kzt в топ-5% (614 тыс. KZT) и не seed",1,False,15,17,1165815.0,1267858.0,26,17,0.0009102399259160779,0.00034529403323309597,0.0076608593,0.0009408998,1.087529324978663,0.0,102043.0,1,False,observed_forwarder,0.0,0.0,0.6805848919989462,4,4,True,True,True,1.0,33,1877,True
100000001684867100,terminal,0.65,3,0.3582,"получил 31 тыс. KZT, 1 перевод от 1 плательщика, из них seed: 1; исходящих переводов 0, они проверены обходом на колене 1; сумма ниже медианы графа 50 тыс. KZT — мелкий получатель","R4a.terminal: исходящих переводов нет, они проверены обходом (depth <= 3)",1,False,1,0,30550.0,0.0,1,0,0.0002888539707525294,0.0,-0.0,0.0002952416,0.0,30550.0,0.0,1,False,observed_sink,1.0,,,1,1,False,False,False,0.0,0,1877,False
100000003900547100,terminal,0.65,3,0.3284,"получил 24 тыс. KZT, 1 перевод от 1 плательщика, из них seed: 1; исходящих переводов 0, они проверены обходом на колене 1; сумма ниже медианы графа 50 тыс. KZT — мелкий получатель","R4a.terminal: исходящих переводов нет, они проверены обходом (depth <= 3)",1,False,1,0,23700.0,0.0,1,0,0.00028811747208587187,0.0,-0.0,0.0002952416,0.0,23700.0,0.0,1,False,observed_sink,1.0,,,1,1,False,False,False,0.0,0,1877,False
100000006656003100,peripheral,0.5,0,0.3867,"вход 20 тыс. KZT от 1, выход 9 тыс. KZT на 1, пропуск 45% — смешанный профиль: плательщиков меньше 4, получателей меньше 11 | сквозной транзит за 0 дн. (100% суммы)",R5.peripheral,1,False,1,1,20000.0,9000.0,1,1,0.00028976705994767336,0.0,0.0,0.0,0.45,11000.0,0.0,1,False,observed_forwarder,0.0,0.0,1.0,1,1,True,False,False,1.0,269,270,False
100000008237827100,terminal,0.65,2,0.3875,"получил 40 тыс. KZT, 1 перевод от 1 плательщика, из них seed: 1; исходящих переводов 0, они проверены обходом на колене 1; сумма ниже медианы графа 50 тыс. KZT — мелкий получатель","R4a.terminal: исходящих переводов нет, они проверены обходом (depth <= 3)",1,False,1,0,40001.0,0.0,1,0,0.0002935789518042098,0.0,-0.0,0.000461168,0.0,40001.0,0.0,1,False,observed_sink,1.0,,,1,1,False,False,False,0.0,0,1877,False
100000003014659100,terminal,0.9,9,0.5493,"получил 280 тыс. KZT, 1 перевод от 1 плательщика, из них seed: 1; исходящих переводов 0, они проверены обходом на колене 1","R4a.terminal: исходящих переводов нет, они проверены обходом (depth <= 3)",1,False,1,0,280000.0,0.0,1,0,0.0003280369433880586,0.0,-0.0,0.0001227996,0.0,280000.0,0.0,1,False,observed_sink,1.0,,,1,1,False,False,False,0.0,0,1877,False
100000007939160100,terminal,0.85,44,0.6433,"из 795 тыс. KZT дальше ушло только 2% (14 тыс. KZT на 2 получателей), осело 781 тыс. KZT — сумма остановилась здесь",R4b.terminal: дальше уходит не более 26% полученного — сумма осела,1,False,1,2,795000.0,14300.0,2,2,0.0006653456234025163,3.962937027741748e-07,0.0,0.0,0.017987421383647798,780700.0,0.0,1,False,observed_forwarder,0.0,,,1,1,False,False,False,0.0,5,6,True
100000007274584100,terminal,0.65,2,0.3821,"получил 38 тыс. KZT, 1 перевод от 1 плательщика, из них seed: 1; исходящих переводов 0, они проверены обходом на колене 1; сумма ниже медианы графа 50 тыс. KZT — мелкий получатель","R4a.terminal: исходящих переводов нет, они проверены обходом (depth <= 3)",1,False,1,0,38000.0,0.0,1,0,0.0002931782787002518,0.0,-0.0,0.000461168,0.0,38000.0,0.0,1,False,observed_sink,1.0,,,1,1,False,False,False,0.0,0,1877,False
100000001524952100,terminal,0.9,1,0.4802,"получил 104 тыс. KZT, 1 перевод от 1 плательщика, из них seed: 1; исходящих переводов 0, они проверены обходом на колене 1","R4a.terminal: исходящих переводов нет, они проверены обходом (depth <= 3)",1,False,1,0,103807.0,0.0,1,0,0.0003050489293103606,0.0,-0.0,0.0021516816,0.0,103807.0,0.0,1,False,observed_sink,1.0,,,1,1,False,False,False,0.0,0,1877,False
100000003131693100,terminal,0.9,2,0.567,"получил 353 тыс. KZT, 1 перевод от 1 плательщика, из них seed: 1; исходящих переводов 0, они проверены обходом на колене 1","R4a.terminal: исходящих переводов нет, они проверены обходом (depth <= 3)",1,False,1,0,353277.0,0.0,1,0,0.00035630822082748,0.0,-0.0,0.000461168,0.0,353277.0,0.0,1,False,observed_sink,1.0,,,1,1,False,False,False,0.0,0,1877,False
100000008383405100,terminal,0.65,23,0.3607,"получил 25 тыс. KZT, 2 перевода от 1 плательщика, из них seed: 1; исходящих переводов 0, они проверены обходом на колене 1; сумма ниже медианы графа 50 тыс. KZT — мелкий получатель","R4a.terminal: исходящих переводов нет, они проверены обходом (depth <= 3)",1,False,1,0,25000.0,0.0,2,0,0.0003060252661737647,0.0,-0.0,0.0,0.0,25000.0,0.0,1,False,observed_sink,1.0,,,1,1,False,False,False,0.0,0,1877,False
100000008736173100,terminal,0.65,0,0.3671,"получил 31 тыс. KZT, 1 перевод от 1 плательщика, из них seed: 1; исходящих переводов 0, они проверены обходом на колене 1; сумма ниже медианы графа 50 тыс. KZT — мелкий получатель","R4a.terminal: исходящих переводов нет, они проверены обходом (depth <= 3)",1,False,1,0,31060.0,0.0,1,0,0.00029208842439657525,0.0,-0.0,0.0,0.0,31060.0,0.0,1,False,observed_sink,1.0,,,1,1,False,False,False,0.0,0,270,False
100000002861485100,terminal,0.65,3,0.3511,"получил 29 тыс. KZT, 1 перевод от 1 плательщика, из них seed: 1; исходящих переводов 0, они проверены обходом на колене 1; сумма ниже медианы графа 50 тыс. KZT — мелкий получатель","R4a.terminal: исходящих переводов нет, они проверены обходом (depth <= 3)",1,False,1,0,29323.0,0.0,1,0,0.00028872204610085224,0.0,-0.0,0.0002952416,0.0,29323.0,0.0,1,False,observed_sink,1.0,,,1,1,False,False,False,0.0,0,1877,False
100000008745474100,terminal,0.65,0,0.3894,"получил 41 тыс. KZT, 1 перевод от 1 плательщика, из них seed: 1; исходящих переводов 0, они проверены обходом на колене 1; сумма ниже медианы графа 50 тыс. KZT — мелкий получатель","R4a.terminal: исходящих переводов нет, они проверены обходом (depth <= 3)",1,False,1,0,40559.0,0.0,1,0,0.00029408215323022076,0.0,-0.0,0.0,0.0,40559.0,0.0,1,False,observed_sink,1.0,,,1,1,False,False,False,0.0,0,270,False
100000008691330100,terminal,0.65,0,0.3276,"получил 21 тыс. KZT, 1 перевод от 1 плательщика, из них seed: 1; исходящих переводов 0, они проверены обходом на колене 1; сумма ниже медианы графа 50 тыс. KZT — мелкий получатель","R4a.terminal: исходящих переводов нет, они проверены обходом (depth <= 3)",1,False,1,0,21440.0,0.0,1,0,0.00029006929908026094,0.0,-0.0,0.0,0.0,21440.0,0.0,1,False,observed_sink,1.0,,,1,1,False,False,False,0.0,0,270,False
100000007639767100,transit,0.6,5,0.6635,отдал 822 тыс. KZT на 10 получателей при поступлениях 91 тыс. KZT: 731 тыс. KZT пришло вне выборки (собраны только исходящие); удержания нет,"R3b.transit: pass_through > 1.2 — отдал больше, чем получил по данным, приток извне выборки",1,False,4,10,90913.0,822244.0,4,13,0.0003014400392272213,0.002511221199648504,0.0025974459,0.0060259393,9.044295095310902,0.0,731331.0,1,False,observed_forwarder,0.0,6.0,0.0951663982953965,1,1,False,False,False,0.0,1595,1877,True
100000002921047100,peripheral,0.5,7,0.7406,"вход 338 тыс. KZT от 2, выход 163 тыс. KZT на 1, пропуск 48% — смешанный профиль: плательщиков меньше 4, получателей меньше 11 | сквозной транзит за 0 дн. (100% суммы)",R5.peripheral,1,False,2,1,338000.0,163000.02,2,1,0.00031704809387447764,2.159800680119253e-05,0.0,5.6176e-06,0.48224857988165676,174999.98,0.0,1,False,observed_forwarder,0.0,0.0,1.0,1,1,True,False,False,1.0,1,1877,True
100000004783447100,terminal,0.65,0,0.3502,"получил 26 тыс. KZT, 1 перевод от 1 плательщика, из них seed: 1; исходящих переводов 0, они проверены обходом на колене 1; сумма ниже медианы графа 50 тыс. KZT — мелкий получатель","R4a.terminal: исходящих переводов нет, они проверены обходом (depth <= 3)",1,False,1,0,26200.0,0.0,1,0,0.00029106836732409216,0.0,-0.0,0.0,0.0,26200.0,0.0,1,False,observed_sink,1.0,,,1,1,False,False,False,0.0,0,270,False
100000008696919100,terminal,0.65,0,0.3694,"получил 32 тыс. KZT, 1 перевод от 1 плательщика, из них seed: 1; исходящих переводов 0, они проверены обходом на колене 1; сумма ниже медианы графа 50 тыс. KZT — мелкий получатель","R4a.terminal: исходящих переводов нет, они проверены обходом (depth <= 3)",1,False,1,0,31945.0,0.0,1,0,0.0002922741755301447,0.0,-0.0,0.0,0.0,31945.0,0.0,1,False,observed_sink,1.0,,,1,1,False,False,False,0.0,0,270,False
100000008736940100,peripheral,0.5,43,0.7994,"вход 451 тыс. KZT от 3, выход 182 тыс. KZT на 3, пропуск 40% — смешанный профиль: плательщиков меньше 4, получателей меньше 11 | сквозной транзит за 0 дн. (100% суммы)",R5.peripheral,1,False,3,3,451090.0,182100.0,13,6,0.0024141567490764573,7.925874055483496e-07,0.0,0.0,0.40368884258130305,268990.0,0.0,1,False,observed_forwarder,0.0,0.0,1.0,2,2,True,False,False,1.0,5,6,False
100000005940652100,terminal,0.65,40,0.2575,"получил 8 тыс. KZT, 1 перевод от 1 плательщика, из них seed: 1; исходящих переводов 0, они проверены обходом на колене 1; сумма ниже медианы графа 50 тыс. KZT — мелкий получатель","R4a.terminal: исходящих переводов нет, они проверены обходом (depth <= 3)",1,False,1,0,8395.0,0.0,1,0,0.00028808836221548334,0.0,-0.0,1.42e-08,0.0,8395.0,0.0,1,False,observed_sink,1.0,,,1,1,False,False,False,0.0,0,1877,False
100000004180097100,peripheral,0.5,1,0.7091,"вход 105 тыс. KZT от 3, выход 48 тыс. KZT на 3, пропуск 46% — смешанный профиль: плательщиков меньше 4, получателей меньше 11 | сквозной транзит за 0 дн. (86% суммы)",R5.peripheral,1,False,3,3,104854.0,47800.0,5,7,0.0008565318930578556,0.0003136664657457594,7.6231e-06,0.0021866488,0.4558719743643542,57054.0,0.0,1,False,observed_forwarder,0.0,0.0,0.8577405857740585,1,1,True,False,False,0.8577405857740585,18,1877,True
100000005539201100,peripheral,0.5,3,0.3864,"вход 46 тыс. KZT от 1, выход 25 тыс. KZT на 1, пропуск 55% — смешанный профиль: плательщиков меньше 4, получателей меньше 11, пропуск вне зон транзита и осаждения",R5.peripheral,1,False,1,1,45504.0,25000.0,1,1,0.000290461795724967,4.197410801883135e-05,0.0,0.0002952416,0.5494022503516175,20504.0,0.0,1,False,observed_forwarder,0.0,,,1,1,False,False,False,0.0,4,1877,False
100000005620225100,terminal,0.65,1,0.4928,"получил 50 тыс. KZT, 2 перевода от 2 плательщиков, из них seed: 1; исходящих переводов 0, они проверены обходом на колене 1; сумма ниже медианы графа 50 тыс. KZT — мелкий получатель","R4a.terminal: исходящих переводов нет, они проверены обходом (depth <= 3)",1,False,2,0,49845.66,0.0,2,0,0.0002962362431450003,0.0,-0.0,0.0027944973,0.0,49845.66,0.0,1,False,observed_sink,1.0,,,1,1,False,False,False,0.0,0,1877,False
100000004388353100,terminal,0.9,9,0.5404,"получил 63 тыс. KZT, 2 перевода от 2 плательщиков, из них seed: 1; исходящих переводов 0, они проверены обходом на колене 1","R4a.terminal: исходящих переводов нет, они проверены обходом (depth <= 3)",1,False,2,0,62960.0,0.0,2,0,0.000340759074079163,0.0,-0.0,0.0001519015,0.0,62960.0,0.0,1,False,observed_sink,1.0,,,1,1,False,False,False,0.0,0,1877,False
100000007442518100,transit,0.6,30,0.8116,отдал 4.4 млн KZT на 9 получателей при поступлениях 510 тыс. KZT: 3.9 млн KZT пришло вне выборки (собраны только исходящие); удержания нет | сквозной транзит за 2 дн. (90% суммы),"R3b.transit: pass_through > 1.2 — отдал больше, чем получил по данным, приток извне выборки",1,False,5,9,510000.0,4419999.0,8,12,0.000648773224650621,0.0002522409418157623,2.08022e-05,0.0054932568,8.666664705882352,0.0,3909999.0,1,False,observed_forwarder,0.0,2.0,0.8993212441903268,1,2,True,False,False,0.8993212441903268,13,1877,True
100000000267734100,transit,0.6,7,0.6222,отдал 282 тыс. KZT на 7 получателей при поступлениях 180 тыс. KZT: 102 тыс. KZT пришло вне выборки (собраны только исходящие); удержания нет,"R3b.transit: pass_through > 1.2 — отдал больше, чем получил по данным, приток извне выборки",1,False,2,7,180000.0,282000.0,4,8,0.0005373190777888414,3.5666433249675733e-06,0.0,4.3764e-06,1.5666666666666667,0.0,102000.0,1,False,observed_forwarder,0.0,7.5,0.4148936170212766,1,1,False,False,False,0.0,10,1877,True
100000001987030100,peripheral,0.5,14,0.4462,"вход 31 тыс. KZT от 2, выход 19 тыс. KZT на 1, пропуск 62% — смешанный профиль: плательщиков меньше 4, получателей меньше 11, пропуск вне зон транзита и осаждения",R5.peripheral,1,False,2,1,30864.0,19000.0,2,1,0.0002938727535543698,5.706629319948117e-05,1.8969e-06,0.000330918,0.6156039398652151,11864.0,0.0,1,False,observed_forwarder,0.0,13.0,0.0,1,1,False,False,False,0.0,3,1877,False
100000002603478100,terminal,0.65,11,0.331,"получил 24 тыс. KZT, 1 перевод от 1 плательщика, из них seed: 1; исходящих переводов 0, они проверены обходом на колене 1; сумма ниже медианы графа 50 тыс. KZT — мелкий получатель","R4a.terminal: исходящих переводов нет, они проверены обходом (depth <= 3)",1,False,1,0,23500.0,0.0,1,0,0.00028946923798144053,0.0,-0.0,1.01e-05,0.0,23500.0,0.0,1,False,observed_sink,1.0,,,1,1,False,False,False,0.0,0,1877,False
100000001380054100,transit,0.6,29,0.6389,отдал 360 тыс. KZT на 3 получателей при поступлениях 127 тыс. KZT: 233 тыс. KZT пришло вне выборки (собраны только исходящие); удержания нет,"R3b.transit: pass_through > 1.2 — отдал больше, чем получил по данным, приток извне выборки",1,False,2,3,127050.0,360000.0,2,4,0.0007164305424822346,2.774055919419224e-06,0.0,0.0,2.833530106257379,0.0,232950.0,1,False,observed_forwarder,0.0,3.5,0.5555555555555556,1,1,False,False,False,0.0,12,13,True
100000002992171100,terminal,0.65,0,0.2874,"получил 15 тыс. KZT, 1 перевод от 1 плательщика, из них seed: 1; исходящих переводов 0, они проверены обходом на колене 1; сумма ниже медианы графа 50 тыс. KZT — мелкий получатель","R4a.terminal: исходящих переводов нет, они проверены обходом (depth <= 3)",1,False,1,0,14627.0,0.0,1,0,0.0002886393301842059,0.0,-0.0,0.0,0.0,14627.0,0.0,1,False,observed_sink,1.0,,,1,1,False,False,False,0.0,0,270,False
100000002781227100,transit,0.722,62,0.7217,"пропускает 111% полученного: вход 191 тыс. KZT от 2, выход 212 тыс. KZT на 3, деньги лежат 2 дн. | сквозной транзит за 2 дн. (81% суммы)","R3a.transit: pass_through в [0.8, 1.2] — прошло почти всё полученное",1,False,2,3,191167.62,212420.0,8,10,0.0023265921896669477,0.00013295653728073565,2.6559e-06,0.0,1.1111714421092862,0.0,21252.380000000005,1,False,observed_forwarder,0.0,1.5,0.8116938141417945,1,2,True,False,False,0.8116938141417945,336,1877,True
100000008745643100,terminal,0.65,0,0.324,"получил 20 тыс. KZT, 1 перевод от 1 плательщика, из них seed: 1; исходящих переводов 0, они проверены обходом на колене 1; сумма ниже медианы графа 50 тыс. KZT — мелкий получатель","R4a.terminal: исходящих переводов нет, они проверены обходом (depth <= 3)",1,False,1,0,20313.0,0.0,1,0,0.0002898327549813539,0.0,-0.0,0.0,0.0,20313.0,0.0,1,False,observed_sink,1.0,,,1,1,False,False,False,0.0,0,270,False
100000002836736100,terminal,0.9,7,0.7286,"получил 509 тыс. KZT, 2 перевода от 2 плательщиков, из них seed: 1; исходящих переводов 0, они проверены обходом на колене 1","R4a.terminal: исходящих переводов нет, они проверены обходом (depth <= 3)",1,False,2,0,509000.0,0.0,2,0,0.0004517900546889046,0.0,-0.0,5.4522e-06,0.0,509000.0,0.0,1,False,observed_sink,1.0,,,2,1,False,False,False,0.5,0,1877,False
100000004188160100,transit,0.6,3,0.5656,отдал 134 тыс. KZT на 5 получателей при поступлениях 88 тыс. KZT: 46 тыс. KZT пришло вне выборки (собраны только исходящие); удержания нет,"R3b.transit: pass_through > 1.2 — отдал больше, чем получил по данным, приток извне выборки",1,False,2,5,87862.0,133846.0,5,6,0.0002968274021349173,0.002460104826647164,9.60931e-05,0.000330918,1.5233661878855478,0.0,45984.0,1,False,observed_forwarder,0.0,0.5,0.38653377762503177,1,1,False,False,False,0.0,1595,1877,True
100000004841728100,terminal,0.9,0,0.4223,"получил 52 тыс. KZT, 1 перевод от 1 плательщика, из них seed: 1; исходящих переводов 0, они проверены обходом на колене 1","R4a.terminal: исходящих переводов нет, они проверены обходом (depth <= 3)",1,False,1,0,52208.0,0.0,1,0,0.00029652714187988245,0.0,-0.0,0.0,0.0,52208.0,0.0,1,False,observed_sink,1.0,,,1,1,False,False,False,0.0,0,270,False
100000001554432100,terminal,0.9,2,0.4251,"получил 54 тыс. KZT, 1 перевод от 1 плательщика, из них seed: 1; исходящих переводов 0, они проверены обходом на колене 1","R4a.terminal: исходящих переводов нет, они проверены обходом (depth <= 3)",1,False,1,0,53920.0,0.0,1,0,0.00029636604272574514,0.0,-0.0,0.000461168,0.0,53920.0,0.0,1,False,observed_sink,1.0,,,1,1,False,False,False,0.0,0,1877,False
100000008768896100,terminal,0.65,0,0.4032,"получил 47 тыс. KZT, 1 перевод от 1 плательщика, из них seed: 1; исходящих переводов 0, они проверены обходом на колене 1; сумма ниже медианы графа 50 тыс. KZT — мелкий получатель","R4a.terminal: исходящих переводов нет, они проверены обходом (depth <= 3)",1,False,1,0,47060.0,0.0,1,0,0.0002954466369808818,0.0,-0.0,0.0,0.0,47060.0,0.0,1,False,observed_sink,1.0,,,1,1,False,False,False,0.0,0,270,False
100000008232832100,peripheral,0.5,40,0.5881,"вход 337 тыс. KZT от 1, выход 138 тыс. KZT на 1, пропуск 41% — смешанный профиль: плательщиков меньше 4, получателей меньше 11, пропуск вне зон транзита и осаждения",R5.peripheral,1,False,1,1,337000.0,138000.0,2,1,0.0004942271899045263,0.0,1.23245e-05,9.952e-07,0.4094955489614243,199000.0,0.0,1,False,observed_forwarder,0.0,,,1,2,False,False,False,0.5,1,1877,False
100000002864256100,terminal,0.9,2,0.4982,"получил 136 тыс. KZT, 1 перевод от 1 плательщика, из них seed: 1; исходящих переводов 0, они проверены обходом на колене 1","R4a.terminal: исходящих переводов нет, они проверены обходом (depth <= 3)",1,False,1,0,135780.0,0.0,1,0,0.00031275739719351445,0.0,-0.0,0.000461168,0.0,135780.0,0.0,1,False,observed_sink,1.0,,,1,1,False,False,False,0.0,0,1877,False
100000001929088100,terminal,0.9,7,0.6635,"получил 396 тыс. KZT, 2 перевода от 2 плательщиков, из них seed: 2; исходящих переводов 0, они проверены обходом на колене 1","R4a.terminal: исходящих переводов нет, они проверены обходом (depth <= 3)",1,False,2,0,396010.0,0.0,2,0,0.0003175873990634118,0.0,-0.0,2.70892e-05,0.0,396010.0,0.0,2,False,observed_sink,1.0,,,1,1,False,False,False,0.0,0,1877,False
100000002794197100,terminal,0.65,7,0.3527,"получил 30 тыс. KZT, 1 перевод от 1 плательщика, из них seed: 1; исходящих переводов 0, они проверены обходом на колене 1; сумма ниже медианы графа 50 тыс. KZT — мелкий получатель","R4a.terminal: исходящих переводов нет, они проверены обходом (depth <= 3)",1,False,1,0,30100.0,0.0,1,0,0.00028729529560368917,0.0,-0.0,4.3414e-06,0.0,30100.0,0.0,1,False,observed_sink,1.0,,,1,1,False,False,False,0.0,0,1877,False
100000005669845100,terminal,0.65,29,0.3458,"получил 20 тыс. KZT, 1 перевод от 1 плательщика, из них seed: 1; исходящих переводов 0, они проверены обходом на колене 1; сумма ниже медианы графа 50 тыс. KZT — мелкий получатель","R4a.terminal: исходящих переводов нет, они проверены обходом (depth <= 3)",1,False,1,0,20000.0,0.0,1,0,0.00031753584489255785,0.0,-0.0,0.0,0.0,20000.0,0.0,1,False,observed_sink,1.0,,,1,1,False,False,False,0.0,0,13,False
100000002211413100,terminal,0.65,0,0.3806,"получил 37 тыс. KZT, 1 перевод от 1 плательщика, из них seed: 1; исходящих переводов 0, они проверены обходом на колене 1; сумма ниже медианы графа 50 тыс. KZT — мелкий получатель","R4a.terminal: исходящих переводов нет, они проверены обходом (depth <= 3)",1,False,1,0,37000.0,0.0,1,0,0.00029333516081849907,0.0,-0.0,0.0,0.0,37000.0,0.0,1,False,observed_sink,1.0,,,1,1,False,False,False,0.0,0,270,False
100000002784085100,terminal,0.9,8,0.5209,"получил 200 тыс. KZT, 1 перевод от 1 плательщика, из них seed: 1; исходящих переводов 0, они проверены обходом на колене 1","R4a.terminal: исходящих переводов нет, они проверены обходом (depth <= 3)",1,False,1,0,200000.0,0.0,1,0,0.0003070479617173757,0.0,-0.0,2.27478e-05,0.0,200000.0,0.0,1,False,observed_sink,1.0,,,1,1,False,False,False,0.0,0,1877,False
100000008782421100,terminal,0.65,0,0.4082,"получил 50 тыс. KZT, 1 перевод от 1 плательщика, из них seed: 1; исходящих переводов 0, они проверены обходом на колене 1; сумма ниже медианы графа 50 тыс. KZT — мелкий получатель","R4a.terminal: исходящих переводов нет, они проверены обходом (depth <= 3)",1,False,1,0,49680.0,0.0,1,0,0.00029599654429156205,0.0,-0.0,0.0,0.0,49680.0,0.0,1,False,observed_sink,1.0,,,1,1,False,False,False,0.0,0,270,False
100000003739818100,terminal,0.9,2,0.431,"получил 57 тыс. KZT, 1 перевод от 1 плательщика, из них seed: 1; исходящих переводов 0, они проверены обходом на колене 1","R4a.terminal: исходящих переводов нет, они проверены обходом (depth <= 3)",1,False,1,0,57293.0,0.0,1,0,0.00029704144021682486,0.0,-0.0,0.000461168,0.0,57293.0,0.0,1,False,observed_sink,1.0,,,1,1,False,False,False,0.0,0,1877,False
100000002214570100,terminal,0.65,0,0.3515,"получил 26 тыс. KZT, 1 перевод от 1 плательщика, из них seed: 1; исходящих переводов 0, они проверены обходом на колене 1; сумма ниже медианы графа 50 тыс. KZT — мелкий получатель","R4a.terminal: исходящих переводов нет, они проверены обходом (depth <= 3)",1,False,1,0,26471.0,0.0,1,0,0.00029112524704973884,0.0,-0.0,0.0,0.0,26471.0,0.0,1,False,observed_sink,1.0,,,1,1,False,False,False,0.0,0,270,False
100000006443391100,transit,0.679,8,0.7211,"пропускает 69% полученного: вход 87 тыс. KZT от 3, выход 60 тыс. KZT на 2, деньги лежат 0 дн. | сквозной транзит за 0 дн. (89% суммы); дробление: 7 поступлений по 12 тыс. в среднем",R3d.transit: >=60% исходящих в пределах 2 суток после поступления,1,False,3,2,86775.93,60041.71000000001,7,6,0.0024195077535015346,1.1888811083225246e-06,0.0,2.3116e-05,0.6919166409394865,26734.219999999987,0.0,1,False,observed_forwarder,0.0,0.0,0.8944885147341739,1,1,True,False,True,0.8944885147341739,3,1877,True
100000005473151100,terminal,0.816,8,0.8494,"из 1.2 млн KZT дальше ушло только 18% (225 тыс. KZT на 4 получателей), осело 995 тыс. KZT — сумма остановилась здесь | сквозной транзит за 0 дн. (91% суммы)",R4b.terminal: дальше уходит не более 26% полученного — сумма осела,1,False,3,4,1220000.0,225000.0,4,6,0.0004682674337196505,0.00024159762522697013,0.0,6.248e-06,0.18442622950819673,995000.0,0.0,1,False,observed_forwarder,0.0,0.0,0.9111111111111111,2,2,True,False,False,0.9111111111111111,12,1877,True
100000005124479100,terminal,0.84,1,0.614,"из 138 тыс. KZT дальше ушло только 16% (22 тыс. KZT на 2 получателей), осело 116 тыс. KZT — сумма остановилась здесь",R4b.terminal: дальше уходит не более 26% полученного — сумма осела,1,False,2,2,137753.0,22000.0,2,2,0.00030323005398091857,4.755524433290098e-05,0.0,0.0015931064,0.15970614070110994,115753.0,0.0,1,False,observed_forwarder,0.0,4.0,0.0,1,1,False,False,False,0.0,2,1877,True
100000005527892100,transit,0.6,19,0.7185,отдал 552 тыс. KZT на 8 получателей при поступлениях 220 тыс. KZT: 332 тыс. KZT пришло вне выборки (собраны только исходящие); удержания нет | сквозной транзит за 2 дн. (62% суммы),"R3b.transit: pass_through > 1.2 — отдал больше, чем получил по данным, приток извне выборки",1,False,3,8,220001.0,552419.0,3,8,0.00031243167214621,0.0004955713375099349,3.0609e-06,0.0030873353,2.510984040981632,0.0,332418.0,1,False,observed_forwarder,0.0,1.5,0.6232949989048168,1,1,True,False,False,0.6232949989048168,71,1877,True
100000008028628100,terminal,0.9,0,0.4313,"получил 57 тыс. KZT, 1 перевод от 1 плательщика, из них seed: 1; исходящих переводов 0, они проверены обходом на колене 1","R4a.terminal: исходящих переводов нет, они проверены обходом (depth <= 3)",1,False,1,0,57224.0,0.0,1,0,0.0002975799415250626,0.0,-0.0,0.0,0.0,57224.0,0.0,1,False,observed_sink,1.0,,,1,1,False,False,False,0.0,0,270,False
100000001953577100,terminal,0.65,0,0.2961,"получил 16 тыс. KZT, 1 перевод от 1 плательщика, из них seed: 1; исходящих переводов 0, они проверены обходом на колене 1; сумма ниже медианы графа 50 тыс. KZT — мелкий получатель","R4a.terminal: исходящих переводов нет, они проверены обходом (depth <= 3)",1,False,1,0,15600.0,0.0,1,0,0.0002888435514869891,0.0,-0.0,0.0,0.0,15600.0,0.0,1,False,observed_sink,1.0,,,1,1,False,False,False,0.0,0,270,False
100000008193577100,transit,0.6,43,0.7562,отдал 480 тыс. KZT на 5 получателей при поступлениях 154 тыс. KZT: 326 тыс. KZT пришло вне выборки (собраны только исходящие); удержания нет | дробление: 3 перевода от одного плательщика за день,"R3b.transit: pass_through > 1.2 — отдал больше, чем получил по данным, приток извне выборки",1,False,2,5,154300.0,480180.0,6,16,0.0012389478209868744,9.90734256935437e-07,0.0,0.0,3.1119896305897603,0.0,325880.0,1,False,observed_forwarder,0.0,3.0,0.10410679328585114,1,3,False,False,True,1.0,5,6,True
100000008753193100,terminal,0.65,0,0.3775,"получил 35 тыс. KZT, 1 перевод от 1 плательщика, из них seed: 1; исходящих переводов 0, они проверены обходом на колене 1; сумма ниже медианы графа 50 тыс. KZT — мелкий получатель","R4a.terminal: исходящих переводов нет, они проверены обходом (depth <= 3)",1,False,1,0,35225.0,0.0,1,0,0.00029296260910992755,0.0,-0.0,0.0,0.0,35225.0,0.0,1,False,observed_sink,1.0,,,1,1,False,False,False,0.0,0,270,False
100000008746025100,terminal,0.65,0,0.3287,"получил 22 тыс. KZT, 1 перевод от 1 плательщика, из них seed: 1; исходящих переводов 0, они проверены обходом на колене 1; сумма ниже медианы графа 50 тыс. KZT — мелкий получатель","R4a.terminal: исходящих переводов нет, они проверены обходом (depth <= 3)",1,False,1,0,22000.0,0.0,1,0,0.0002901868365207117,0.0,-0.0,0.0,0.0,22000.0,0.0,1,False,observed_sink,1.0,,,1,1,False,False,False,0.0,0,270,False
100000002934441100,terminal,0.9,1,0.5771,"получил 61 тыс. KZT, 2 перевода от 2 плательщиков, из них seed: 1; исходящих переводов 0, они проверены обходом на колене 1","R4a.terminal: исходящих переводов нет, они проверены обходом (depth <= 3)",1,False,2,0,60845.6,0.0,2,0,0.00030248130107500483,0.0,-0.0,0.0027944973,0.0,60845.6,0.0,1,False,observed_sink,1.0,,,2,1,False,False,False,0.5,0,1877,False
100000003701161100,consolidator,0.5,22,0.9313,"сходятся 4 плательщика (seed: 1) на 3 получателей; получено 1.5 млн KZT, отдано дальше 23%, осело 1.2 млн KZT | сквозной транзит за 1 дн. (100% суммы)","R2.consolidator: in_deg >= 4 и out_deg <= max(2, in_deg/2)",1,False,4,3,1527103.0,349000.0,13,7,0.0016488161626324771,0.00021300786524111896,2.7773e-06,0.0003935192,0.22853730232996727,1178103.0,0.0,1,False,observed_forwarder,0.0,1.0,1.0,2,2,True,False,False,1.0,11,1877,True
100000006707582100,distributor,0.636,9,0.7899,"веер на 14 получателей, 15 переводов на 961 тыс. KZT; отдал на 922 тыс. KZT больше, чем получил в выборке | сквозной транзит за 1 дн. (95% суммы)",R1.distributor: out_deg >= 11,1,False,2,14,39520.0,961138.0,2,15,0.0005380556485142938,0.00036346737439438065,0.0012464162,2.29297e-05,24.320293522267207,0.0,921618.0,1,False,observed_forwarder,0.0,1.0,0.9479783340165512,1,1,True,False,False,0.9479783340165512,1658,1877,True
100000003239379100,terminal,0.9,11,0.4653,"получил 92 тыс. KZT, 1 перевод от 1 плательщика, из них seed: 1; исходящих переводов 0, они проверены обходом на колене 1","R4a.terminal: исходящих переводов нет, они проверены обходом (depth <= 3)",1,False,1,0,92500.0,0.0,1,0,0.00030092013669320096,0.0,-0.0,1.01e-05,0.0,92500.0,0.0,1,False,observed_sink,1.0,,,1,1,False,False,False,0.0,0,1877,False
100000000979923100,terminal,0.9,9,0.4693,"получил 98 тыс. KZT, 1 перевод от 1 плательщика, из них seed: 1; исходящих переводов 0, они проверены обходом на колене 1","R4a.terminal: исходящих переводов нет, они проверены обходом (depth <= 3)",1,False,1,0,97900.0,0.0,1,0,0.00030041780440949814,0.0,-0.0,0.0001227996,0.0,97900.0,0.0,1,False,observed_sink,1.0,,,1,1,False,False,False,0.0,0,1877,False
100000001111763100,terminal,0.65,0,0.3033,"получил 17 тыс. KZT, 1 перевод от 1 плательщика, из них seed: 1; исходящих переводов 0, они проверены обходом на колене 1; сумма ниже медианы графа 50 тыс. KZT — мелкий получатель","R4a.terminal: исходящих переводов нет, они проверены обходом (depth <= 3)",1,False,1,0,17144.0,0.0,1,0,0.0002891676190013747,0.0,-0.0,0.0,0.0,17144.0,0.0,1,False,observed_sink,1.0,,,1,1,False,False,False,0.0,0,270,False
100000003865939100,terminal,0.9,68,0.4856,"получил 81 тыс. KZT, 1 перевод от 1 плательщика, из них seed: 1; исходящих переводов 0, они проверены обходом на колене 1","R4a.terminal: исходящих переводов нет, они проверены обходом (depth <= 3)",1,False,1,0,81465.0,0.0,1,0,0.0005285862410602071,0.0,-0.0,0.0,0.0,81465.0,0.0,1,False,observed_sink,1.0,,,1,1,False,False,False,0.0,0,2,False
100000002858835100,terminal,0.65,0,0.3392,"получил 24 тыс. KZT, 1 перевод от 1 плательщика, из них seed: 1; исходящих переводов 0, они проверены обходом на колене 1; сумма ниже медианы графа 50 тыс. KZT — мелкий получатель","R4a.terminal: исходящих переводов нет, они проверены обходом (depth <= 3)",1,False,1,0,24400.0,0.0,1,0,0.0002906905684083577,0.0,-0.0,0.0,0.0,24400.0,0.0,1,False,observed_sink,1.0,,,1,1,False,False,False,0.0,0,270,False
100000003404627100,consolidator,0.6,40,0.8833,"сходятся 4 плательщика (seed: 1) на 0 получателей; получено 878 тыс. KZT, отдано дальше 0%, осело 878 тыс. KZT | 3 плательщика в один день","R2.consolidator: in_deg >= 4 и out_deg <= max(2, in_deg/2)",1,False,4,0,877700.0,0.0,5,0,0.001378577712565679,0.0,-0.0,2.89561e-05,0.0,877700.0,0.0,1,False,observed_sink,1.0,,,3,2,False,True,False,1.0,0,1877,False
100000008691027100,terminal,0.65,0,0.3063,"получил 18 тыс. KZT, 1 перевод от 1 плательщика, из них seed: 1; исходящих переводов 0, они проверены обходом на колене 1; сумма ниже медианы графа 50 тыс. KZT — мелкий получатель","R4a.terminal: исходящих переводов нет, они проверены обходом (depth <= 3)",1,False,1,0,17534.0,0.0,1,0,0.00028924947543311713,0.0,-0.0,0.0,0.0,17534.0,0.0,1,False,observed_sink,1.0,,,1,1,False,False,False,0.0,0,270,False
100000004071080100,consolidator,1.0,1,0.8878,"сходятся 9 плательщиков (seed: 1) на 2 получателей; получено 239 тыс. KZT, отдано дальше 19%, осело 192 тыс. KZT | сквозной транзит за 0 дн. (87% суммы)","R2.consolidator: in_deg >= 4 и out_deg <= max(2, in_deg/2)",1,False,9,2,238600.0,46500.0,16,5,0.0013690045738923406,2.813685289696641e-05,0.0002780091,0.0092630539,0.19488683989941324,192100.0,0.0,1,False,observed_forwarder,0.0,0.0,0.8709677419354839,2,3,True,False,True,1.0,2,1877,True
100000002864680100,terminal,0.9,11,0.4269,"получил 56 тыс. KZT, 1 перевод от 1 плательщика, из них seed: 1; исходящих переводов 0, они проверены обходом на колене 1","R4a.terminal: исходящих переводов нет, они проверены обходом (depth <= 3)",1,False,1,0,55932.0,0.0,1,0,0.0002948514922860755,0.0,-0.0,1.01e-05,0.0,55932.0,0.0,1,False,observed_sink,1.0,,,1,1,False,False,False,0.0,0,1877,False
100000001330685100,coordinator,0.9,6,0.8896,"получает 2.4 млн KZT (топ-5% графа) от 3 плательщиков, из них seed: 1; 3 из них сами собирают от 4+ плательщиков; отдаёт дальше 4%","R6.coordinator: >= 2 плательщиков-сборщиков (in_deg >= 4) либо >= 2 seed-плательщиков, при in_kzt в топ-5% (614 тыс. KZT) и не seed",1,False,3,1,2435923.0,100500.0,7,1,0.00043821602588479746,1.922024458454748e-05,0.0,0.0062297631,0.04125746175063826,2335423.0,0.0,1,False,observed_forwarder,0.0,,,2,2,False,False,False,0.5,1,1877,True
100000008745725100,terminal,0.65,0,0.4032,"получил 47 тыс. KZT, 1 перевод от 1 плательщика, из них seed: 1; исходящих переводов 0, они проверены обходом на колене 1; сумма ниже медианы графа 50 тыс. KZT — мелкий получатель","R4a.terminal: исходящих переводов нет, они проверены обходом (depth <= 3)",1,False,1,0,47060.0,0.0,1,0,0.0002954466369808818,0.0,-0.0,0.0,0.0,47060.0,0.0,1,False,observed_sink,1.0,,,1,1,False,False,False,0.0,0,270,False
100000002621949100,terminal,0.9,2,0.5135,"получил 165 тыс. KZT, 1 перевод от 1 плательщика, из них seed: 1; исходящих переводов 0, они проверены обходом на колене 1","R4a.terminal: исходящих переводов нет, они проверены обходом (depth <= 3)",1,False,1,0,164612.0,0.0,1,0,0.00031853061405174465,0.0,-0.0,0.000461168,0.0,164612.0,0.0,1,False,observed_sink,1.0,,,1,1,False,False,False,0.0,0,1877,False
100000007908818100,coordinator,1.0,2,0.9059,"получает 727 тыс. KZT (топ-5% графа) от 4 плательщиков, из них seed: 2; 4 из них сами собирают от 4+ плательщиков; отдаёт дальше 42%","R6.coordinator: >= 2 плательщиков-сборщиков (in_deg >= 4) либо >= 2 seed-плательщиков, при in_kzt в топ-5% (614 тыс. KZT) и не seed",1,False,4,6,727475.0,302000.0,4,13,0.00047538119204737516,0.00017753957884283033,0.0,0.0008570152,0.4151345407058662,425475.0,0.0,2,False,observed_forwarder,0.0,2.0,0.04966887417218543,2,1,False,False,False,0.5,7,1877,True
100000008691495100,terminal,0.65,0,0.3532,"получил 27 тыс. KZT, 1 перевод от 1 плательщика, из них seed: 1; исходящих переводов 0, они проверены обходом на колене 1; сумма ниже медианы графа 50 тыс. KZT — мелкий получатель","R4a.terminal: исходящих переводов нет, они проверены обходом (depth <= 3)",1,False,1,0,27000.0,0.0,1,0,0.0002912362779533075,0.0,-0.0,0.0,0.0,27000.0,0.0,1,False,observed_sink,1.0,,,1,1,False,False,False,0.0,0,270,False
100000003832231100,terminal,0.65,2,0.3759,"получил 35 тыс. KZT, 1 перевод от 1 плательщика, из них seed: 1; исходящих переводов 0, они проверены обходом на колене 1; сумма ниже медианы графа 50 тыс. KZT — мелкий получатель","R4a.terminal: исходящих переводов нет, они проверены обходом (depth <= 3)",1,False,1,0,35000.0,0.0,1,0,0.00029257756939896534,0.0,-0.0,0.000461168,0.0,35000.0,0.0,1,False,observed_sink,1.0,,,1,1,False,False,False,0.0,0,1877,False
100000002371751100,transit,0.6,60,0.6315,отдал 250 тыс. KZT на 1 получателя при поступлениях 200 тыс. KZT: 50 тыс. KZT пришло вне выборки (собраны только исходящие); удержания нет | сквозной транзит за 1 дн. (100% суммы),"R3b.transit: pass_through > 1.2 — отдал больше, чем получил по данным, приток извне выборки",1,False,1,1,200000.0,250000.0,5,1,0.0005285862410602071,1.981468513870874e-07,0.0,0.0,1.25,0.0,50000.0,1,False,observed_forwarder,0.0,1.0,1.0,1,3,True,False,True,1.0,1,3,True
100000002894076100,coordinator,0.8,7,0.9102,"получает 1.1 млн KZT (топ-5% графа) от 4 плательщиков, из них seed: 2; 1 из них сами собирают от 4+ плательщиков; отдаёт дальше 0% | 3 плательщика в один день","R6.coordinator: >= 2 плательщиков-сборщиков (in_deg >= 4) либо >= 2 seed-плательщиков, при in_kzt в топ-5% (614 тыс. KZT) и не seed",1,False,4,0,1122782.0,0.0,6,0,0.00038267994337591447,0.0,-0.0,0.000130281,0.0,1122782.0,0.0,2,False,observed_sink,1.0,,,3,2,False,True,False,1.0,0,1877,False
100000001362940100,terminal,0.9,2,0.4569,"получил 81 тыс. KZT, 1 перевод от 1 плательщика, из них seed: 1; исходящих переводов 0, они проверены обходом на колене 1","R4a.terminal: исходящих переводов нет, они проверены обходом (depth <= 3)",1,False,1,0,81000.0,0.0,1,0,0.0003017884453520241,0.0,-0.0,0.000461168,0.0,81000.0,0.0,1,False,observed_sink,1.0,,,1,1,False,False,False,0.0,0,1877,False
100000008741372100,terminal,0.65,0,0.3787,"получил 36 тыс. KZT, 1 перевод от 1 плательщика, из них seed: 1; исходящих переводов 0, они проверены обходом на колене 1; сумма ниже медианы графа 50 тыс. KZT — мелкий получатель","R4a.terminal: исходящих переводов нет, они проверены обходом (depth <= 3)",1,False,1,0,35975.0,0.0,1,0,0.00029312002532481696,0.0,-0.0,0.0,0.0,35975.0,0.0,1,False,observed_sink,1.0,,,1,1,False,False,False,0.0,0,270,False
100000002618492100,terminal,0.9,9,0.6434,"получил 296 тыс. KZT, 2 перевода от 2 плательщиков, из них seed: 1; исходящих переводов 0, они проверены обходом на колене 1","R4a.terminal: исходящих переводов нет, они проверены обходом (depth <= 3)",1,False,2,0,296500.0,0.0,2,0,0.00036902681066638786,0.0,-0.0,0.0001460277,0.0,296500.0,0.0,1,False,observed_sink,1.0,,,1,1,False,False,False,0.0,0,1877,False
100000002750332100,terminal,0.65,8,0.2716,"получил 11 тыс. KZT, 1 перевод от 1 плательщика, из них seed: 1; исходящих переводов 0, они проверены обходом на колене 1; сумма ниже медианы графа 50 тыс. KZT — мелкий получатель","R4a.terminal: исходящих переводов нет, они проверены обходом (depth <= 3)",1,False,1,0,11360.0,0.0,1,0,0.00028678928253129504,0.0,-0.0,2.27478e-05,0.0,11360.0,0.0,1,False,observed_sink,1.0,,,1,1,False,False,False,0.0,0,1877,False
100000004948177100,terminal,0.9,3,0.7334,"получил 437 тыс. KZT, 8 переводов от 3 плательщиков, из них seed: 1; исходящих переводов 0, они проверены обходом на колене 1","R4a.terminal: исходящих переводов нет, они проверены обходом (depth <= 3)",1,False,3,0,437163.0,0.0,8,0,0.0004221580715489715,0.0,-0.0,0.0003298403,0.0,437163.0,0.0,1,False,observed_sink,1.0,,,1,2,False,False,False,0.5,0,1877,False
100000002511825100,terminal,0.9,1,0.4392,"получил 65 тыс. KZT, 1 перевод от 1 плательщика, из них seed: 1; исходящих переводов 0, они проверены обходом на колене 1","R4a.terminal: исходящих переводов нет, они проверены обходом (depth <= 3)",1,False,1,0,65000.0,0.0,1,0,0.0002977667017240053,0.0,-0.0,0.0021516816,0.0,65000.0,0.0,1,False,observed_sink,1.0,,,1,1,False,False,False,0.0,0,1877,False
100000008566737100,terminal,0.9,5,0.6767,"получил 230 тыс. KZT, 2 перевода от 2 плательщиков, из них seed: 1; исходящих переводов 0, они проверены обходом на колене 1","R4a.terminal: исходящих переводов нет, они проверены обходом (depth <= 3)",1,False,2,0,230000.0,0.0,2,0,0.00034946381190953304,0.0,-0.0,0.0006222222,0.0,230000.0,0.0,1,False,observed_sink,1.0,,,2,1,False,False,False,0.5,0,1877,False
100000008661585100,terminal,0.65,0,0.393,"получил 43 тыс. KZT, 1 перевод от 1 плательщика, из них seed: 1; исходящих переводов 0, они проверены обходом на колене 1; сумма ниже медианы графа 50 тыс. KZT — мелкий получатель","R4a.terminal: исходящих переводов нет, они проверены обходом (depth <= 3)",1,False,1,0,43141.0,0.0,1,0,0.0002946240847860133,0.0,-0.0,0.0,0.0,43141.0,0.0,1,False,observed_sink,1.0,,,1,1,False,False,False,0.0,0,270,False
100000004759121100,coordinator,0.9,1,0.8471,"получает 710 тыс. KZT (топ-5% графа) от 6 плательщиков, из них seed: 1; 5 из них сами собирают от 4+ плательщиков; отдаёт дальше 44%","R6.coordinator: >= 2 плательщиков-сборщиков (in_deg >= 4) либо >= 2 seed-плательщиков, при in_kzt в топ-5% (614 тыс. KZT) и не seed",1,False,6,2,710000.0,312000.0,10,6,0.0014151796822407304,7.7079125189577e-05,0.0,0.010350237,0.4394366197183099,398000.0,0.0,1,False,observed_forwarder,0.0,0.0,0.5192307692307693,1,1,False,False,False,0.0,4,1877,True
100000004360785100,terminal,0.9,3,0.4616,"получил 95 тыс. KZT, 1 перевод от 1 плательщика, из них seed: 1; исходящих переводов 0, они проверены обходом на колене 1","R4a.terminal: исходящих переводов нет, они проверены обходом (depth <= 3)",1,False,1,0,94705.0,0.0,1,0,0.0002957517914765318,0.0,-0.0,0.0002952416,0.0,94705.0,0.0,1,False,observed_sink,1.0,,,1,1,False,False,False,0.0,0,1877,False
100000005092518100,terminal,0.65,0,0.3483,"получил 26 тыс. KZT, 1 перевод от 1 плательщика, из них seed: 1; исходящих переводов 0, они проверены обходом на колене 1; сумма ниже медианы графа 50 тыс. KZT — мелкий получатель","R4a.terminal: исходящих переводов нет, они проверены обходом (depth <= 3)",1,False,1,0,26144.0,0.0,1,0,0.0002910566135800471,0.0,-0.0,0.0,0.0,26144.0,0.0,1,False,observed_sink,1.0,,,1,1,False,False,False,0.0,0,270,False
100000008737958100,terminal,0.9,0,0.5117,"получил 53 тыс. KZT, 2 перевода от 2 плательщиков, из них seed: 1; исходящих переводов 0, они проверены обходом на колене 1","R4a.terminal: исходящих переводов нет, они проверены обходом (depth <= 3)",1,False,2,0,53373.0,0.0,2,0,0.0002996261402634527,0.0,-0.0,0.0,0.0,53373.0,0.0,1,False,observed_sink,1.0,,,1,1,False,False,False,0.0,0,270,False
100000003044518100,terminal,0.65,7,0.3607,"получил 34 тыс. KZT, 1 перевод от 1 плательщика, из них seed: 1; исходящих переводов 0, они проверены обходом на колене 1; сумма ниже медианы графа 50 тыс. KZT — мелкий получатель","R4a.terminal: исходящих переводов нет, они проверены обходом (depth <= 3)",1,False,1,0,34423.0,0.0,1,0,0.00028754318610180884,0.0,-0.0,4.3414e-06,0.0,34423.0,0.0,1,False,observed_sink,1.0,,,1,1,False,False,False,0.0,0,1877,False
100000004159526100,consolidator,0.5,13,0.8145,"сходятся 4 плательщика (seed: 1) на 4 получателей; получено 275 тыс. KZT, отдано дальше 25%, осело 207 тыс. KZT","R2.consolidator: in_deg >= 4 и out_deg <= max(2, in_deg/2)",1,False,4,4,275037.0,68000.0,4,6,0.0008532026216190913,9.788454458522118e-05,0.0,5.2399e-05,0.24723946232688693,207037.0,0.0,1,False,observed_forwarder,0.0,3.0,0.4411764705882353,2,1,False,False,False,0.5,5,1877,True
100000007544358100,transit,0.787,3,0.6255,"пропускает 109% полученного: вход 322 тыс. KZT от 2, выход 350 тыс. KZT на 1, деньги лежат 3 дн.","R3a.transit: pass_through в [0.8, 1.2] — прошло почти всё полученное",1,False,2,1,322500.0,350000.0,2,3,0.000340571674274265,1.9616538287321655e-05,0.0,0.0003197168,1.0852713178294573,0.0,27500.0,1,False,observed_forwarder,0.0,3.0,0.2857142857142857,1,1,False,False,False,0.0,1,1877,True
100000005901606100,terminal,0.65,0,0.3781,"получил 36 тыс. KZT, 1 перевод от 1 плательщика, из них seed: 1; исходящих переводов 0, они проверены обходом на колене 1; сумма ниже медианы графа 50 тыс. KZT — мелкий получатель","R4a.terminal: исходящих переводов нет, они проверены обходом (depth <= 3)",1,False,1,0,35660.0,0.0,1,0,0.0002930539105145634,0.0,-0.0,0.0,0.0,35660.0,0.0,1,False,observed_sink,1.0,,,1,1,False,False,False,0.0,0,270,False
100000006658598100,terminal,0.65,3,0.2561,"получил 9 тыс. KZT, 1 перевод от 1 плательщика, из них seed: 1; исходящих переводов 0, они проверены обходом на колене 1; сумма ниже медианы графа 50 тыс. KZT — мелкий получатель","R4a.terminal: исходящих переводов нет, они проверены обходом (depth <= 3)",1,False,1,0,9000.0,0.0,1,0,0.00028653695669903005,0.0,-0.0,0.0002952416,0.0,9000.0,0.0,1,False,observed_sink,1.0,,,1,1,False,False,False,0.0,0,1877,False
100000002793851100,terminal,0.65,3,0.2711,"получил 11 тыс. KZT, 1 перевод от 1 плательщика, из них seed: 1; исходящих переводов 0, они проверены обходом на колене 1; сумма ниже медианы графа 50 тыс. KZT — мелкий получатель","R4a.terminal: исходящих переводов нет, они проверены обходом (depth <= 3)",1,False,1,0,11052.0,0.0,1,0,0.0002867575837448668,0.0,-0.0,0.0002952416,0.0,11052.0,0.0,1,False,observed_sink,1.0,,,1,1,False,False,False,0.0,0,1877,False
100000005612411100,transit,0.6,2,0.7068,отдал 507 тыс. KZT на 8 получателей при поступлениях 116 тыс. KZT: 391 тыс. KZT пришло вне выборки (собраны только исходящие); удержания нет,"R3b.transit: pass_through > 1.2 — отдал больше, чем получил по данным, приток извне выборки",1,False,3,8,115500.0,506997.0,4,8,0.0003272060826887592,0.00015534713148747652,0.0,0.00028075,4.389584415584416,0.0,391497.0,1,False,observed_forwarder,0.0,0.0,0.5143955486916096,2,1,False,False,False,0.5,129,1877,True
100000007511163100,transit,0.6,3,0.5562,отдал 82 тыс. KZT на 3 получателей при поступлениях 64 тыс. KZT: 18 тыс. KZT пришло вне выборки (собраны только исходящие); удержания нет,"R3b.transit: pass_through > 1.2 — отдал больше, чем получил по данным, приток извне выборки",1,False,2,3,63666.0,82052.0,2,3,0.00033959732516021664,0.00013645713165524087,0.0001273969,0.0003053652,1.2887883642760658,0.0,18386.0,1,False,observed_forwarder,0.0,0.0,0.5971822746550968,1,1,False,False,False,0.0,87,1877,False
100000002648315100,peripheral,0.5,7,0.4635,"вход 132 тыс. KZT от 1, выход 76 тыс. KZT на 2, пропуск 58% — смешанный профиль: плательщиков меньше 4, получателей меньше 11, пропуск вне зон транзита и осаждения",R5.peripheral,1,False,1,2,132000.0,76000.0,1,3,0.00029313846973239526,3.962937027741748e-07,0.0,4.3414e-06,0.5757575757575758,56000.0,0.0,1,False,observed_forwarder,0.0,6.0,0.0,1,1,False,False,False,0.0,2,1877,True
100000004739664100,transit,0.583,0,0.3135,"пропускает 83% полученного: вход 12 тыс. KZT от 1, выход 10 тыс. KZT на 1","R3a.transit: pass_through в [0.8, 1.2] — прошло почти всё полученное",1,False,1,1,12000.0,10000.0,1,1,0.0002880879536555201,1.387027959709612e-06,0.0,0.0,0.8333333333333334,2000.0,0.0,1,False,observed_forwarder,0.0,,,1,1,False,False,False,0.0,1,270,True
100000003713616100,terminal,0.65,3,0.2924,"получил 16 тыс. KZT, 1 перевод от 1 плательщика, из них seed: 1; исходящих переводов 0, они проверены обходом на колене 1; сумма ниже медианы графа 50 тыс. KZT — мелкий получатель","R4a.terminal: исходящих переводов нет, они проверены обходом (depth <= 3)",1,False,1,0,15893.0,0.0,1,0,0.0002872780786419893,0.0,-0.0,0.0002952416,0.0,15893.0,0.0,1,False,observed_sink,1.0,,,1,1,False,False,False,0.0,0,1877,False
100000003476560100,terminal,0.9,2,0.4154,"получил 50 тыс. KZT, 1 перевод от 1 плательщика, из них seed: 1; исходящих переводов 0, они проверены обходом на колене 1","R4a.terminal: исходящих переводов нет, они проверены обходом (depth <= 3)",1,False,1,0,50000.0,0.0,1,0,0.0002955811159053975,0.0,-0.0,0.000461168,0.0,50000.0,0.0,1,False,observed_sink,1.0,,,1,1,False,False,False,0.0,0,1877,False
100000008782800100,terminal,0.65,0,0.3934,"получил 43 тыс. KZT, 1 перевод от 1 плательщика, из них seed: 1; исходящих переводов 0, они проверены обходом на колене 1; сумма ниже медианы графа 50 тыс. KZT — мелкий получатель","R4a.terminal: исходящих переводов нет, они проверены обходом (depth <= 3)",1,False,1,0,43381.0,0.0,1,0,0.0002946744579747778,0.0,-0.0,0.0,0.0,43381.0,0.0,1,False,observed_sink,1.0,,,1,1,False,False,False,0.0,0,270,False
100000004218576100,terminal,0.65,0,0.3483,"получил 26 тыс. KZT, 1 перевод от 1 плательщика, из них seed: 1; исходящих переводов 0, они проверены обходом на колене 1; сумма ниже медианы графа 50 тыс. KZT — мелкий получатель","R4a.terminal: исходящих переводов нет, они проверены обходом (depth <= 3)",1,False,1,0,26144.0,0.0,1,0,0.0002910566135800471,0.0,-0.0,0.0,0.0,26144.0,0.0,1,False,observed_sink,1.0,,,1,1,False,False,False,0.0,0,270,False
100000003299365100,transit,1.0,2,0.5904,"пропускает 100% полученного: вход 200 тыс. KZT от 1, выход 200 тыс. KZT на 1, деньги лежат 0 дн. | сквозной транзит за 0 дн. (100% суммы)","R3a.transit: pass_through в [0.8, 1.2] — прошло почти всё полученное",1,False,1,1,200000.0,200000.0,1,1,0.00032561658096971947,0.0,0.0005761767,0.000461168,1.0,0.0,0.0,1,False,observed_forwarder,0.0,0.0,1.0,1,1,True,False,False,1.0,120,1877,False
100000008730021100,terminal,0.9,14,0.5304,"получил 76 тыс. KZT, 3 перевода от 1 плательщика, из них seed: 1; исходящих переводов 0, они проверены обходом на колене 1","R4a.terminal: исходящих переводов нет, они проверены обходом (depth <= 3)",1,False,1,0,75555.0,0.0,3,0,0.00046813825917664087,0.0,-0.0,2.3943e-06,0.0,75555.0,0.0,1,False,observed_sink,1.0,,,1,2,False,False,False,0.5,0,1877,False
100000002757797100,terminal,0.9,11,0.4741,"получил 100 тыс. KZT, 1 перевод от 1 плательщика, из них seed: 1; исходящих переводов 0, они проверены обходом на колене 1","R4a.terminal: исходящих переводов нет, они проверены обходом (depth <= 3)",1,False,1,0,100000.0,0.0,1,0,0.0003021647995966532,0.0,-0.0,1.01e-05,0.0,100000.0,0.0,1,False,observed_sink,1.0,,,1,1,False,False,False,0.0,0,1877,False
100000002845605100,terminal,0.9,1,0.4304,"получил 58 тыс. KZT, 1 перевод от 1 плательщика, из них seed: 1; исходящих переводов 0, они проверены обходом на колене 1","R4a.terminal: исходящих переводов нет, они проверены обходом (depth <= 3)",1,False,1,0,57567.0,0.0,1,0,0.0002963718812625067,0.0,-0.0,0.0021516816,0.0,57567.0,0.0,1,False,observed_sink,1.0,,,1,1,False,False,False,0.0,0,1877,False
100000000817146100,terminal,0.9,3,0.4831,"получил 70 тыс. KZT, 1 перевод от 1 плательщика, из них seed: 1; исходящих переводов 0, они проверены обходом на колене 1","R4a.terminal: исходящих переводов нет, они проверены обходом (depth <= 3)",1,False,1,0,70020.0,0.0,1,0,0.0005894684786410244,0.0,-0.0,0.0,0.0,70020.0,0.0,1,False,observed_sink,1.0,,,1,1,False,False,False,0.0,0,1877,False
100000002957306100,terminal,0.9,9,0.6716,"получил 398 тыс. KZT, 2 перевода от 2 плательщиков, из них seed: 2; исходящих переводов 0, они проверены обходом на колене 1","R4a.terminal: исходящих переводов нет, они проверены обходом (depth <= 3)",1,False,2,0,398490.0,0.0,2,0,0.0003551868796242696,0.0,-0.0,0.0005839676,0.0,398490.0,0.0,2,False,observed_sink,1.0,,,1,1,False,False,False,0.0,0,1877,False
100000008188026100,transit,0.6,14,0.659,отдал 338 тыс. KZT на 4 получателей при поступлениях 86 тыс. KZT: 252 тыс. KZT пришло вне выборки (собраны только исходящие); удержания нет,"R3b.transit: pass_through > 1.2 — отдал больше, чем получил по данным, приток извне выборки",1,False,2,4,86468.0,337983.17,5,4,0.0002993035967853822,8.203279647425419e-05,0.0,0.0003478114,3.9087659018365173,0.0,251515.16999999998,1,False,observed_forwarder,0.0,10.5,0.0,1,2,False,False,False,0.5,1595,1877,True
100000004790991100,terminal,0.9,3,0.5334,"получил 239 тыс. KZT, 4 перевода от 1 плательщика, из них seed: 1; исходящих переводов 0, они проверены обходом на колене 1","R4a.terminal: исходящих переводов нет, они проверены обходом (depth <= 3)",1,False,1,0,239413.0,0.0,4,0,0.00031131051396626665,0.0,-0.0,0.0002952416,0.0,239413.0,0.0,1,False,observed_sink,1.0,,,1,1,False,False,False,0.0,0,1877,False
100000002973903100,terminal,0.9,11,0.5739,"получил 93 тыс. KZT, 3 перевода от 3 плательщиков, из них seed: 1; исходящих переводов 0, они проверены обходом на колене 1","R4a.terminal: исходящих переводов нет, они проверены обходом (depth <= 3)",1,False,3,0,92880.0,0.0,3,0,0.00031686903979445224,0.0,-0.0,0.0001549275,0.0,92880.0,0.0,1,False,observed_sink,1.0,,,1,1,False,False,False,0.0,0,1877,False
100000004325327100,transit,0.971,1,0.6485,"пропускает 99% полученного: вход 71 тыс. KZT от 2, выход 70 тыс. KZT на 1, деньги лежат 2 дн. | сквозной транзит за 2 дн. (100% суммы)","R3a.transit: pass_through в [0.8, 1.2] — прошло почти всё полученное",1,False,2,1,70817.0,70000.0,3,1,0.000295792319681355,3.844048916909496e-05,0.0,0.0050574633,0.988463222107686,817.0,0.0,1,False,observed_forwarder,0.0,2.0,1.0,1,1,True,False,False,1.0,2,1877,True
100000001477796100,terminal,0.9,2,0.5231,"получил 182 тыс. KZT, 1 перевод от 1 плательщика, из них seed: 1; исходящих переводов 0, они проверены обходом на колене 1","R4a.terminal: исходящих переводов нет, они проверены обходом (depth <= 3)",1,False,1,0,182000.0,0.0,1,0,0.0003306619019813834,0.0,-0.0,6.78008e-05,0.0,182000.0,0.0,1,False,observed_sink,1.0,,,1,1,False,False,False,0.0,0,1877,False
100000007536804100,peripheral,0.5,7,0.4427,"вход 100 тыс. KZT от 1, выход 55 тыс. KZT на 2, пропуск 55% — смешанный профиль: плательщиков меньше 4, получателей меньше 11, пропуск вне зон транзита и осаждения",R5.peripheral,1,False,1,2,100000.0,55000.0,1,2,0.0002913035180923698,7.925874055483496e-07,0.0,4.3414e-06,0.55,45000.0,0.0,1,False,observed_forwarder,0.0,3.0,0.8181818181818182,1,1,False,False,False,0.0,4,1877,True
100000008665380100,peripheral,0.5,1,0.6157,"вход 69 тыс. KZT от 2, выход 18 тыс. KZT на 1, пропуск 26% — смешанный профиль: плательщиков меньше 4, получателей меньше 11 | сквозной транзит за 1 дн. (100% суммы)",R5.peripheral,1,False,2,1,69100.0,18200.0,2,1,0.00029077432850192623,1.922024458454748e-05,0.0,0.0050574633,0.2633863965267728,50900.0,0.0,1,False,observed_forwarder,0.0,1.0,1.0,1,1,True,False,False,1.0,1,1877,True
100000001870116100,terminal,0.65,0,0.3375,"получил 24 тыс. KZT, 1 перевод от 1 плательщика, из них seed: 1; исходящих переводов 0, они проверены обходом на колене 1; сумма ниже медианы графа 50 тыс. KZT — мелкий получатель","R4a.terminal: исходящих переводов нет, они проверены обходом (depth <= 3)",1,False,1,0,24000.0,0.0,1,0,0.00029060661309375003,0.0,-0.0,0.0,0.0,24000.0,0.0,1,False,observed_sink,1.0,,,1,1,False,False,False,0.0,0,270,False
100000001074553100,terminal,0.65,8,0.4522,"получил 29 тыс. KZT, 2 перевода от 2 плательщиков, из них seed: 2; исходящих переводов 0, они проверены обходом на колене 1; сумма ниже медианы графа 50 тыс. KZT — мелкий получатель","R4a.terminal: исходящих переводов нет, они проверены обходом (depth <= 3)",1,False,2,0,28971.0,0.0,2,0,0.0002894987523363474,0.0,-0.0,3.28478e-05,0.0,28971.0,0.0,2,False,observed_sink,1.0,,,1,1,False,False,False,0.0,0,1877,False
100000000978041100,terminal,0.65,0,0.395,"получил 44 тыс. KZT, 1 перевод от 1 плательщика, из них seed: 1; исходящих переводов 0, они проверены обходом на колене 1; сумма ниже медианы графа 50 тыс. KZT — мелкий получатель","R4a.terminal: исходящих переводов нет, они проверены обходом (depth <= 3)",1,False,1,0,44445.0,0.0,1,0,0.0002948977791116342,0.0,-0.0,0.0,0.0,44445.0,0.0,1,False,observed_sink,1.0,,,1,1,False,False,False,0.0,0,270,False
100000002603769100,coordinator,0.8,1,0.7958,"получает 1.2 млн KZT (топ-5% графа) от 3 плательщиков, из них seed: 1; 2 из них сами собирают от 4+ плательщиков; отдаёт дальше 0%","R6.coordinator: >= 2 плательщиков-сборщиков (in_deg >= 4) либо >= 2 seed-плательщиков, при in_kzt в топ-5% (614 тыс. KZT) и не seed",1,False,3,0,1185368.0,0.0,3,0,0.0005415388680707092,0.0,-0.0,0.0033208802,0.0,1185368.0,0.0,1,False,observed_sink,1.0,,,1,1,False,False,False,0.0,0,1877,False
100000005034574100,terminal,0.9,64,0.6601,"получил 259 тыс. KZT, 16 переводов от 1 плательщика, из них seed: 1; исходящих переводов 0, они проверены обходом на колене 1 | дробление: 6 переводов от одного плательщика за день","R4a.terminal: исходящих переводов нет, они проверены обходом (depth <= 3)",1,False,1,0,258816.0,0.0,16,0,0.00042508668959388804,0.0,-0.0,0.0,0.0,258816.0,0.0,1,False,observed_sink,1.0,,,1,6,False,False,True,1.0,0,3,False
100000002958286100,terminal,0.9,8,0.5387,"получил 257 тыс. KZT, 1 перевод от 1 плательщика, из них seed: 1; исходящих переводов 0, они проверены обходом на колене 1","R4a.terminal: исходящих переводов нет, они проверены обходом (depth <= 3)",1,False,1,0,257000.0,0.0,1,0,0.00031316938195489997,0.0,-0.0,2.27478e-05,0.0,257000.0,0.0,1,False,observed_sink,1.0,,,1,1,False,False,False,0.0,0,1877,False
100000005634552100,transit,0.6,1,0.5331,отдал 1.2 млн KZT на 3 получателей при поступлениях 26 тыс. KZT: 1.2 млн KZT пришло вне выборки (собраны только исходящие); удержания нет,"R3b.transit: pass_through > 1.2 — отдал больше, чем получил по данным, приток извне выборки",1,False,1,3,25850.0,1196000.0,1,4,0.0002883486359009542,2.917712386674862e-05,0.001679076,0.0002952416,46.2669245647969,0.0,1170150.0,1,False,observed_forwarder,0.0,,,1,1,False,False,False,0.0,4,1877,True
100000008736760100,terminal,0.9,0,0.4275,"получил 55 тыс. KZT, 1 перевод от 1 плательщика, из них seed: 1; исходящих переводов 0, они проверены обходом на колене 1","R4a.terminal: исходящих переводов нет, они проверены обходом (depth <= 3)",1,False,1,0,54757.0,0.0,1,0,0.0002970621471222198,0.0,-0.0,0.0,0.0,54757.0,0.0,1,False,observed_sink,1.0,,,1,1,False,False,False,0.0,0,270,False
100000008701944100,terminal,0.9,14,0.4504,"получил 52 тыс. KZT, 1 перевод от 1 плательщика, из них seed: 1; исходящих переводов 0, они проверены обходом на колене 1","R4a.terminal: исходящих переводов нет, они проверены обходом (depth <= 3)",1,False,1,0,52124.0,0.0,1,0,0.00041152025351238905,0.0,-0.0,2.3943e-06,0.0,52124.0,0.0,1,False,observed_sink,1.0,,,1,1,False,False,False,0.0,0,1877,False
100000008748408100,distributor,0.955,7,0.6873,"веер на 21 получателя, 22 перевода на 1.5 млн KZT; отдал на 1.1 млн KZT больше, чем получил в выборке | сквозной транзит за 1 дн. (87% суммы)",R1.distributor: out_deg >= 11,1,False,1,21,360000.0,1499960.0,2,22,0.0003340545949423299,7.1332866499351465e-06,0.0015411842,4.08959e-05,4.166555555555555,0.0,1139960.0,1,False,observed_forwarder,0.0,1.0,0.8743499826662045,1,1,True,False,False,0.8743499826662045,37,1877,True
100000008486520100,peripheral,0.5,3,0.4181,"вход 36 тыс. KZT от 1, выход 14 тыс. KZT на 1, пропуск 39% — смешанный профиль: плательщиков меньше 4, получателей меньше 11, пропуск вне зон транзита и осаждения",R5.peripheral,1,False,1,1,35720.0,14000.0,2,1,0.00028940983908926223,1.922024458454748e-05,0.0,0.0002952416,0.3919372900335946,21720.0,0.0,1,False,observed_forwarder,0.0,,,1,2,False,False,False,0.5,1,1877,True
100000003163256100,transit,0.719,3,0.319,"пропускает 111% полученного: вход 13 тыс. KZT от 1, выход 15 тыс. KZT на 1","R3a.transit: pass_through в [0.8, 1.2] — прошло почти всё полученное",1,False,1,1,13485.0,15000.0,1,1,0.0002870191751690971,1.922024458454748e-05,0.0,0.0002952416,1.1123470522803114,0.0,1515.0,1,False,observed_forwarder,0.0,,,1,1,False,False,False,0.0,1,1877,True
100000003102157100,terminal,0.9,1,0.5236,"получил 97 тыс. KZT, 2 перевода от 1 плательщика, из них seed: 1; исходящих переводов 0, они проверены обходом на колене 1","R4a.terminal: исходящих переводов нет, они проверены обходом (depth <= 3)",1,False,1,0,96746.0,0.0,2,0,0.000303723915550285,0.0,-0.0,0.0021516816,0.0,96746.0,0.0,1,False,observed_sink,1.0,,,1,2,False,False,False,0.5,0,1877,False
100000004741837100,terminal,0.65,3,0.3393,"получил 26 тыс. KZT, 1 перевод от 1 плательщика, из них seed: 1; исходящих переводов 0, они проверены обходом на колене 1; сумма ниже медианы графа 50 тыс. KZT — мелкий получатель","R4a.terminal: исходящих переводов нет, они проверены обходом (depth <= 3)",1,False,1,0,25596.0,0.0,1,0,0.0002883213263153584,0.0,-0.0,0.0002952416,0.0,25596.0,0.0,1,False,observed_sink,1.0,,,1,1,False,False,False,0.0,0,1877,False
100000008443341100,transit,0.6,1,0.6174,отдал 50 тыс. KZT на 3 получателей при поступлениях 34 тыс. KZT: 16 тыс. KZT пришло вне выборки (собраны только исходящие); удержания нет | сквозной транзит за 0 дн. (62% суммы),"R3b.transit: pass_through > 1.2 — отдал больше, чем получил по данным, приток извне выборки",1,False,2,3,34500.0,50000.0,2,4,0.0006689699930486642,0.00036009896241195655,0.0002401615,0.0021688851,1.4492753623188406,0.0,15500.0,1,False,observed_forwarder,0.0,0.0,0.62,1,1,True,False,False,0.62,1595,1877,True
100000004792397100,terminal,0.9,0,0.4503,"получил 74 тыс. KZT, 1 перевод от 1 плательщика, из них seed: 1; исходящих переводов 0, они проверены обходом на колене 1","R4a.terminal: исходящих переводов нет, они проверены обходом (depth <= 3)",1,False,1,0,73520.0,0.0,1,0,0.0003010002810421788,0.0,-0.0,0.0,0.0,73520.0,0.0,1,False,observed_sink,1.0,,,1,1,False,False,False,0.0,0,270,False
100000003809101100,peripheral,0.5,9,0.6135,"вход 166 тыс. KZT от 2, выход 55 тыс. KZT на 2, пропуск 33% — смешанный профиль: плательщиков меньше 4, получателей меньше 11, пропуск вне зон транзита и осаждения",R5.peripheral,1,False,2,2,166050.0,55200.0,3,4,0.0003619470775424321,0.00013333962119341738,0.0,0.00012383,0.3324299909665763,110850.0,0.0,1,False,observed_forwarder,0.0,0.0,0.18478260869565216,1,1,False,False,False,0.0,10,1877,True
100000002838861100,consolidator,0.725,8,0.8791,"сходятся 5 плательщиков (seed: 2) на 1 получателя; получено 555 тыс. KZT, отдано дальше 2%, осело 545 тыс. KZT","R2.consolidator: in_deg >= 4 и out_deg <= max(2, in_deg/2)",1,False,5,1,554523.95,10000.0,5,1,0.0021199186472606823,1.9418391435934565e-05,0.0,3.0732e-05,0.018033486200190272,544523.95,0.0,2,False,observed_forwarder,0.0,8.0,0.0,2,1,False,False,False,0.5,1,1877,True
100000008560717100,consolidator,0.975,6,0.845,"сходятся 7 плательщиков (seed: 1) на 1 получателя; получено 529 тыс. KZT, отдано дальше 5%, осело 504 тыс. KZT","R2.consolidator: in_deg >= 4 и out_deg <= max(2, in_deg/2)",1,False,7,1,529000.0,25000.0,9,1,0.000330834156555212,1.922024458454748e-05,0.0,0.0123377969,0.04725897920604915,504000.0,0.0,1,False,observed_forwarder,0.0,12.0,0.0,2,1,False,False,False,0.5,1,1877,True
100000008693069100,terminal,0.65,0,0.3193,"получил 20 тыс. KZT, 1 перевод от 1 плательщика, из них seed: 1; исходящих переводов 0, они проверены обходом на колене 1; сумма ниже медианы графа 50 тыс. KZT — мелкий получатель","R4a.terminal: исходящих переводов нет, они проверены обходом (depth <= 3)",1,False,1,0,20000.0,0.0,1,0,0.00028976705994767336,0.0,-0.0,0.0,0.0,20000.0,0.0,1,False,observed_sink,1.0,,,1,1,False,False,False,0.0,0,270,False
100000008672162100,terminal,0.65,0,0.2957,"получил 16 тыс. KZT, 1 перевод от 1 плательщика, из них seed: 1; исходящих переводов 0, они проверены обходом на колене 1; сумма ниже медианы графа 50 тыс. KZT — мелкий получатель","R4a.terminal: исходящих переводов нет, они проверены обходом (depth <= 3)",1,False,1,0,15550.0,0.0,1,0,0.0002888330570726631,0.0,-0.0,0.0,0.0,15550.0,0.0,1,False,observed_sink,1.0,,,1,1,False,False,False,0.0,0,270,False
100000007311010100,peripheral,0.5,2,0.5286,"вход 64 тыс. KZT от 2, выход 20 тыс. KZT на 1, пропуск 31% — смешанный профиль: плательщиков меньше 4, получателей меньше 11, пропуск вне зон транзита и осаждения",R5.peripheral,1,False,2,1,64480.0,20000.0,2,1,0.0003093598362490267,2.3975769017837576e-05,0.0,0.0006039353,0.31017369727047145,44480.0,0.0,1,False,observed_forwarder,0.0,,,1,1,False,False,False,0.0,1,1877,True
100000005505655100,transit,0.7,25,0.6283,"пропускает 60% полученного: вход 33 тыс. KZT от 2, выход 20 тыс. KZT на 1, деньги лежат 0 дн. | сквозной транзит за 0 дн. (100% суммы)",R3d.transit: >=60% исходящих в пределах 2 суток после поступления,1,False,2,1,33070.0,20000.0,2,1,0.0003215080211255211,0.0002690834241836647,8.9e-09,0.0002977423,0.6047777441790142,13070.0,0.0,1,False,observed_forwarder,0.0,0.0,1.0,1,1,True,False,False,1.0,14,1877,True
100000004707703100,transit,0.92,3,0.7471,"пропускает 97% полученного: вход 239 тыс. KZT от 2, выход 232 тыс. KZT на 5, деньги лежат 0 дн. | сквозной транзит за 0 дн. (89% суммы)","R3a.transit: pass_through в [0.8, 1.2] — прошло почти всё полученное",1,False,2,5,239300.0,231650.0,3,6,0.0006355624384346332,0.00010710478506958707,0.0,0.0002976022,0.9680317592979524,7650.0,0.0,1,False,observed_forwarder,0.0,0.5,0.8892726095402547,1,1,True,False,False,0.8892726095402547,13,1877,True
100000004005964100,transit,0.625,24,0.6754,"пропускает 74% полученного: вход 98 тыс. KZT от 3, выход 72 тыс. KZT на 3, деньги лежат 1 дн. | сквозной транзит за 1 дн. (62% суммы); дробление: 9 поступлений по 11 тыс. в среднем",R3d.transit: >=60% исходящих в пределах 2 суток после поступления,1,False,3,3,97900.0,72000.0,9,5,0.00040452469148817116,4.953671284677185e-07,0.0,0.0,0.7354443309499489,25900.0,0.0,1,False,observed_forwarder,0.0,1.0,0.625,1,2,True,False,True,0.625,16,17,False
100000008244300100,consolidator,0.725,6,0.6341,"сходятся 5 плательщиков (seed: 1) на 0 получателей; получено 65 тыс. KZT, отдано дальше 0%, осело 65 тыс. KZT","R2.consolidator: in_deg >= 4 и out_deg <= max(2, in_deg/2)",1,False,5,0,65430.0,0.0,6,0,0.00047936591472866487,0.0,-0.0,0.0001574428,0.0,65430.0,0.0,1,False,observed_sink,1.0,,,1,1,False,False,False,0.0,0,1877,False
100000002692044100,terminal,0.9,11,0.4701,"получил 97 тыс. KZT, 1 перевод от 1 плательщика, из них seed: 1; исходящих переводов 0, они проверены обходом на колене 1","R4a.terminal: исходящих переводов нет, они проверены обходом (depth <= 3)",1,False,1,0,97000.0,0.0,1,0,0.00030166693443527224,0.0,-0.0,1.01e-05,0.0,97000.0,0.0,1,False,observed_sink,1.0,,,1,1,False,False,False,0.0,0,1877,False
100000001103905100,terminal,0.65,0,0.3099,"получил 18 тыс. KZT, 1 перевод от 1 плательщика, из них seed: 1; исходящих переводов 0, они проверены обходом на колене 1; сумма ниже медианы графа 50 тыс. KZT — мелкий получатель","R4a.terminal: исходящих переводов нет, они проверены обходом (depth <= 3)",1,False,1,0,18000.0,0.0,1,0,0.00028934728337463503,0.0,-0.0,0.0,0.0,18000.0,0.0,1,False,observed_sink,1.0,,,1,1,False,False,False,0.0,0,270,False
100000008755361100,terminal,0.65,0,0.2874,"получил 15 тыс. KZT, 1 перевод от 1 плательщика, из них seed: 1; исходящих переводов 0, они проверены обходом на колене 1; сумма ниже медианы графа 50 тыс. KZT — мелкий получатель","R4a.terminal: исходящих переводов нет, они проверены обходом (depth <= 3)",1,False,1,0,14627.0,0.0,1,0,0.0002886393301842059,0.0,-0.0,0.0,0.0,14627.0,0.0,1,False,observed_sink,1.0,,,1,1,False,False,False,0.0,0,270,False
100000002810870100,terminal,0.65,0,0.3726,"получил 34 тыс. KZT, 1 перевод от 1 плательщика, из них seed: 1; исходящих переводов 0, они проверены обходом на колене 1; сумма ниже медианы графа 50 тыс. KZT — мелкий получатель","R4a.terminal: исходящих переводов нет, они проверены обходом (depth <= 3)",1,False,1,0,33677.0,0.0,1,0,0.00029263770204239595,0.0,-0.0,0.0,0.0,33677.0,0.0,1,False,observed_sink,1.0,,,1,1,False,False,False,0.0,0,270,False
100000005897462100,terminal,0.9,9,0.4697,"получил 98 тыс. KZT, 1 перевод от 1 плательщика, из них seed: 1; исходящих переводов 0, они проверены обходом на колене 1","R4a.terminal: исходящих переводов нет, они проверены обходом (depth <= 3)",1,False,1,0,98400.0,0.0,1,0,0.0003004936394973031,0.0,-0.0,0.0001227996,0.0,98400.0,0.0,1,False,observed_sink,1.0,,,1,1,False,False,False,0.0,0,1877,False
100000000941942100,terminal,0.9,2,0.4954,"получил 130 тыс. KZT, 1 перевод от 1 плательщика, из них seed: 1; исходящих переводов 0, они проверены обходом на колене 1","R4a.terminal: исходящих переводов нет, они проверены обходом (depth <= 3)",1,False,1,0,130000.0,0.0,1,0,0.0003116000306063692,0.0,-0.0,0.000461168,0.0,130000.0,0.0,1,False,observed_sink,1.0,,,1,1,False,False,False,0.0,0,1877,False
100000008723830100,transit,0.974,3,0.7553,"пропускает 99% полученного: вход 460 тыс. KZT от 2, выход 455 тыс. KZT на 1, деньги лежат 1 дн. | сквозной транзит за 1 дн. (100% суммы)","R3a.transit: pass_through в [0.8, 1.2] — прошло почти всё полученное",1,False,2,1,459785.0,455000.0,2,1,0.00034023098770657236,1.9616538287321655e-05,0.0,0.0003197168,0.9895929619278576,4785.0,0.0,1,False,observed_forwarder,0.0,1.0,1.0,1,1,True,False,False,1.0,1,1877,True
100000008776576100,terminal,0.65,0,0.2881,"получил 15 тыс. KZT, 1 перевод от 1 плательщика, из них seed: 1; исходящих переводов 0, они проверены обходом на колене 1; сумма ниже медианы графа 50 тыс. KZT — мелкий получатель","R4a.terminal: исходящих переводов нет, они проверены обходом (depth <= 3)",1,False,1,0,14765.0,0.0,1,0,0.0002886682947677456,0.0,-0.0,0.0,0.0,14765.0,0.0,1,False,observed_sink,1.0,,,1,1,False,False,False,0.0,0,270,False
100000005432267100,terminal,0.9,2,0.7007,"получил 350 тыс. KZT, 2 перевода от 2 плательщиков, из них seed: 1; исходящих переводов 0, они проверены обходом на колене 1","R4a.terminal: исходящих переводов нет, они проверены обходом (depth <= 3)",1,False,2,0,350001.0,0.0,2,0,0.00034233348585063165,0.0,-0.0,0.0005748252,0.0,350001.0,0.0,1,False,observed_sink,1.0,,,2,1,False,False,False,0.5,0,1877,False
100000006745291100,terminal,0.9,9,0.4543,"получил 83 тыс. KZT, 1 перевод от 1 плательщика, из них seed: 1; исходящих переводов 0, они проверены обходом на колене 1","R4a.terminal: исходящих переводов нет, они проверены обходом (depth <= 3)",1,False,1,0,82534.0,0.0,1,0,0.00029808724049107665,0.0,-0.0,0.0001227996,0.0,82534.0,0.0,1,False,observed_sink,1.0,,,1,1,False,False,False,0.0,0,1877,False
100000008670667100,terminal,0.65,0,0.2951,"получил 16 тыс. KZT, 1 перевод от 1 плательщика, из них seed: 1; исходящих переводов 0, они проверены обходом на колене 1; сумма ниже медианы графа 50 тыс. KZT — мелкий получатель","R4a.terminal: исходящих переводов нет, они проверены обходом (depth <= 3)",1,False,1,0,15534.0,0.0,1,0,0.0002888296988600788,0.0,-0.0,0.0,0.0,15534.0,0.0,1,False,observed_sink,1.0,,,1,1,False,False,False,0.0,0,270,False
100000002480800100,terminal,0.9,2,0.7436,"получил 569 тыс. KZT, 2 перевода от 2 плательщиков, из них seed: 1; исходящих переводов 0, они проверены обходом на колене 1","R4a.terminal: исходящих переводов нет, они проверены обходом (depth <= 3)",1,False,2,0,569251.0,0.0,2,0,0.0006410781031176412,0.0,-0.0,0.0004648552,0.0,569251.0,0.0,1,False,observed_sink,1.0,,,2,1,False,False,False,0.5,0,1877,False
100000002182176100,terminal,0.65,1,0.3906,"получил 42 тыс. KZT, 1 перевод от 1 плательщика, из них seed: 1; исходящих переводов 0, они проверены обходом на колене 1; сумма ниже медианы графа 50 тыс. KZT — мелкий получатель","R4a.terminal: исходящих переводов нет, они проверены обходом (depth <= 3)",1,False,1,0,42465.0,0.0,1,0,0.00029353795436763876,0.0,-0.0,0.0021516816,0.0,42465.0,0.0,1,False,observed_sink,1.0,,,1,1,False,False,False,0.0,0,1877,False
100000008219168100,terminal,0.9,7,0.4081,"получил 53 тыс. KZT, 2 перевода от 1 плательщика, из них seed: 1; исходящих переводов 0, они проверены обходом на колене 1","R4a.terminal: исходящих переводов нет, они проверены обходом (depth <= 3)",1,False,1,0,53200.0,0.0,2,0,0.00028861990131883255,0.0,-0.0,4.3414e-06,0.0,53200.0,0.0,1,False,observed_sink,1.0,,,1,1,False,False,False,0.0,0,1877,False
100000004226848100,terminal,0.9,2,0.5591,"получил 302 тыс. KZT, 1 перевод от 1 плательщика, из них seed: 1; исходящих переводов 0, они проверены обходом на колене 1","R4a.terminal: исходящих переводов нет, они проверены обходом (depth <= 3)",1,False,1,0,301866.0,0.0,1,0,0.0003460138655313343,0.0,-0.0,0.000461168,0.0,301866.0,0.0,1,False,observed_sink,1.0,,,1,1,False,False,False,0.0,0,1877,False
100000006326645100,terminal,0.65,0,0.3456,"получил 25 тыс. KZT, 1 перевод от 1 плательщика, из них seed: 1; исходящих переводов 0, они проверены обходом на колене 1; сумма ниже медианы графа 50 тыс. KZT — мелкий получатель","R4a.terminal: исходящих переводов нет, они проверены обходом (depth <= 3)",1,False,1,0,25264.0,0.0,1,0,0.00029087191188791023,0.0,-0.0,0.0,0.0,25264.0,0.0,1,False,observed_sink,1.0,,,1,1,False,False,False,0.0,0,270,False
100000003589877100,transit,0.6,4,0.713,отдал 416 тыс. KZT на 6 получателей при поступлениях 176 тыс. KZT: 240 тыс. KZT пришло вне выборки (собраны только исходящие); удержания нет | сквозной транзит за 0 дн. (88% суммы),"R3b.transit: pass_through > 1.2 — отдал больше, чем получил по данным, приток извне выборки",1,False,2,6,176000.0,416129.0,2,6,0.00030697515997142073,9.545724565572935e-05,0.0001231626,4.8331e-06,2.364369318181818,0.0,240129.0,1,False,observed_forwarder,0.0,0.0,0.8798449519259652,1,1,True,False,False,0.8798449519259652,7,1877,True
100000003942602100,transit,1.0,0,0.4602,"пропускает 100% полученного: вход 30 тыс. KZT от 1, выход 30 тыс. KZT на 1, деньги лежат 0 дн. | сквозной транзит за 0 дн. (100% суммы)","R3a.transit: pass_through в [0.8, 1.2] — прошло почти всё полученное",1,False,1,1,30000.0,30000.0,1,1,0.000291865942812865,0.0,0.0,0.0,1.0,0.0,0.0,1,False,observed_forwarder,0.0,0.0,1.0,1,1,True,False,False,1.0,269,270,False
100000000922570100,transit,0.846,11,0.4126,"пропускает 106% полученного: вход 47 тыс. KZT от 1, выход 50 тыс. KZT на 1","R3a.transit: pass_through в [0.8, 1.2] — прошло почти всё полученное",1,False,1,1,47101.0,50000.0,1,1,0.00029338594320602393,1.981468513870874e-07,0.0,1.01e-05,1.0615485870788306,0.0,2899.0,1,False,observed_forwarder,0.0,,,1,1,False,False,False,0.0,1,1877,True
100000005079754100,transit,0.6,2,0.4767,отдал 122 тыс. KZT на 2 получателей при поступлениях 70 тыс. KZT: 52 тыс. KZT пришло вне выборки (собраны только исходящие); удержания нет,"R3b.transit: pass_through > 1.2 — отдал больше, чем получил по данным, приток извне выборки",1,False,1,2,70000.0,122000.0,1,2,0.00029958584458064045,9.511048866580196e-05,0.0,0.000461168,1.7428571428571429,0.0,52000.0,1,False,observed_forwarder,0.0,1.0,0.16393442622950818,1,1,False,False,False,0.0,4,1877,True
100000003187359100,terminal,0.65,0,0.3137,"получил 19 тыс. KZT, 1 перевод от 1 плательщика, из них seed: 1; исходящих переводов 0, они проверены обходом на колене 1; сумма ниже медианы графа 50 тыс. KZT — мелкий получатель","R4a.terminal: исходящих переводов нет, они проверены обходом (depth <= 3)",1,False,1,0,19072.0,0.0,1,0,0.00028957228361778365,0.0,-0.0,0.0,0.0,19072.0,0.0,1,False,observed_sink,1.0,,,1,1,False,False,False,0.0,0,270,False
100000000998559100,terminal,0.9,2,0.4763,"получил 100 тыс. KZT, 1 перевод от 1 плательщика, из них seed: 1; исходящих переводов 0, они проверены обходом на колене 1","R4a.terminal: исходящих переводов нет, они проверены обходом (depth <= 3)",1,False,1,0,100000.0,0.0,1,0,0.0003055929375935048,0.0,-0.0,0.000461168,0.0,100000.0,0.0,1,False,observed_sink,1.0,,,1,1,False,False,False,0.0,0,1877,False
100000008690932100,terminal,0.65,0,0.3317,"получил 23 тыс. KZT, 1 перевод от 1 плательщика, из них seed: 1; исходящих переводов 0, они проверены обходом на колене 1; сумма ниже медианы графа 50 тыс. KZT — мелкий получатель","R4a.terminal: исходящих переводов нет, они проверены обходом (depth <= 3)",1,False,1,0,23000.0,0.0,1,0,0.0002903967248072309,0.0,-0.0,0.0,0.0,23000.0,0.0,1,False,observed_sink,1.0,,,1,1,False,False,False,0.0,0,270,False
100000008773876100,terminal,0.65,0,0.348,"получил 26 тыс. KZT, 1 перевод от 1 плательщика, из них seed: 1; исходящих переводов 0, они проверены обходом на колене 1; сумма ниже медианы графа 50 тыс. KZT — мелкий получатель","R4a.terminal: исходящих переводов нет, они проверены обходом (depth <= 3)",1,False,1,0,26120.0,0.0,1,0,0.00029105157626117063,0.0,-0.0,0.0,0.0,26120.0,0.0,1,False,observed_sink,1.0,,,1,1,False,False,False,0.0,0,270,False
100000006789108100,terminal,0.65,9,0.3778,"получил 38 тыс. KZT, 1 перевод от 1 плательщика, из них seed: 1; исходящих переводов 0, они проверены обходом на колене 1; сумма ниже медианы графа 50 тыс. KZT — мелкий получатель","R4a.terminal: исходящих переводов нет, они проверены обходом (depth <= 3)",1,False,1,0,37500.0,0.0,1,0,0.000291256925802661,0.0,-0.0,0.0001227996,0.0,37500.0,0.0,1,False,observed_sink,1.0,,,1,1,False,False,False,0.0,0,1877,False
100000004058740100,terminal,0.65,0,0.3624,"получил 30 тыс. KZT, 1 перевод от 1 плательщика, из них seed: 1; исходящих переводов 0, они проверены обходом на колене 1; сумма ниже медианы графа 50 тыс. KZT — мелкий получатель","R4a.terminal: исходящих переводов нет, они проверены обходом (depth <= 3)",1,False,1,0,30000.0,0.0,1,0,0.000291865942812865,0.0,-0.0,0.0,0.0,30000.0,0.0,1,False,observed_sink,1.0,,,1,1,False,False,False,0.0,0,270,False
100000007641801100,terminal,0.9,7,0.5126,"получил 200 тыс. KZT, 1 перевод от 1 плательщика, из них seed: 1; исходящих переводов 0, они проверены обходом на колене 1","R4a.terminal: исходящих переводов нет, они проверены обходом (depth <= 3)",1,False,1,0,200000.0,0.0,1,0,0.00029703774196744934,0.0,-0.0,4.3414e-06,0.0,200000.0,0.0,1,False,observed_sink,1.0,,,1,1,False,False,False,0.0,0,1877,False
100000000555721100,terminal,0.9,1,0.6239,"получил 113 тыс. KZT, 3 перевода от 2 плательщиков, из них seed: 1; исходящих переводов 0, они проверены обходом на колене 1","R4a.terminal: исходящих переводов нет, они проверены обходом (depth <= 3)",1,False,2,0,113000.0,0.0,3,0,0.000308091961795813,0.0,-0.0,0.0032895891,0.0,113000.0,0.0,1,False,observed_sink,1.0,,,2,1,False,False,False,0.5,0,1877,False
100000008729801100,terminal,0.65,0,0.3063,"получил 18 тыс. KZT, 1 перевод от 1 плательщика, из них seed: 1; исходящих переводов 0, они проверены обходом на колене 1; сумма ниже медианы графа 50 тыс. KZT — мелкий получатель","R4a.terminal: исходящих переводов нет, они проверены обходом (depth <= 3)",1,False,1,0,17534.0,0.0,1,0,0.00028924947543311713,0.0,-0.0,0.0,0.0,17534.0,0.0,1,False,observed_sink,1.0,,,1,1,False,False,False,0.0,0,270,False
100000004664905100,terminal,0.9,3,0.6528,"получил 329 тыс. KZT, 4 перевода от 2 плательщиков, из них seed: 1; исходящих переводов 0, они проверены обходом на колене 1","R4a.terminal: исходящих переводов нет, они проверены обходом (depth <= 3)",1,False,2,0,329020.0,0.0,4,0,0.0004118439668426317,0.0,-0.0,0.0003053652,0.0,329020.0,0.0,1,False,observed_sink,1.0,,,1,1,False,False,False,0.0,0,1877,False
100000003057225100,terminal,0.9,3,0.5319,"получил 236 тыс. KZT, 1 перевод от 1 плательщика, из них seed: 1; исходящих переводов 0, они проверены обходом на колене 1","R4a.terminal: исходящих переводов нет, они проверены обходом (depth <= 3)",1,False,1,0,236000.0,0.0,1,0,0.0003109435548495802,0.0,-0.0,0.0002952416,0.0,236000.0,0.0,1,False,observed_sink,1.0,,,1,1,False,False,False,0.0,0,1877,False
100000000703902100,terminal,0.65,0,0.3466,"получил 25 тыс. KZT, 1 перевод от 1 плательщика, из них seed: 1; исходящих переводов 0, они проверены обходом на колене 1; сумма ниже медианы графа 50 тыс. KZT — мелкий получатель","R4a.terminal: исходящих переводов нет, они проверены обходом (depth <= 3)",1,False,1,0,25499.0,0.0,1,0,0.00029092123563524225,0.0,-0.0,0.0,0.0,25499.0,0.0,1,False,observed_sink,1.0,,,1,1,False,False,False,0.0,0,270,False
100000008720798100,terminal,0.65,0,0.2951,"получил 16 тыс. KZT, 1 перевод от 1 плательщика, из них seed: 1; исходящих переводов 0, они проверены обходом на колене 1; сумма ниже медианы графа 50 тыс. KZT — мелкий получатель","R4a.terminal: исходящих переводов нет, они проверены обходом (depth <= 3)",1,False,1,0,15534.0,0.0,1,0,0.0002888296988600788,0.0,-0.0,0.0,0.0,15534.0,0.0,1,False,observed_sink,1.0,,,1,1,False,False,False,0.0,0,270,False
100000001411870100,terminal,0.9,7,0.798,"получил 900 тыс. KZT, 4 перевода от 2 плательщиков, из них seed: 1; исходящих переводов 0, они проверены обходом на колене 1 | дробление: 3 перевода от одного плательщика за день","R4a.terminal: исходящих переводов нет, они проверены обходом (depth <= 3)",1,False,2,0,900000.0,0.0,4,0,0.0004780448174649516,0.0,-0.0,4.20066e-05,0.0,900000.0,0.0,1,False,observed_sink,1.0,,,1,3,False,False,True,1.0,0,1877,False
100000008556318100,terminal,0.9,2,0.6274,"получил 180 тыс. KZT, 2 перевода от 2 плательщиков, из них seed: 1; исходящих переводов 0, они проверены обходом на колене 1","R4a.terminal: исходящих переводов нет, они проверены обходом (depth <= 3)",1,False,2,0,180132.0,0.0,2,0,0.0005605041030696594,0.0,-0.0,0.0004648552,0.0,180132.0,0.0,1,False,observed_sink,1.0,,,1,1,False,False,False,0.0,0,1877,False
100000002720627100,terminal,0.9,9,0.5243,"получил 199 тыс. KZT, 1 перевод от 1 плательщика, из них seed: 1; исходящих переводов 0, они проверены обходом на колене 1","R4a.terminal: исходящих переводов нет, они проверены обходом (depth <= 3)",1,False,1,0,199300.0,0.0,1,0,0.0003157971602163407,0.0,-0.0,0.0001227996,0.0,199300.0,0.0,1,False,observed_sink,1.0,,,1,1,False,False,False,0.0,0,1877,False
100000003022835100,terminal,0.9,2,0.4933,"получил 125 тыс. KZT, 1 перевод от 1 плательщика, из них seed: 1; исходящих переводов 0, они проверены обходом на колене 1","R4a.terminal: исходящих переводов нет, они проверены обходом (depth <= 3)",1,False,1,0,125000.0,0.0,1,0,0.0003105988484375585,0.0,-0.0,0.000461168,0.0,125000.0,0.0,1,False,observed_sink,1.0,,,1,1,False,False,False,0.0,0,1877,False
100000008304115100,terminal,0.9,11,0.4172,"получил 51 тыс. KZT, 1 перевод от 1 плательщика, из них seed: 1; исходящих переводов 0, они проверены обходом на колене 1","R4a.terminal: исходящих переводов нет, они проверены обходом (depth <= 3)",1,False,1,0,51000.0,0.0,1,0,0.0002940330019607653,0.0,-0.0,1.01e-05,0.0,51000.0,0.0,1,False,observed_sink,1.0,,,1,1,False,False,False,0.0,0,1877,False
100000003886323100,terminal,0.85,3,0.6637,"из 78 тыс. KZT дальше ушло только 10% (8 тыс. KZT на 1 получателя), осело 71 тыс. KZT — сумма остановилась здесь",R4b.terminal: дальше уходит не более 26% полученного — сумма осела,1,False,2,1,78168.0,7650.0,6,1,0.0018048414724056996,1.922024458454748e-05,0.0,0.0002976022,0.09786613447958244,70518.0,0.0,1,False,observed_forwarder,0.0,3.0,0.0,1,2,False,False,False,0.5,1,1877,True
100000000607731100,transit,0.6,29,0.4421,отдал 67 тыс. KZT на 1 получателя при поступлениях 20 тыс. KZT: 47 тыс. KZT пришло вне выборки (собраны только исходящие); удержания нет,"R3b.transit: pass_through > 1.2 — отдал больше, чем получил по данным, приток извне выборки",1,False,1,1,20000.0,66666.0,1,1,0.00031753584489255785,5.944405541612623e-07,0.0,0.0,3.3333,0.0,46666.0,1,False,observed_forwarder,0.0,,,1,1,False,False,False,0.0,1,13,True
100000005961971100,terminal,0.65,0,0.404,"получил 47 тыс. KZT, 1 перевод от 1 плательщика, из них seed: 1; исходящих переводов 0, они проверены обходом на колене 1; сумма ниже медианы графа 50 тыс. KZT — мелкий получатель","R4a.terminal: исходящих переводов нет, они проверены обходом (depth <= 3)",1,False,1,0,47353.0,0.0,1,0,0.000295508134248832,0.0,-0.0,0.0,0.0,47353.0,0.0,1,False,observed_sink,1.0,,,1,1,False,False,False,0.0,0,270,False
100000000440392100,terminal,0.9,3,0.474,"получил 106 тыс. KZT, 4 перевода от 1 плательщика, из них seed: 1; исходящих переводов 0, они проверены обходом на колене 1","R4a.terminal: исходящих переводов нет, они проверены обходом (depth <= 3)",1,False,1,0,105705.0,0.0,4,0,0.000296934490065325,0.0,-0.0,0.0002952416,0.0,105705.0,0.0,1,False,observed_sink,1.0,,,1,1,False,False,False,0.0,0,1877,False
100000004105288100,terminal,0.9,2,0.6307,"получил 215 тыс. KZT, 2 перевода от 2 плательщиков, из них seed: 1; исходящих переводов 0, они проверены обходом на колене 1","R4a.terminal: исходящих переводов нет, они проверены обходом (depth <= 3)",1,False,2,0,215000.0,0.0,2,0,0.00046304013809882774,0.0,-0.0,0.0001237974,0.0,215000.0,0.0,1,False,observed_sink,1.0,,,1,1,False,False,False,0.0,0,1877,False
100000008169544100,peripheral,0.5,3,0.5484,"вход 137 тыс. KZT от 1, выход 43 тыс. KZT на 4, пропуск 31% — смешанный профиль: плательщиков меньше 4, получателей меньше 11, пропуск вне зон транзита и осаждения",R5.peripheral,1,False,1,4,137104.0,42800.0,2,7,0.00030031044942800835,0.00011830662935118885,0.0001328105,0.0002952416,0.31217178200490137,94304.0,0.0,1,False,observed_forwarder,0.0,1.0,0.28738317757009346,1,2,False,False,False,0.5,1595,1877,True
100000004186824100,terminal,0.85,3,0.7459,"из 452 тыс. KZT дальше ушло только 2% (7 тыс. KZT на 1 получателя), осело 445 тыс. KZT — сумма остановилась здесь",R4b.terminal: дальше уходит не более 26% полученного — сумма осела,1,False,2,1,451700.0,7000.0,7,1,0.00038192715477473974,2.1796153652579613e-06,0.0001266671,0.0003078381,0.015497011290679655,444700.0,0.0,1,False,observed_forwarder,0.0,4.0,0.0,1,2,False,False,False,0.5,14,1877,False
100000008672200100,terminal,0.65,0,0.2567,"получил 9 тыс. KZT, 1 перевод от 1 плательщика, из них seed: 1; исходящих переводов 0, они проверены обходом на колене 1; сумма ниже медианы графа 50 тыс. KZT — мелкий получатель","R4a.terminal: исходящих переводов нет, они проверены обходом (depth <= 3)",1,False,1,0,8511.0,0.0,1,0,0.0002873556534238548,0.0,-0.0,0.0,0.0,8511.0,0.0,1,False,observed_sink,1.0,,,1,1,False,False,False,0.0,0,270,False
100000002188829100,terminal,0.9,2,0.5741,"получил 400 тыс. KZT, 1 перевод от 1 плательщика, из них seed: 1; исходящих переводов 0, они проверены обходом на колене 1","R4a.terminal: исходящих переводов нет, они проверены обходом (depth <= 3)",1,False,1,0,400000.0,0.0,1,0,0.00036566386772214876,0.0,-0.0,0.000461168,0.0,400000.0,0.0,1,False,observed_sink,1.0,,,1,1,False,False,False,0.0,0,1877,False
100000008717341100,terminal,0.65,0,0.2874,"получил 15 тыс. KZT, 1 перевод от 1 плательщика, из них seed: 1; исходящих переводов 0, они проверены обходом на колене 1; сумма ниже медианы графа 50 тыс. KZT — мелкий получатель","R4a.terminal: исходящих переводов нет, они проверены обходом (depth <= 3)",1,False,1,0,14627.0,0.0,1,0,0.0002886393301842059,0.0,-0.0,0.0,0.0,14627.0,0.0,1,False,observed_sink,1.0,,,1,1,False,False,False,0.0,0,270,False
100000002214301100,peripheral,0.5,1,0.3305,"вход 21 тыс. KZT от 1, выход 8 тыс. KZT на 1, пропуск 37% — смешанный профиль: плательщиков меньше 4, получателей меньше 11, пропуск вне зон транзита и осаждения",R5.peripheral,1,False,1,1,21438.0,8000.0,1,1,0.000289592186865428,9.610122292273739e-05,0.0,0.0021516816,0.373169138912212,13438.0,0.0,1,False,observed_forwarder,0.0,19.0,0.0,1,1,False,False,False,0.0,5,1877,True
100000002565277100,terminal,0.9,2,0.5841,"получил 483 тыс. KZT, 1 перевод от 1 плательщика, из них seed: 1; исходящих переводов 0, они проверены обходом на колене 1","R4a.terminal: исходящих переводов нет, они проверены обходом (depth <= 3)",1,False,1,0,483319.0,0.0,1,0,0.00038234736714677707,0.0,-0.0,0.000461168,0.0,483319.0,0.0,1,False,observed_sink,1.0,,,1,1,False,False,False,0.0,0,1877,False
100000005546031100,terminal,0.85,49,0.7111,"из 67 тыс. KZT дальше ушло только 12% (8 тыс. KZT на 1 получателя), осело 59 тыс. KZT — сумма остановилась здесь | сквозной транзит за 2 дн. (100% суммы)",R4b.terminal: дальше уходит не более 26% полученного — сумма осела,1,False,3,1,66800.0,8000.0,6,1,0.0007125289535173731,5.944405541612623e-07,0.0,0.0,0.11976047904191617,58800.0,0.0,1,False,observed_forwarder,0.0,2.0,1.0,2,2,True,False,False,1.0,2,6,False
100000003449074100,terminal,0.65,1,0.265,"получил 10 тыс. KZT, 1 перевод от 1 плательщика, из них seed: 1; исходящих переводов 0, они проверены обходом на колене 1; сумма ниже медианы графа 50 тыс. KZT — мелкий получатель","R4a.terminal: исходящих переводов нет, они проверены обходом (depth <= 3)",1,False,1,0,10000.0,0.0,1,0,0.0002874458184490925,0.0,-0.0,0.0021516816,0.0,10000.0,0.0,1,False,observed_sink,1.0,,,1,1,False,False,False,0.0,0,1877,False
100000008748914100,distributor,0.591,2,0.8166,"веер на 13 получателей, 21 перевод на 4.5 млн KZT; отдал на 4.3 млн KZT больше, чем получил в выборке | дробление: 4 перевода от одного плательщика за день",R1.distributor: out_deg >= 11,1,False,2,13,180000.0,4471847.0,9,21,0.0007908267344260654,0.0006406087705344536,0.0033332685,0.0,24.843594444444445,0.0,4291847.0,1,False,observed_forwarder,0.0,0.0,0.4959248382156187,1,4,False,False,True,1.0,1617,1877,True
100000004744306100,transit,0.6,18,0.4849,отдал 92 тыс. KZT на 2 получателей при поступлениях 69 тыс. KZT: 23 тыс. KZT пришло вне выборки (собраны только исходящие); удержания нет,"R3b.transit: pass_through > 1.2 — отдал больше, чем получил по данным, приток извне выборки",1,False,1,2,69000.0,92000.0,1,3,0.0004607769966825409,3.923307657464331e-05,0.0,8.7e-09,1.3333333333333333,0.0,23000.0,1,False,observed_forwarder,0.0,6.0,0.0,1,1,False,False,False,0.0,2,1877,True
100000003158727100,terminal,0.9,7,0.7101,"получил 368 тыс. KZT, 3 перевода от 3 плательщиков, из них seed: 1; исходящих переводов 0, они проверены обходом на колене 1","R4a.terminal: исходящих переводов нет, они проверены обходом (depth <= 3)",1,False,3,0,367940.0,0.0,3,0,0.0003141291273527455,0.0,-0.0,7.5838e-06,0.0,367940.0,0.0,1,False,observed_sink,1.0,,,2,1,False,False,False,0.5,0,1877,False
100000001389255100,terminal,0.65,0,0.2997,"получил 16 тыс. KZT, 1 перевод от 1 плательщика, из них seed: 1; исходящих переводов 0, они проверены обходом на колене 1; сумма ниже медианы графа 50 тыс. KZT — мелкий получатель","R4a.terminal: исходящих переводов нет, они проверены обходом (depth <= 3)",1,False,1,0,16136.0,0.0,1,0,0.00028895605160856333,0.0,-0.0,0.0,0.0,16136.0,0.0,1,False,observed_sink,1.0,,,1,1,False,False,False,0.0,0,270,False
100000008695495100,terminal,0.65,0,0.3259,"получил 21 тыс. KZT, 1 перевод от 1 плательщика, из них seed: 1; исходящих переводов 0, они проверены обходом на колене 1; сумма ниже медианы графа 50 тыс. KZT — мелкий получатель","R4a.terminal: исходящих переводов нет, они проверены обходом (depth <= 3)",1,False,1,0,21000.0,0.0,1,0,0.00028997694823419256,0.0,-0.0,0.0,0.0,21000.0,0.0,1,False,observed_sink,1.0,,,1,1,False,False,False,0.0,0,270,False
100000004015047100,coordinator,0.8,7,0.9861,"получает 919 тыс. KZT (топ-5% графа) от 9 плательщиков, из них seed: 3; 1 из них сами собирают от 4+ плательщиков; отдаёт дальше 8% | сквозной транзит за 1 дн. (64% суммы)","R6.coordinator: >= 2 плательщиков-сборщиков (in_deg >= 4) либо >= 2 seed-плательщиков, при in_kzt в топ-5% (614 тыс. KZT) и не seed",1,False,9,1,919104.0,69195.0,18,7,0.002278597110650866,2.2885961335208597e-05,2.021e-07,5.05689e-05,0.07528527783580531,849909.0,0.0,3,False,observed_forwarder,0.0,1.0,0.636346556832141,2,3,True,False,True,1.0,6,1877,False
100000005183943100,terminal,0.9,44,0.6111,"получил 681 тыс. KZT, 9 переводов от 1 плательщика, из них seed: 1; исходящих переводов 0, они проверены обходом на колене 1","R4a.terminal: исходящих переводов нет, они проверены обходом (depth <= 3)",1,False,1,0,680900.0,0.0,9,0,0.0006108393603081334,0.0,-0.0,0.0,0.0,680900.0,0.0,1,False,observed_sink,1.0,,,1,1,False,False,False,0.0,0,6,False
100000003004487100,consolidator,0.5,31,0.765,"сходятся 4 плательщика (seed: 1) на 2 получателей; получено 184 тыс. KZT, отдано дальше 144%, осело 0 KZT | сквозной транзит за 2 дн. (92% суммы)","R2.consolidator: in_deg >= 4 и out_deg <= max(2, in_deg/2)",1,False,4,2,183702.8,265015.0,9,3,0.00035087248171634185,0.00019279688639963605,0.0,0.0057477525,1.4426290726107605,0.0,81312.20000000001,1,False,observed_forwarder,0.0,2.0,0.9245325736279079,2,2,True,False,False,0.9245325736279079,10,1877,True
100000003042994100,terminal,0.9,3,0.5472,"получил 286 тыс. KZT, 3 перевода от 1 плательщика, из них seed: 1; исходящих переводов 0, они проверены обходом на колене 1","R4a.terminal: исходящих переводов нет, они проверены обходом (depth <= 3)",1,False,1,0,286086.0,0.0,3,0,0.0003163287040785161,0.0,-0.0,0.0002952416,0.0,286086.0,0.0,1,False,observed_sink,1.0,,,1,1,False,False,False,0.0,0,1877,False
100000001899164100,consolidator,0.5,11,0.8205,"сходятся 4 плательщика (seed: 1) на 3 получателей; получено 292 тыс. KZT, отдано дальше 26%, осело 215 тыс. KZT","R2.consolidator: in_deg >= 4 и out_deg <= max(2, in_deg/2)",1,False,4,3,291675.0,76500.0,5,3,0.0011765620095510463,0.00012661583803634885,0.0,0.0001272036,0.2622782206222679,215175.0,0.0,1,False,observed_forwarder,0.0,7.0,0.0,2,1,False,False,False,0.5,6,1877,True
100000003946524100,transit,0.795,2,0.5892,"пропускает 108% полученного: вход 134 тыс. KZT от 2, выход 145 тыс. KZT на 2, деньги лежат 6 дн.","R3a.transit: pass_through в [0.8, 1.2] — прошло почти всё полученное",1,False,2,2,133757.0,144750.0,2,2,0.0003260605758889195,0.0001194825513864137,0.0,0.0004648849,1.0821863528637754,0.0,10993.0,1,False,observed_forwarder,0.0,6.0,0.0,1,1,False,False,False,0.0,5,1877,True
100000008717340100,terminal,0.65,0,0.3906,"получил 42 тыс. KZT, 1 перевод от 1 плательщика, из них seed: 1; исходящих переводов 0, они проверены обходом на колене 1; сумма ниже медианы графа 50 тыс. KZT — мелкий получатель","R4a.terminal: исходящих переводов нет, они проверены обходом (depth <= 3)",1,False,1,0,41500.0,0.0,1,0,0.0002942796581078353,0.0,-0.0,0.0,0.0,41500.0,0.0,1,False,observed_sink,1.0,,,1,1,False,False,False,0.0,0,270,False
100000003831324100,terminal,0.9,7,0.6342,"получил 300 тыс. KZT, 2 перевода от 2 плательщиков, из них seed: 1; исходящих переводов 0, они проверены обходом на колене 1","R4a.terminal: исходящих переводов нет, они проверены обходом (depth <= 3)",1,False,2,0,300000.0,0.0,2,0,0.00031519260326985616,0.0,-0.0,4.6724e-06,0.0,300000.0,0.0,1,False,observed_sink,1.0,,,1,1,False,False,False,0.0,0,1877,False
100000008129393100,terminal,0.65,53,0.296,"получил 10 тыс. KZT, 1 перевод от 1 плательщика, из них seed: 1; исходящих переводов 0, они проверены обходом на колене 1; сумма ниже медианы графа 50 тыс. KZT — мелкий получатель","R4a.terminal: исходящих переводов нет, они проверены обходом (depth <= 3)",1,False,1,0,10000.0,0.0,1,0,0.0003116981820260483,0.0,-0.0,0.0,0.0,10000.0,0.0,1,False,observed_sink,1.0,,,1,1,False,False,False,0.0,0,5,False
100000004388209100,terminal,0.65,0,0.275,"получил 12 тыс. KZT, 1 перевод от 1 плательщика, из них seed: 1; исходящих переводов 0, они проверены обходом на колене 1; сумма ниже медианы графа 50 тыс. KZT — мелкий получатель","R4a.terminal: исходящих переводов нет, они проверены обходом (depth <= 3)",1,False,1,0,11800.0,0.0,1,0,0.00028804597599821623,0.0,-0.0,0.0,0.0,11800.0,0.0,1,False,observed_sink,1.0,,,1,1,False,False,False,0.0,0,270,False
100000000706545100,terminal,0.85,3,0.814,"из 1.1 млн KZT дальше ушло только 7% (76 тыс. KZT на 1 получателя), осело 994 тыс. KZT — сумма остановилась здесь",R4b.terminal: дальше уходит не более 26% полученного — сумма осела,1,False,3,1,1070300.0,75800.0,8,3,0.0032266260404967273,1.9616538287321655e-05,0.0,0.000322273,0.07082126506586939,994500.0,0.0,1,False,observed_forwarder,0.0,12.0,0.0,1,2,False,False,False,0.5,1,1877,True
100000004497606100,terminal,0.65,0,0.2951,"получил 16 тыс. KZT, 1 перевод от 1 плательщика, из них seed: 1; исходящих переводов 0, они проверены обходом на колене 1; сумма ниже медианы графа 50 тыс. KZT — мелкий получатель","R4a.terminal: исходящих переводов нет, они проверены обходом (depth <= 3)",1,False,1,0,15534.0,0.0,1,0,0.0002888296988600788,0.0,-0.0,0.0,0.0,15534.0,0.0,1,False,observed_sink,1.0,,,1,1,False,False,False,0.0,0,270,False
100000008470470100,terminal,0.65,0,0.3723,"получил 34 тыс. KZT, 1 перевод от 1 плательщика, из них seed: 1; исходящих переводов 0, они проверены обходом на колене 1; сумма ниже медианы графа 50 тыс. KZT — мелкий получатель","R4a.terminal: исходящих переводов нет, они проверены обходом (depth <= 3)",1,False,1,0,33547.0,0.0,1,0,0.00029261041656514843,0.0,-0.0,0.0,0.0,33547.0,0.0,1,False,observed_sink,1.0,,,1,1,False,False,False,0.0,0,270,False
100000004318918100,terminal,0.9,9,0.4478,"получил 76 тыс. KZT, 1 перевод от 1 плательщика, из них seed: 1; исходящих переводов 0, они проверены обходом на колене 1","R4a.terminal: исходящих переводов нет, они проверены обходом (depth <= 3)",1,False,1,0,75600.0,0.0,1,0,0.0002970355594933977,0.0,-0.0,0.0001227996,0.0,75600.0,0.0,1,False,observed_sink,1.0,,,1,1,False,False,False,0.0,0,1877,False
100000005228059100,terminal,0.65,0,0.3475,"получил 26 тыс. KZT, 1 перевод от 1 плательщика, из них seed: 1; исходящих переводов 0, они проверены обходом на колене 1; сумма ниже медианы графа 50 тыс. KZT — мелкий получатель","R4a.terminal: исходящих переводов нет, они проверены обходом (depth <= 3)",1,False,1,0,26000.0,0.0,1,0,0.0002910263896667883,0.0,-0.0,0.0,0.0,26000.0,0.0,1,False,observed_sink,1.0,,,1,1,False,False,False,0.0,0,270,False
100000001609499100,terminal,0.85,1,0.6836,"из 263 тыс. KZT дальше ушло только 8% (21 тыс. KZT на 2 получателей), осело 242 тыс. KZT — сумма остановилась здесь",R4b.terminal: дальше уходит не более 26% полученного — сумма осела,1,False,3,2,263113.0,21000.0,3,2,0.0003209139565492521,0.0001842231717471561,0.0005433343,0.0066618751,0.07981361620292422,242113.0,0.0,1,False,observed_forwarder,0.0,2.0,0.47619047619047616,1,1,False,False,False,0.0,1595,1877,False
100000002824176100,terminal,0.9,7,0.5106,"получил 144 тыс. KZT, 1 перевод от 1 плательщика, из них seed: 1; исходящих переводов 0, они проверены обходом на колене 1","R4a.terminal: исходящих переводов нет, они проверены обходом (depth <= 3)",1,False,1,0,144000.0,0.0,1,0,0.0003385981575005855,0.0,-0.0,9.228e-07,0.0,144000.0,0.0,1,False,observed_sink,1.0,,,1,1,False,False,False,0.0,0,1877,False
100000001363952100,peripheral,0.5,5,0.5957,"вход 197 тыс. KZT от 2, выход 91 тыс. KZT на 1, пропуск 46% — смешанный профиль: плательщиков меньше 4, получателей меньше 11, пропуск вне зон транзита и осаждения",R5.peripheral,1,False,2,1,196655.0,91000.0,2,2,0.00030709529312418954,1.922024458454748e-05,0.0,0.0022653389,0.4627393150441128,105655.0,0.0,1,False,observed_forwarder,0.0,0.0,0.10989010989010989,1,1,False,False,False,0.0,1,1877,True
100000001049200100,peripheral,0.5,16,0.5362,"вход 77 тыс. KZT от 2, выход 36 тыс. KZT на 4, пропуск 47% — смешанный профиль: плательщиков меньше 4, получателей меньше 11, пропуск вне зон транзита и осаждения",R5.peripheral,1,False,2,4,76624.0,36000.0,2,5,0.00029829130032713914,0.0011596533657190738,1.10124e-05,0.0003797223,0.46982668615577367,40624.0,0.0,1,False,observed_forwarder,0.0,5.0,0.0,1,1,False,False,False,0.0,1595,1877,False
100000002662768100,terminal,0.9,2,0.4627,"получил 84 тыс. KZT, 1 перевод от 1 плательщика, из них seed: 1; исходящих переводов 0, они проверены обходом на колене 1","R4a.terminal: исходящих переводов нет, они проверены обходом (depth <= 3)",1,False,1,0,84300.0,0.0,1,0,0.0003064555955058235,0.0,-0.0,6.78008e-05,0.0,84300.0,0.0,1,False,observed_sink,1.0,,,1,1,False,False,False,0.0,0,1877,False
100000004737477100,transit,0.541,1,0.555,"пропускает 82% полученного: вход 50 тыс. KZT от 2, выход 40 тыс. KZT на 1, деньги лежат 2 дн.","R3a.transit: pass_through в [0.8, 1.2] — прошло почти всё полученное",1,False,2,1,49598.0,40500.0,3,3,0.0002923193048489305,1.922024458454748e-05,0.0,0.0050574633,0.8165651840800032,9098.0,0.0,1,False,observed_forwarder,0.0,2.0,0.37037037037037035,1,2,False,False,False,0.5,1,1877,True
100000008680451100,terminal,0.65,0,0.3342,"получил 24 тыс. KZT, 1 перевод от 1 плательщика, из них seed: 1; исходящих переводов 0, они проверены обходом на колене 1; сумма ниже медианы графа 50 тыс. KZT — мелкий получатель","R4a.terminal: исходящих переводов нет, они проверены обходом (depth <= 3)",1,False,1,0,23534.0,0.0,1,0,0.0002905088051522321,0.0,-0.0,0.0,0.0,23534.0,0.0,1,False,observed_sink,1.0,,,1,1,False,False,False,0.0,0,270,False
100000001952325100,terminal,0.9,0,0.455,"получил 78 тыс. KZT, 2 перевода от 1 плательщика, из них seed: 1; исходящих переводов 0, они проверены обходом на колене 1","R4a.terminal: исходящих переводов нет, они проверены обходом (depth <= 3)",1,False,1,0,77888.0,0.0,2,0,0.00030191707307769447,0.0,-0.0,0.0,0.0,77888.0,0.0,1,False,observed_sink,1.0,,,1,1,False,False,False,0.0,0,270,False
100000008751429100,terminal,0.812,43,0.7954,"из 386 тыс. KZT дальше ушло только 19% (73 тыс. KZT на 1 получателя), осело 314 тыс. KZT — сумма остановилась здесь | сквозной транзит за 0 дн. (100% суммы)",R4b.terminal: дальше уходит не более 26% полученного — сумма осела,1,False,3,1,386200.0,72600.0,6,2,0.0015043129924041077,0.0,0.0,0.0,0.1879854997410668,313600.0,0.0,1,False,observed_forwarder,0.0,0.5,1.0,2,2,True,False,False,1.0,5,6,False
100000001960517100,terminal,0.9,7,0.5351,"получил 200 тыс. KZT, 1 перевод от 1 плательщика, из них seed: 1; исходящих переводов 0, они проверены обходом на колене 1","R4a.terminal: исходящих переводов нет, они проверены обходом (depth <= 3)",1,False,1,0,200000.0,0.0,1,0,0.000359220493221867,0.0,-0.0,9.228e-07,0.0,200000.0,0.0,1,False,observed_sink,1.0,,,1,1,False,False,False,0.0,0,1877,False
100000008686234100,terminal,0.65,1,0.3838,"получил 40 тыс. KZT, 1 перевод от 1 плательщика, из них seed: 1; исходящих переводов 0, они проверены обходом на колене 1; сумма ниже медианы графа 50 тыс. KZT — мелкий получатель","R4a.terminal: исходящих переводов нет, они проверены обходом (depth <= 3)",1,False,1,0,39778.0,0.0,1,0,0.0002930337323065535,0.0,-0.0,0.0021516816,0.0,39778.0,0.0,1,False,observed_sink,1.0,,,1,1,False,False,False,0.0,0,1877,False
100000004213658100,terminal,0.65,0,0.346,"получил 25 тыс. KZT, 1 перевод от 1 плательщика, из них seed: 1; исходящих переводов 0, они проверены обходом на колене 1; сумма ниже медианы графа 50 тыс. KZT — мелкий получатель","R4a.terminal: исходящих переводов нет, они проверены обходом (depth <= 3)",1,False,1,0,25347.0,0.0,1,0,0.00029088933261569135,0.0,-0.0,0.0,0.0,25347.0,0.0,1,False,observed_sink,1.0,,,1,1,False,False,False,0.0,0,270,False
100000001194266100,terminal,0.9,2,0.4154,"получил 50 тыс. KZT, 1 перевод от 1 плательщика, из них seed: 1; исходящих переводов 0, они проверены обходом на колене 1","R4a.terminal: исходящих переводов нет, они проверены обходом (depth <= 3)",1,False,1,0,50000.0,0.0,1,0,0.0002955811159053975,0.0,-0.0,0.000461168,0.0,50000.0,0.0,1,False,observed_sink,1.0,,,1,1,False,False,False,0.0,0,1877,False
100000002243354100,terminal,0.65,0,0.325,"получил 21 тыс. KZT, 1 перевод от 1 плательщика, из них seed: 1; исходящих переводов 0, они проверены обходом на колене 1; сумма ниже медианы графа 50 тыс. KZT — мелкий получатель","R4a.terminal: исходящих переводов нет, они проверены обходом (depth <= 3)",1,False,1,0,20879.0,0.0,1,0,0.00028995155175152374,0.0,-0.0,0.0,0.0,20879.0,0.0,1,False,observed_sink,1.0,,,1,1,False,False,False,0.0,0,270,False
100000006069103100,transit,0.55,3,0.653,"пропускает 118% полученного: вход 229 тыс. KZT от 3, выход 270 тыс. KZT на 3, деньги лежат 0 дн.","R3a.transit: pass_through в [0.8, 1.2] — прошло почти всё полученное",1,False,3,3,228818.0,270000.0,3,4,0.0011516310982681705,5.805702745641661e-05,0.0,0.0003102994,1.1799770997036947,0.0,41182.0,1,False,observed_forwarder,0.0,0.5,0.16666666666666666,1,1,False,False,False,0.0,3,1877,True
100000002760175100,terminal,0.9,9,0.519,"получил 187 тыс. KZT, 1 перевод от 1 плательщика, из них seed: 1; исходящих переводов 0, они проверены обходом на колене 1","R4a.terminal: исходящих переводов нет, они проверены обходом (depth <= 3)",1,False,1,0,187410.0,0.0,1,0,0.00031399380182833917,0.0,-0.0,0.0001227996,0.0,187410.0,0.0,1,False,observed_sink,1.0,,,1,1,False,False,False,0.0,0,1877,False
100000003567087100,terminal,0.9,0,0.4376,"получил 62 тыс. KZT, 1 перевод от 1 плательщика, из них seed: 1; исходящих переводов 0, они проверены обходом на колене 1","R4a.terminal: исходящих переводов нет, они проверены обходом (depth <= 3)",1,False,1,0,62115.0,0.0,1,0,0.0002986065051344278,0.0,-0.0,0.0,0.0,62115.0,0.0,1,False,observed_sink,1.0,,,1,1,False,False,False,0.0,0,270,False
100000008229700100,peripheral,0.5,11,0.3241,"вход 24 тыс. KZT от 1, выход 7 тыс. KZT на 1, пропуск 31% — смешанный профиль: плательщиков меньше 4, получателей меньше 11, пропуск вне зон транзита и осаждения",R5.peripheral,1,False,1,1,23500.0,7200.0,1,1,0.00028946923798144053,1.981468513870874e-07,0.0,1.01e-05,0.30638297872340425,16300.0,0.0,1,False,observed_forwarder,0.0,11.0,0.0,1,1,False,False,False,0.0,1,1877,True
100000004076740100,transit,0.6,34,0.6718,отдал 125 тыс. KZT на 6 получателей при поступлениях 93 тыс. KZT: 32 тыс. KZT пришло вне выборки (собраны только исходящие); удержания нет,"R3b.transit: pass_through > 1.2 — отдал больше, чем получил по данным, приток извне выборки",1,False,3,6,93250.0,125000.0,5,10,0.0007414546780411341,0.000435160400673932,1.958e-07,0.0021866523,1.3404825737265416,0.0,31750.0,1,False,observed_forwarder,0.0,6.0,0.184,1,2,False,False,False,0.5,23,1877,True
100000003284932100,terminal,0.9,2,0.4441,"получил 70 тыс. KZT, 1 перевод от 1 плательщика, из них seed: 1; исходящих переводов 0, они проверены обходом на колене 1","R4a.terminal: исходящих переводов нет, они проверены обходом (depth <= 3)",1,False,1,0,69925.0,0.0,1,0,0.0002995708268481083,0.0,-0.0,0.000461168,0.0,69925.0,0.0,1,False,observed_sink,1.0,,,1,1,False,False,False,0.0,0,1877,False
100000008071620100,terminal,0.65,1,0.4003,"получил 47 тыс. KZT, 1 перевод от 1 плательщика, из них seed: 1; исходящих переводов 0, они проверены обходом на колене 1; сумма ниже медианы графа 50 тыс. KZT — мелкий получатель","R4a.terminal: исходящих переводов нет, они проверены обходом (depth <= 3)",1,False,1,0,46968.0,0.0,1,0,0.00029438295322921934,0.0,-0.0,0.0021516816,0.0,46968.0,0.0,1,False,observed_sink,1.0,,,1,1,False,False,False,0.0,0,1877,False
100000003235780100,terminal,0.9,1,0.513,"получил 65 тыс. KZT, 2 перевода от 2 плательщиков, из них seed: 1; исходящих переводов 0, они проверены обходом на колене 1","R4a.terminal: исходящих переводов нет, они проверены обходом (depth <= 3)",1,False,2,0,65000.0,0.0,2,0,0.00029120007891764486,0.0,-0.0,0.0050574633,0.0,65000.0,0.0,1,False,observed_sink,1.0,,,1,1,False,False,False,0.0,0,1877,False
100000005363908100,transit,1.0,49,0.4554,"пропускает 100% полученного: вход 20 тыс. KZT от 1, выход 20 тыс. KZT на 1, деньги лежат 0 дн. | сквозной транзит за 0 дн. (100% суммы)","R3a.transit: pass_through в [0.8, 1.2] — прошло почти всё полученное",1,False,1,1,19500.0,19500.0,1,1,0.0003385171206244062,0.0,0.0,0.0,1.0,0.0,0.0,1,False,observed_forwarder,0.0,0.0,1.0,1,1,True,False,False,1.0,3,6,False
100000001851289100,terminal,0.9,3,0.5808,"получил 110 тыс. KZT, 3 перевода от 1 плательщика, из них seed: 1; исходящих переводов 0, они проверены обходом на колене 1 | дробление: 3 перевода от одного плательщика за день","R4a.terminal: исходящих переводов нет, они проверены обходом (depth <= 3)",1,False,1,0,109510.0,0.0,3,0,0.00029734359625899394,0.0,-0.0,0.0002952416,0.0,109510.0,0.0,1,False,observed_sink,1.0,,,1,3,False,False,True,1.0,0,1877,False
100000002870937100,terminal,0.9,7,0.4427,"получил 84 тыс. KZT, 1 перевод от 1 плательщика, из них seed: 1; исходящих переводов 0, они проверены обходом на колене 1","R4a.terminal: исходящих переводов нет, они проверены обходом (depth <= 3)",1,False,1,0,83700.0,0.0,1,0,0.0002903688396007318,0.0,-0.0,4.3414e-06,0.0,83700.0,0.0,1,False,observed_sink,1.0,,,1,1,False,False,False,0.0,0,1877,False
100000002152857100,transit,0.6,27,0.5606,отдал 1.2 млн KZT на 5 получателей при поступлениях 105 тыс. KZT: 1.1 млн KZT пришло вне выборки (собраны только исходящие); удержания нет,"R3b.transit: pass_through > 1.2 — отдал больше, чем получил по данным, приток извне выборки",1,False,1,5,105000.0,1230000.0,1,6,0.0002997108402620934,0.00031346831889437224,2.29816e-05,4.08959e-05,11.714285714285714,0.0,1125000.0,1,False,observed_forwarder,0.0,2.0,0.5853658536585366,1,1,False,False,False,0.0,1609,1877,True
100000002600345100,terminal,0.9,3,0.5056,"получил 52 тыс. KZT, 2 перевода от 2 плательщиков, из них seed: 1; исходящих переводов 0, они проверены обходом на колене 1","R4a.terminal: исходящих переводов нет, они проверены обходом (depth <= 3)",1,False,2,0,52400.0,0.0,2,0,0.0002957205308431155,0.0,-0.0,0.0003197168,0.0,52400.0,0.0,1,False,observed_sink,1.0,,,1,1,False,False,False,0.0,0,1877,False
100000002580377100,terminal,0.85,3,0.4079,"из 38 тыс. KZT дальше ушло только 13% (5 тыс. KZT на 1 получателя), осело 33 тыс. KZT — сумма остановилась здесь",R4b.terminal: дальше уходит не более 26% полученного — сумма осела,1,False,1,1,37750.0,5000.0,2,1,0.00028962810073792137,1.922024458454748e-05,0.0,0.0002952416,0.13245033112582782,32750.0,0.0,1,False,observed_forwarder,0.0,3.0,0.0,1,1,False,False,False,0.0,1,1877,True
100000004094958100,transit,0.936,49,0.5346,"пропускает 103% полученного: вход 39 тыс. KZT от 1, выход 40 тыс. KZT на 1, деньги лежат 0 дн. | сквозной транзит за 0 дн. (100% суммы)","R3a.transit: pass_through в [0.8, 1.2] — прошло почти всё полученное",1,False,1,1,39000.0,40000.0,1,1,0.0003914649470315221,1.981468513870874e-07,0.0,0.0,1.0256410256410255,0.0,1000.0,1,False,observed_forwarder,0.0,0.0,1.0,1,1,True,False,False,1.0,1,6,False
100000002609774100,transit,0.6,8,0.3672,отдал 28 тыс. KZT на 1 получателя при поступлениях 8 тыс. KZT: 20 тыс. KZT пришло вне выборки (собраны только исходящие); удержания нет,"R3b.transit: pass_through > 1.2 — отдал больше, чем получил по данным, приток извне выборки",1,False,1,1,7700.0,27500.0,1,1,0.0002863971832294454,0.0002797007929704895,1.20562e-05,0.0002952416,3.5714285714285716,0.0,19800.0,1,False,observed_forwarder,0.0,,,1,1,False,False,False,0.0,1595,1877,False
100000002596035100,terminal,0.9,9,0.5351,"получил 232 тыс. KZT, 1 перевод от 1 плательщика, из них seed: 1; исходящих переводов 0, они проверены обходом на колене 1","R4a.terminal: исходящих переводов нет, они проверены обходом (depth <= 3)",1,False,1,0,231570.0,0.0,1,0,0.0003206915567832718,0.0,-0.0,0.0001227996,0.0,231570.0,0.0,1,False,observed_sink,1.0,,,1,1,False,False,False,0.0,0,1877,False
100000004664515100,terminal,0.65,1,0.3808,"получил 38 тыс. KZT, 1 перевод от 1 плательщика, из них seed: 1; исходящих переводов 0, они проверены обходом на колене 1; сумма ниже медианы графа 50 тыс. KZT — мелкий получатель","R4a.terminal: исходящих переводов нет, они проверены обходом (depth <= 3)",1,False,1,0,37691.0,0.0,1,0,0.0002926421016993763,0.0,-0.0,0.0021516816,0.0,37691.0,0.0,1,False,observed_sink,1.0,,,1,1,False,False,False,0.0,0,1877,False
100000000661912100,consolidator,0.625,1,0.8039,"сходятся 5 плательщиков (seed: 1) на 2 получателей; получено 393 тыс. KZT, отдано дальше 110%, осело 0 KZT | сквозной транзит за 0 дн. (75% суммы)","R2.consolidator: in_deg >= 4 и out_deg <= max(2, in_deg/2)",1,False,5,2,393036.0,430700.0,9,8,0.0017491597591117558,0.001333690545207292,0.0,0.0078621445,1.0958283719557496,0.0,37664.0,1,False,observed_forwarder,0.0,0.0,0.75156721615974,2,1,True,False,False,0.75156721615974,1595,1877,True
100000004144536100,consolidator,0.6,24,0.7533,"сходятся 4 плательщика (seed: 1) на 0 получателей; получено 168 тыс. KZT, отдано дальше 0%, осело 168 тыс. KZT","R2.consolidator: in_deg >= 4 и out_deg <= max(2, in_deg/2)",1,False,4,0,168000.0,0.0,6,0,0.0009685966718954024,0.0,-0.0,0.0,0.0,168000.0,0.0,1,False,observed_sink,1.0,,,2,1,False,False,False,0.5,0,17,False
100000006177176100,terminal,0.65,3,0.2554,"получил 9 тыс. KZT, 1 перевод от 1 плательщика, из них seed: 1; исходящих переводов 0, они проверены обходом на колене 1; сумма ниже медианы графа 50 тыс. KZT — мелкий получатель","R4a.terminal: исходящих переводов нет, они проверены обходом (depth <= 3)",1,False,1,0,8911.0,0.0,1,0,0.0002865273875922662,0.0,-0.0,0.0002952416,0.0,8911.0,0.0,1,False,observed_sink,1.0,,,1,1,False,False,False,0.0,0,1877,False
100000002158488100,terminal,0.65,0,0.3691,"получил 32 тыс. KZT, 1 перевод от 1 плательщика, из них seed: 1; исходящих переводов 0, они проверены обходом на колене 1; сумма ниже медианы графа 50 тыс. KZT — мелкий получатель","R4a.terminal: исходящих переводов нет, они проверены обходом (depth <= 3)",1,False,1,0,31723.0,0.0,1,0,0.00029222758033053747,0.0,-0.0,0.0,0.0,31723.0,0.0,1,False,observed_sink,1.0,,,1,1,False,False,False,0.0,0,270,False
100000000041368100,terminal,0.9,2,0.5119,"получил 160 тыс. KZT, 1 перевод от 1 плательщика, из них seed: 1; исходящих переводов 0, они проверены обходом на колене 1","R4a.terminal: исходящих переводов нет, они проверены обходом (depth <= 3)",1,False,1,0,160000.0,0.0,1,0,0.00031760712361923363,0.0,-0.0,0.000461168,0.0,160000.0,0.0,1,False,observed_sink,1.0,,,1,1,False,False,False,0.0,0,1877,False
100000008722328100,terminal,0.65,0,0.3355,"получил 24 тыс. KZT, 1 перевод от 1 плательщика, из них seed: 1; исходящих переводов 0, они проверены обходом на колене 1; сумма ниже медианы графа 50 тыс. KZT — мелкий получатель","R4a.terminal: исходящих переводов нет, они проверены обходом (depth <= 3)",1,False,1,0,23677.0,0.0,1,0,0.00029053881917720433,0.0,-0.0,0.0,0.0,23677.0,0.0,1,False,observed_sink,1.0,,,1,1,False,False,False,0.0,0,270,False
100000008735384100,terminal,0.65,0,0.3847,"получил 39 тыс. KZT, 1 перевод от 1 плательщика, из них seed: 1; исходящих переводов 0, они проверены обходом на колене 1; сумма ниже медианы графа 50 тыс. KZT — мелкий получатель","R4a.terminal: исходящих переводов нет, они проверены обходом (depth <= 3)",1,False,1,0,39220.0,0.0,1,0,0.00029380111281457165,0.0,-0.0,0.0,0.0,39220.0,0.0,1,False,observed_sink,1.0,,,1,1,False,False,False,0.0,0,270,False
100000004480280100,transit,0.6,2,0.5246,отдал 296 тыс. KZT на 2 получателей при поступлениях 147 тыс. KZT: 149 тыс. KZT пришло вне выборки (собраны только исходящие); удержания нет,"R3b.transit: pass_through > 1.2 — отдал больше, чем получил по данным, приток извне выборки",1,False,1,2,146694.0,295850.0,1,7,0.0003149427776315945,3.571762118628406e-05,1.86e-08,0.000461168,2.0167832358515003,0.0,149156.0,1,False,observed_forwarder,0.0,2.0,0.23998647963495015,1,1,False,False,False,0.0,2,1877,True
100000004286573100,terminal,0.65,11,0.299,"получил 17 тыс. KZT, 1 перевод от 1 плательщика, из них seed: 1; исходящих переводов 0, они проверены обходом на колене 1; сумма ниже медианы графа 50 тыс. KZT — мелкий получатель","R4a.terminal: исходящих переводов нет, они проверены обходом (depth <= 3)",1,False,1,0,16590.0,0.0,1,0,0.0002883224885597265,0.0,-0.0,1.01e-05,0.0,16590.0,0.0,1,False,observed_sink,1.0,,,1,1,False,False,False,0.0,0,1877,False
100000001746925100,terminal,0.85,2,0.4805,"из 65 тыс. KZT дальше ушло только 8% (5 тыс. KZT на 1 получателя), осело 60 тыс. KZT — сумма остановилась здесь",R4b.terminal: дальше уходит не более 26% полученного — сумма осела,1,False,1,1,65250.0,5000.0,1,1,0.0002986347215202703,0.00011888811083225245,0.0,0.000461168,0.07662835249042145,60250.0,0.0,1,False,observed_forwarder,0.0,,,1,1,False,False,False,0.0,5,1877,True
100000001660397100,transit,0.979,1,0.5965,"пропускает 101% полученного: вход 49 тыс. KZT от 2, выход 49 тыс. KZT на 3, деньги лежат 0 дн. | сквозной транзит за 0 дн. (76% суммы)","R3a.transit: pass_through в [0.8, 1.2] — прошло почти всё полученное",1,False,2,3,48600.0,49000.0,2,4,0.00029515233462771814,0.0005032951333514932,0.0005350801,0.0037560934,1.008230452674897,0.0,400.0,1,False,observed_forwarder,0.0,0.5,0.7551020408163265,1,1,True,False,False,0.7551020408163265,1595,1877,False
100000002591469100,terminal,0.9,7,0.5232,"получил 236 тыс. KZT, 1 перевод от 1 плательщика, из них seed: 1; исходящих переводов 0, они проверены обходом на колене 1","R4a.terminal: исходящих переводов нет, они проверены обходом (depth <= 3)",1,False,1,0,235670.0,0.0,1,0,0.0002990831396236902,0.0,-0.0,4.3414e-06,0.0,235670.0,0.0,1,False,observed_sink,1.0,,,1,1,False,False,False,0.0,0,1877,False
100000002731501100,transit,0.6,24,0.7733,отдал 834 тыс. KZT на 7 получателей при поступлениях 570 тыс. KZT: 264 тыс. KZT пришло вне выборки (собраны только исходящие); удержания нет | 3 плательщика в один день,"R3b.transit: pass_through > 1.2 — отдал больше, чем получил по данным, приток извне выборки",1,False,3,7,570370.0,833960.0,7,20,0.0004855839777590116,4.4583041562094666e-06,0.0,0.0,1.4621386117783193,0.0,263590.0,1,False,observed_forwarder,0.0,2.0,0.32975202647609,3,1,False,True,False,1.0,16,17,True
100000000089154100,distributor,0.682,2,0.5281,"веер на 15 получателей, 21 перевод на 426 тыс. KZT; отдал на 416 тыс. KZT больше, чем получил в выборке",R1.distributor: out_deg >= 11,1,False,1,15,10000.0,425500.0,1,21,0.0002874458184490925,0.00010895478461069696,0.0028494328,0.0021516816,42.55,0.0,415500.0,1,False,observed_forwarder,0.0,3.0,0.27379553466509987,1,1,False,False,False,0.0,1595,1877,True
100000008732098100,terminal,0.65,0,0.2967,"получил 16 тыс. KZT, 1 перевод от 1 плательщика, из них seed: 1; исходящих переводов 0, они проверены обходом на колене 1; сумма ниже медианы графа 50 тыс. KZT — мелкий получатель","R4a.terminal: исходящих переводов нет, они проверены обходом (depth <= 3)",1,False,1,0,15677.0,0.0,1,0,0.00028885971288505105,0.0,-0.0,0.0,0.0,15677.0,0.0,1,False,observed_sink,1.0,,,1,1,False,False,False,0.0,0,270,False
100000005456919100,terminal,0.85,43,0.7922,"из 480 тыс. KZT дальше ушло только 1% (5 тыс. KZT на 1 получателя), осело 475 тыс. KZT — сумма остановилась здесь | сквозной транзит за 2 дн. (100% суммы)",R4b.terminal: дальше уходит не более 26% полученного — сумма осела,1,False,2,1,479950.0,5000.0,10,1,0.0013700274780428564,0.0,0.0,0.0,0.010417751849150954,474950.0,0.0,1,False,observed_forwarder,0.0,2.0,1.0,2,2,True,False,False,1.0,5,6,False
100000000507799100,transit,0.6,38,0.299,отдал 8 тыс. KZT на 1 получателя при поступлениях 5 тыс. KZT: 3 тыс. KZT пришло вне выборки (собраны только исходящие); удержания нет,"R3b.transit: pass_through > 1.2 — отдал больше, чем получил по данным, приток извне выборки",1,False,1,1,5132.0,8000.0,1,1,0.000286121076867989,0.00011532146750728487,0.0,0.0002952416,1.558846453624318,0.0,2868.0,1,False,observed_forwarder,0.0,3.0,0.0,1,1,False,False,False,0.0,6,1877,True
100000008716439100,terminal,0.65,0,0.2774,"получил 12 тыс. KZT, 1 перевод от 1 плательщика, из них seed: 1; исходящих переводов 0, они проверены обходом на колене 1; сумма ниже медианы графа 50 тыс. KZT — мелкий получатель","R4a.terminal: исходящих переводов нет, они проверены обходом (depth <= 3)",1,False,1,0,12267.0,0.0,1,0,0.00028814399382802073,0.0,-0.0,0.0,0.0,12267.0,0.0,1,False,observed_sink,1.0,,,1,1,False,False,False,0.0,0,270,False
100000002981527100,terminal,0.9,8,0.5081,"получил 168 тыс. KZT, 1 перевод от 1 плательщика, из них seed: 1; исходящих переводов 0, они проверены обходом на колене 1","R4a.terminal: исходящих переводов нет, они проверены обходом (depth <= 3)",1,False,1,0,168000.0,0.0,1,0,0.000303611374917362,0.0,-0.0,2.27478e-05,0.0,168000.0,0.0,1,False,observed_sink,1.0,,,1,1,False,False,False,0.0,0,1877,False
100000002844652100,terminal,0.9,7,0.4206,"получил 61 тыс. KZT, 1 перевод от 1 плательщика, из них seed: 1; исходящих переводов 0, они проверены обходом на колене 1","R4a.terminal: исходящих переводов нет, они проверены обходом (depth <= 3)",1,False,1,0,61360.0,0.0,1,0,0.000289087813987039,0.0,-0.0,4.3414e-06,0.0,61360.0,0.0,1,False,observed_sink,1.0,,,1,1,False,False,False,0.0,0,1877,False
100000002605548100,terminal,0.9,9,0.5762,"получил 117 тыс. KZT, 2 перевода от 2 плательщиков, из них seed: 1; исходящих переводов 0, они проверены обходом на колене 1","R4a.terminal: исходящих переводов нет, они проверены обходом (depth <= 3)",1,False,2,0,116695.0,0.0,2,0,0.0003143213711267536,0.0,-0.0,0.0001250949,0.0,116695.0,0.0,1,False,observed_sink,1.0,,,1,1,False,False,False,0.0,0,1877,False
100000002750956100,terminal,0.65,1,0.4028,"получил 47 тыс. KZT, 1 перевод от 1 плательщика, из них seed: 1; исходящих переводов 0, они проверены обходом на колене 1; сумма ниже медианы графа 50 тыс. KZT — мелкий получатель","R4a.terminal: исходящих переводов нет, они проверены обходом (depth <= 3)",1,False,1,0,47416.0,0.0,1,0,0.0002944670215148041,0.0,-0.0,0.0021516816,0.0,47416.0,0.0,1,False,observed_sink,1.0,,,1,1,False,False,False,0.0,0,1877,False
100000002982252100,terminal,0.65,0,0.3242,"получил 20 тыс. KZT, 1 перевод от 1 плательщика, из них seed: 1; исходящих переводов 0, они проверены обходом на колене 1; сумма ниже медианы графа 50 тыс. KZT — мелкий получатель","R4a.terminal: исходящих переводов нет, они проверены обходом (depth <= 3)",1,False,1,0,20320.0,0.0,1,0,0.00028983422419935953,0.0,-0.0,0.0,0.0,20320.0,0.0,1,False,observed_sink,1.0,,,1,1,False,False,False,0.0,0,270,False
100000000961900100,terminal,0.65,1,0.4651,"получил 36 тыс. KZT, 3 перевода от 2 плательщиков, из них seed: 1; исходящих переводов 0, они проверены обходом на колене 1; сумма ниже медианы графа 50 тыс. KZT — мелкий получатель","R4a.terminal: исходящих переводов нет, они проверены обходом (depth <= 3)",1,False,2,0,36000.0,0.0,3,0,0.00029432044056326376,0.0,-0.0,0.0027944973,0.0,36000.0,0.0,1,False,observed_sink,1.0,,,1,1,False,False,False,0.0,0,1877,False
100000007175718100,terminal,0.65,46,0.3381,"получил 20 тыс. KZT, 1 перевод от 1 плательщика, из них seed: 1; исходящих переводов 0, они проверены обходом на колене 1; сумма ниже медианы графа 50 тыс. KZT — мелкий получатель","R4a.terminal: исходящих переводов нет, они проверены обходом (depth <= 3)",1,False,1,0,20000.0,0.0,1,0,0.0003031865584283141,0.0,-0.0,0.0,0.0,20000.0,0.0,1,False,observed_sink,1.0,,,1,1,False,False,False,0.0,0,6,False
100000002306369100,transit,0.6,2,0.5108,отдал 261 тыс. KZT на 6 получателей при поступлениях 73 тыс. KZT: 188 тыс. KZT пришло вне выборки (собраны только исходящие); удержания нет,"R3b.transit: pass_through > 1.2 — отдал больше, чем получил по данным, приток извне выборки",1,False,1,6,73166.0,260900.0,1,9,0.0002992990714116951,7.025152223848328e-05,0.003795761,0.0021516816,3.5658639258672062,0.0,187734.0,1,False,observed_forwarder,0.0,21.0,0.0,1,1,False,False,False,0.0,1595,1877,True
100000000667713100,peripheral,0.5,3,0.6766,"вход 119 тыс. KZT от 2, выход 79 тыс. KZT на 6, пропуск 66% — смешанный профиль: плательщиков меньше 4, получателей меньше 11 | дробление: 3 перевода от одного плательщика за день",R5.peripheral,1,False,2,6,119495.0,79236.0,10,7,0.0003201059721320311,0.00013967625368757418,0.0006759245,0.0003002708,0.663090505878907,40259.0,0.0,1,False,observed_forwarder,0.0,5.0,0.4726386995809985,1,3,False,False,True,1.0,1595,1877,True
100000001072022100,coordinator,0.8,2,0.8494,"получает 1.7 млн KZT (топ-5% графа) от 3 плательщиков, из них seed: 1; 2 из них сами собирают от 4+ плательщиков; отдаёт дальше 0%","R6.coordinator: >= 2 плательщиков-сборщиков (in_deg >= 4) либо >= 2 seed-плательщиков, при in_kzt в топ-5% (614 тыс. KZT) и не seed",1,False,3,0,1684000.0,0.0,6,0,0.0005021346766292344,0.0,-0.0,0.0034634606,0.0,1684000.0,0.0,1,False,observed_sink,1.0,,,2,2,False,False,False,0.5,0,1877,False
100000008116374100,terminal,0.65,3,0.3601,"получил 31 тыс. KZT, 1 перевод от 1 плательщика, из них seed: 1; исходящих переводов 0, они проверены обходом на колене 1; сумма ниже медианы графа 50 тыс. KZT — мелкий получатель","R4a.terminal: исходящих переводов нет, они проверены обходом (depth <= 3)",1,False,1,0,31284.0,0.0,1,0,0.000288932889003818,0.0,-0.0,0.0002952416,0.0,31284.0,0.0,1,False,observed_sink,1.0,,,1,1,False,False,False,0.0,0,1877,False
100000000703894100,peripheral,0.5,29,0.5032,"вход 120 тыс. KZT от 1, выход 35 тыс. KZT на 1, пропуск 29% — смешанный профиль: плательщиков меньше 4, получателей меньше 11, пропуск вне зон транзита и осаждения",R5.peripheral,1,False,1,1,120000.0,35000.0,1,1,0.00047736859826889627,5.944405541612623e-07,0.0,0.0,0.2916666666666667,85000.0,0.0,1,False,observed_forwarder,0.0,,,1,1,False,False,False,0.0,1,13,True
100000008066326100,terminal,0.65,1,0.3129,"получил 19 тыс. KZT, 1 перевод от 1 плательщика, из них seed: 1; исходящих переводов 0, они проверены обходом на колене 1; сумма ниже медианы графа 50 тыс. KZT — мелкий получатель","R4a.terminal: исходящих переводов нет, они проверены обходом (depth <= 3)",1,False,1,0,19320.0,0.0,1,0,0.0002891947390331323,0.0,-0.0,0.0021516816,0.0,19320.0,0.0,1,False,observed_sink,1.0,,,1,1,False,False,False,0.0,0,1877,False
100000004662806100,peripheral,0.5,11,0.6623,"вход 107 тыс. KZT от 2, выход 60 тыс. KZT на 2, пропуск 56% — смешанный профиль: плательщиков меньше 4, получателей меньше 11 | сквозной транзит за 2 дн. (100% суммы)",R5.peripheral,1,False,2,2,106585.0,59900.0,2,3,0.00030544976624820216,3.883678287186913e-05,0.0,0.0006529157,0.5619927757189098,46685.0,0.0,1,False,observed_forwarder,0.0,2.0,1.0,1,1,True,False,False,1.0,2,1877,True
100000005778283100,coordinator,0.8,7,0.7904,"получает 616 тыс. KZT (топ-5% графа) от 3 плательщиков, из них seed: 2; 1 из них сами собирают от 4+ плательщиков; отдаёт дальше 0%","R6.coordinator: >= 2 плательщиков-сборщиков (in_deg >= 4) либо >= 2 seed-плательщиков, при in_kzt в топ-5% (614 тыс. KZT) и не seed",1,False,3,0,615760.0,0.0,3,0,0.00043758405542756654,0.0,-0.0,0.0001135762,0.0,615760.0,0.0,2,False,observed_sink,1.0,,,1,1,False,False,False,0.0,0,1877,False
100000004408683100,terminal,0.9,3,0.5877,"получил 113 тыс. KZT, 3 перевода от 2 плательщиков, из них seed: 1; исходящих переводов 0, они проверены обходом на колене 1","R4a.terminal: исходящих переводов нет, они проверены обходом (depth <= 3)",1,False,2,0,112919.68,0.0,3,0,0.00038531432958818963,0.0,-0.0,0.0003121094,0.0,112919.68,0.0,1,False,observed_sink,1.0,,,1,1,False,False,False,0.0,0,1877,False
100000002704875100,terminal,0.9,5,0.636,"получил 245 тыс. KZT, 4 перевода от 3 плательщиков, из них seed: 1; исходящих переводов 0, они проверены обходом на колене 1","R4a.terminal: исходящих переводов нет, они проверены обходом (depth <= 3)",1,False,3,0,244891.0,0.0,4,0,0.0003150737954997622,0.0,-0.0,0.0048398275,0.0,244891.0,0.0,1,False,observed_sink,1.0,,,1,1,False,False,False,0.0,0,1877,False
100000008349675100,peripheral,0.5,7,0.3541,"вход 47 тыс. KZT от 1, выход 37 тыс. KZT на 1, пропуск 79% — смешанный профиль: плательщиков меньше 4, получателей меньше 11, пропуск вне зон транзита и осаждения",R5.peripheral,1,False,1,1,46520.0,36650.0,1,2,0.0002882368551639772,1.981468513870874e-07,0.0,4.3414e-06,0.7878331900257953,9870.0,0.0,1,False,observed_forwarder,0.0,4.0,0.504774897680764,1,1,False,False,False,0.0,1,1877,True
100000006889963100,coordinator,1.0,6,0.9656,"получает 1.4 млн KZT (топ-5% графа) от 4 плательщиков, из них seed: 2; 4 из них сами собирают от 4+ плательщиков; отдаёт дальше 31% | 4 плательщика в один день; сквозной транзит за 0 дн. (100% суммы)","R6.coordinator: >= 2 плательщиков-сборщиков (in_deg >= 4) либо >= 2 seed-плательщиков, при in_kzt в топ-5% (614 тыс. KZT) и не seed",1,False,4,1,1431000.0,443475.8,6,3,0.00042726044416286594,2.5164650126160102e-05,0.0,0.0046560801,0.30990621942697416,987524.2,0.0,2,False,observed_forwarder,0.0,0.0,1.0,4,2,True,True,False,1.0,1,1877,True
100000008771819100,terminal,0.65,0,0.3842,"получил 39 тыс. KZT, 1 перевод от 1 плательщика, из них seed: 1; исходящих переводов 0, они проверены обходом на колене 1; сумма ниже медианы графа 50 тыс. KZT — мелкий получатель","R4a.terminal: исходящих переводов нет, они проверены обходом (depth <= 3)",1,False,1,0,38900.0,0.0,1,0,0.0002937339485628855,0.0,-0.0,0.0,0.0,38900.0,0.0,1,False,observed_sink,1.0,,,1,1,False,False,False,0.0,0,270,False
100000008586731100,terminal,0.65,11,0.2748,"получил 12 тыс. KZT, 1 перевод от 1 плательщика, из них seed: 1; исходящих переводов 0, они проверены обходом на колене 1; сумма ниже медианы графа 50 тыс. KZT — мелкий получатель","R4a.terminal: исходящих переводов нет, они проверены обходом (depth <= 3)",1,False,1,0,12000.0,0.0,1,0,0.00028756075486281377,0.0,-0.0,1.01e-05,0.0,12000.0,0.0,1,False,observed_sink,1.0,,,1,1,False,False,False,0.0,0,1877,False
100000005844459100,terminal,0.9,1,0.627,"получил 243 тыс. KZT, 2 перевода от 2 плательщиков, из них seed: 1; исходящих переводов 0, они проверены обходом на колене 1","R4a.terminal: исходящих переводов нет, они проверены обходом (depth <= 3)",1,False,2,0,243400.0,0.0,2,0,0.0003380825577474265,0.0,-0.0,0.0032895891,0.0,243400.0,0.0,1,False,observed_sink,1.0,,,1,1,False,False,False,0.0,0,1877,False
100000008172352100,transit,0.6,32,0.7204,отдал 290 тыс. KZT на 7 получателей при поступлениях 90 тыс. KZT: 199 тыс. KZT пришло вне выборки (собраны только исходящие); удержания нет | сквозной транзит за 0 дн. (77% суммы),"R3b.transit: pass_through > 1.2 — отдал больше, чем получил по данным, приток извне выборки",1,False,3,7,90265.0,289510.0,3,8,0.00037526567278554305,0.00018673359274719116,0.0,0.0001210116,3.207333961114496,0.0,199245.0,1,False,observed_forwarder,0.0,0.0,0.7666747262616145,2,1,True,False,False,0.7666747262616145,16,1877,True
100000001162560100,distributor,0.545,8,0.5821,"веер на 12 получателей, 14 переводов на 2.9 млн KZT; отдал на 2.6 млн KZT больше, чем получил в выборке",R1.distributor: out_deg >= 11,1,False,1,12,331300.0,2904398.0,2,14,0.0003211487069311817,2.972202770806311e-06,2.68985e-05,2.27478e-05,8.76667069121642,0.0,2573098.0,1,False,observed_forwarder,0.0,5.0,0.1497315450568414,1,1,False,False,False,0.0,15,1877,True
100000008779584100,terminal,0.65,0,0.3682,"получил 31 тыс. KZT, 1 перевод от 1 плательщика, из них seed: 1; исходящих переводов 0, они проверены обходом на колене 1; сумма ниже медианы графа 50 тыс. KZT — мелкий получатель","R4a.terminal: исходящих переводов нет, они проверены обходом (depth <= 3)",1,False,1,0,31400.0,0.0,1,0,0.0002921597864139918,0.0,-0.0,0.0,0.0,31400.0,0.0,1,False,observed_sink,1.0,,,1,1,False,False,False,0.0,0,270,False
100000007631637100,terminal,0.65,0,0.2941,"получил 15 тыс. KZT, 1 перевод от 1 плательщика, из них seed: 1; исходящих переводов 0, они проверены обходом на колене 1; сумма ниже медианы графа 50 тыс. KZT — мелкий получатель","R4a.terminal: исходящих переводов нет, они проверены обходом (depth <= 3)",1,False,1,0,15341.0,0.0,1,0,0.0002887891904207806,0.0,-0.0,0.0,0.0,15341.0,0.0,1,False,observed_sink,1.0,,,1,1,False,False,False,0.0,0,270,False
100000007347733100,terminal,0.65,53,0.3641,"получил 23 тыс. KZT, 1 перевод от 1 плательщика, из них seed: 1; исходящих переводов 0, они проверены обходом на колене 1; сумма ниже медианы графа 50 тыс. KZT — мелкий получатель","R4a.terminal: исходящих переводов нет, они проверены обходом (depth <= 3)",1,False,1,0,23007.0,0.0,1,0,0.0003456840263989,0.0,-0.0,0.0,0.0,23007.0,0.0,1,False,observed_sink,1.0,,,1,1,False,False,False,0.0,0,5,False
100000001463701100,terminal,0.9,9,0.7447,"получил 621 тыс. KZT, 2 перевода от 2 плательщиков, из них seed: 1; исходящих переводов 0, они проверены обходом на колене 1","R4a.terminal: исходящих переводов нет, они проверены обходом (depth <= 3)",1,False,2,0,621000.0,0.0,2,0,0.0005722109368497123,0.0,-0.0,0.0001237814,0.0,621000.0,0.0,1,False,observed_sink,1.0,,,2,1,False,False,False,0.5,0,1877,False
100000008664469100,terminal,0.65,2,0.3422,"получил 25 тыс. KZT, 1 перевод от 1 плательщика, из них seed: 1; исходящих переводов 0, они проверены обходом на колене 1; сумма ниже медианы графа 50 тыс. KZT — мелкий получатель","R4a.terminal: исходящих переводов нет, они проверены обходом (depth <= 3)",1,False,1,0,25000.0,0.0,1,0,0.00029057520506134383,0.0,-0.0,0.000461168,0.0,25000.0,0.0,1,False,observed_sink,1.0,,,1,1,False,False,False,0.0,0,1877,False
100000003923946100,transit,0.6,7,0.6627,отдал 675 тыс. KZT на 4 получателей при поступлениях 282 тыс. KZT: 393 тыс. KZT пришло вне выборки (собраны только исходящие); удержания нет | сквозной транзит за 0 дн. (100% суммы),"R3b.transit: pass_through > 1.2 — отдал больше, чем получил по данным, приток извне выборки",1,False,1,4,282000.0,675000.0,3,4,0.0003894174848137435,1.981468513870874e-06,5.96022e-05,9.228e-07,2.393617021276596,0.0,393000.0,1,False,observed_forwarder,0.0,0.0,1.0,1,1,True,False,False,1.0,13,1877,False
100000006562026100,terminal,0.9,53,0.5882,"получил 75 тыс. KZT, 6 переводов от 2 плательщиков, из них seed: 2; исходящих переводов 0, они проверены обходом на колене 1","R4a.terminal: исходящих переводов нет, они проверены обходом (depth <= 3)",1,False,2,0,75000.0,0.0,6,0,0.0006853595679127559,0.0,-0.0,0.0,0.0,75000.0,0.0,2,False,observed_sink,1.0,,,1,1,False,False,False,0.0,0,5,True
100000008776298100,terminal,0.65,0,0.3925,"получил 43 тыс. KZT, 1 перевод от 1 плательщика, из них seed: 1; исходящих переводов 0, они проверены обходом на колене 1; сумма ниже медианы графа 50 тыс. KZT — мелкий получатель","R4a.terminal: исходящих переводов нет, они проверены обходом (depth <= 3)",1,False,1,0,42800.0,0.0,1,0,0.0002945525128803102,0.0,-0.0,0.0,0.0,42800.0,0.0,1,False,observed_sink,1.0,,,1,1,False,False,False,0.0,0,270,False
100000006446271100,terminal,0.9,2,0.5993,"получил 80 тыс. KZT, 2 перевода от 2 плательщиков, из них seed: 1; исходящих переводов 0, они проверены обходом на колене 1","R4a.terminal: исходящих переводов нет, они проверены обходом (depth <= 3)",1,False,2,0,80000.0,0.0,2,0,0.00031391369620990085,0.0,-0.0,0.0006039353,0.0,80000.0,0.0,1,False,observed_sink,1.0,,,2,1,False,False,False,0.5,0,1877,False
100000004588479100,terminal,0.9,3,0.5111,"получил 178 тыс. KZT, 2 перевода от 1 плательщика, из них seed: 1; исходящих переводов 0, они проверены обходом на колене 1","R4a.terminal: исходящих переводов нет, они проверены обходом (depth <= 3)",1,False,1,0,177633.0,0.0,2,0,0.0003046680486193901,0.0,-0.0,0.0002952416,0.0,177633.0,0.0,1,False,observed_sink,1.0,,,1,1,False,False,False,0.0,0,1877,False
100000002324543100,terminal,0.65,8,0.3574,"получил 30 тыс. KZT, 1 перевод от 1 плательщика, из них seed: 1; исходящих переводов 0, они проверены обходом на колене 1; сумма ниже медианы графа 50 тыс. KZT — мелкий получатель","R4a.terminal: исходящих переводов нет, они проверены обходом (depth <= 3)",1,False,1,0,30202.0,0.0,1,0,0.00028881278779647806,0.0,-0.0,2.27478e-05,0.0,30202.0,0.0,1,False,observed_sink,1.0,,,1,1,False,False,False,0.0,0,1877,False
100000007129492100,transit,0.7,9,0.6474,"пропускает 73% полученного: вход 51 тыс. KZT от 2, выход 37 тыс. KZT на 1, деньги лежат 0 дн. | сквозной транзит за 0 дн. (100% суммы)",R3d.transit: >=60% исходящих в пределах 2 суток после поступления,1,False,2,1,50990.0,37000.0,2,1,0.0002945171129254449,2.5164650126160102e-05,0.0,0.0005839676,0.725632476956266,13990.0,0.0,2,False,observed_forwarder,0.0,0.0,1.0,1,1,True,False,False,1.0,1,1877,True
100000003877908100,terminal,0.65,2,0.3863,"получил 40 тыс. KZT, 1 перевод от 1 плательщика, из них seed: 1; исходящих переводов 0, они проверены обходом на колене 1; сумма ниже медианы графа 50 тыс. KZT — мелкий получатель","R4a.terminal: исходящих переводов нет, они проверены обходом (depth <= 3)",1,False,1,0,40000.0,0.0,1,0,0.00029357875156777607,0.0,-0.0,0.000461168,0.0,40000.0,0.0,1,False,observed_sink,1.0,,,1,1,False,False,False,0.0,0,1877,False
100000002748180100,transit,0.6,12,0.513,отдал 680 тыс. KZT на 8 получателей при поступлениях 10 тыс. KZT: 670 тыс. KZT пришло вне выборки (собраны только исходящие); удержания нет,"R3b.transit: pass_through > 1.2 — отдал больше, чем получил по данным, приток извне выборки",1,False,1,8,9900.0,679743.0,1,9,0.0002872122492498471,8.52031460964476e-06,2.1937e-06,1.01e-05,68.66090909090909,0.0,669843.0,1,False,observed_forwarder,0.0,17.0,0.26480596343029644,1,1,False,False,False,0.0,43,1877,True
100000000945428100,terminal,0.9,1,0.4635,"получил 90 тыс. KZT, 1 перевод от 1 плательщика, из них seed: 1; исходящих переводов 0, они проверены обходом на колене 1","R4a.terminal: исходящих переводов нет, они проверены обходом (depth <= 3)",1,False,1,0,89629.0,0.0,1,0,0.00030238839325451126,0.0,-0.0,0.0021516816,0.0,89629.0,0.0,1,False,observed_sink,1.0,,,1,1,False,False,False,0.0,0,1877,False
100000003115284100,coordinator,1.0,9,1.0,"получает 2.2 млн KZT (топ-5% графа) от 8 плательщиков, из них seed: 2; 7 из них сами собирают от 4+ плательщиков; отдаёт дальше 24% | 7 плательщиков в один день; сквозной транзит за 0 дн. (99% суммы)","R6.coordinator: >= 2 плательщиков-сборщиков (in_deg >= 4) либо >= 2 seed-плательщиков, при in_kzt в топ-5% (614 тыс. KZT) и не seed",1,False,8,2,2160500.0,517000.0,15,4,0.0015286375827955714,0.00012780471914467138,1.73247e-05,0.0050095595,0.23929645915297384,1643500.0,0.0,2,False,observed_forwarder,0.0,0.0,0.9864603481624759,7,2,True,True,False,1.0,5,1877,True
100000005394708100,transit,0.6,18,0.551,отдал 65 тыс. KZT на 1 получателя при поступлениях 26 тыс. KZT: 39 тыс. KZT пришло вне выборки (собраны только исходящие); удержания нет | сквозной транзит за 1 дн. (100% суммы),"R3b.transit: pass_through > 1.2 — отдал больше, чем получил по данным, приток извне выборки",1,False,1,1,26000.0,65000.0,1,1,0.00034517722457498676,1.981468513870874e-07,0.0,0.0,2.5,0.0,39000.0,1,False,observed_forwarder,0.0,1.0,1.0,1,1,True,False,False,1.0,1,1877,True
100000008747113100,terminal,0.9,6,0.6552,"получил 198 тыс. KZT, 2 перевода от 2 плательщиков, из них seed: 1; исходящих переводов 0, они проверены обходом на колене 1","R4a.terminal: исходящих переводов нет, они проверены обходом (depth <= 3)",1,False,2,0,197801.0,0.0,2,0,0.00030751915506009543,0.0,-0.0,0.003401342,0.0,197801.0,0.0,1,False,observed_sink,1.0,,,2,1,False,False,False,0.5,0,1877,False
100000004491881100,terminal,0.65,0,0.3033,"получил 17 тыс. KZT, 1 перевод от 1 плательщика, из них seed: 1; исходящих переводов 0, они проверены обходом на колене 1; сумма ниже медианы графа 50 тыс. KZT — мелкий получатель","R4a.terminal: исходящих переводов нет, они проверены обходом (depth <= 3)",1,False,1,0,17144.0,0.0,1,0,0.0002891676190013747,0.0,-0.0,0.0,0.0,17144.0,0.0,1,False,observed_sink,1.0,,,1,1,False,False,False,0.0,0,270,False
100000006008169100,terminal,0.9,11,0.4427,"получил 70 тыс. KZT, 1 перевод от 1 плательщика, из них seed: 1; исходящих переводов 0, они проверены обходом на колене 1","R4a.terminal: исходящих переводов нет, они проверены обходом (depth <= 3)",1,False,1,0,70000.0,0.0,1,0,0.00029718614798284425,0.0,-0.0,1.01e-05,0.0,70000.0,0.0,1,False,observed_sink,1.0,,,1,1,False,False,False,0.0,0,1877,False
100000002681449100,transit,0.6,40,0.5483,отдал 133 тыс. KZT на 2 получателей при поступлениях 95 тыс. KZT: 38 тыс. KZT пришло вне выборки (собраны только исходящие); удержания нет,"R3b.transit: pass_through > 1.2 — отдал больше, чем получил по данным, приток извне выборки",1,False,2,2,94638.0,133000.0,2,2,0.0002951397503203059,1.7647618735441824e-05,0.0001407599,0.0032836201,1.4053551427544961,0.0,38362.0,1,False,observed_forwarder,0.0,5.5,0.09774436090225563,1,1,False,False,False,0.0,5,1877,False
100000002645609100,consolidator,0.6,1,0.7418,"сходятся 4 плательщика (seed: 1) на 0 получателей; получено 547 тыс. KZT, отдано дальше 0%, осело 547 тыс. KZT","R2.consolidator: in_deg >= 4 и out_deg <= max(2, in_deg/2)",1,False,4,0,546820.6799999999,0.0,5,0,0.0003553578831259949,0.0,-0.0,0.0059336236,0.0,546820.6799999999,0.0,1,False,observed_sink,1.0,,,1,1,False,False,False,0.0,0,1877,False
100000006369769100,terminal,0.65,0,0.387,"получил 40 тыс. KZT, 1 перевод от 1 плательщика, из них seed: 1; исходящих переводов 0, они проверены обходом на колене 1; сумма ниже медианы графа 50 тыс. KZT — мелкий получатель","R4a.terminal: исходящих переводов нет, они проверены обходом (depth <= 3)",1,False,1,0,40000.0,0.0,1,0,0.0002939648256780566,0.0,-0.0,0.0,0.0,40000.0,0.0,1,False,observed_sink,1.0,,,1,1,False,False,False,0.0,0,270,False
100000002173161100,terminal,0.9,3,0.7667,"получил 1.4 млн KZT, 5 переводов от 3 плательщиков, из них seed: 1; исходящих переводов 0, они проверены обходом на колене 1","R4a.terminal: исходящих переводов нет, они проверены обходом (depth <= 3)",1,False,3,0,1427500.0,0.0,5,0,0.0004354146921033421,0.0,-0.0,0.0003011826,0.0,1427500.0,0.0,1,False,observed_sink,1.0,,,2,2,False,False,False,0.5,0,1877,False
100000008686313100,coordinator,0.9,1,0.9629,"получает 1.9 млн KZT (топ-5% графа) от 6 плательщиков, из них seed: 1; 5 из них сами собирают от 4+ плательщиков; отдаёт дальше 17% | сквозной транзит за 1 дн. (100% суммы)","R6.coordinator: >= 2 плательщиков-сборщиков (in_deg >= 4) либо >= 2 seed-плательщиков, при in_kzt в топ-5% (614 тыс. KZT) и не seed",1,False,6,7,1912716.0,333800.0,16,13,0.00046763290222869583,0.0019848260248329463,0.0018982931,0.0108258952,0.17451623764322566,1578916.0,0.0,1,False,observed_forwarder,0.0,1.0,1.0,2,1,True,False,False,1.0,1595,1877,True
100000004692798100,terminal,0.85,11,0.7842,"из 240 тыс. KZT дальше ушло только 6% (15 тыс. KZT на 1 получателя), осело 225 тыс. KZT — сумма остановилась здесь | сквозной транзит за 0 дн. (100% суммы)",R4b.terminal: дальше уходит не более 26% полученного — сумма осела,1,False,2,1,240305.0,15000.0,4,2,0.0019106511787003809,1.981468513870874e-07,0.0,1.01808e-05,0.06242067372713843,225305.0,0.0,1,False,observed_forwarder,0.0,0.0,1.0,1,1,True,False,False,1.0,1,1877,True
100000002939838100,terminal,0.9,3,0.6925,"получил 571 тыс. KZT, 3 перевода от 3 плательщиков, из них seed: 1; исходящих переводов 0, они проверены обходом на колене 1","R4a.terminal: исходящих переводов нет, они проверены обходом (depth <= 3)",1,False,3,0,571233.0,0.0,3,0,0.0004000333621032969,0.0,-0.0,0.0004689887,0.0,571233.0,0.0,1,False,observed_sink,1.0,,,1,1,False,False,False,0.0,0,1877,False
100000003119550100,terminal,0.65,0,0.3259,"получил 21 тыс. KZT, 1 перевод от 1 плательщика, из них seed: 1; исходящих переводов 0, они проверены обходом на колене 1; сумма ниже медианы графа 50 тыс. KZT — мелкий получатель","R4a.terminal: исходящих переводов нет, они проверены обходом (depth <= 3)",1,False,1,0,21000.0,0.0,1,0,0.00028997694823419256,0.0,-0.0,0.0,0.0,21000.0,0.0,1,False,observed_sink,1.0,,,1,1,False,False,False,0.0,0,270,False
100000004315838100,peripheral,0.5,2,0.4891,"вход 50 тыс. KZT от 2, выход 18 тыс. KZT на 1, пропуск 36% — смешанный профиль: плательщиков меньше 4, получателей меньше 11, пропуск вне зон транзита и осаждения",R5.peripheral,1,False,2,1,50000.0,18000.0,2,1,0.0002913854344131959,2.377762216645049e-05,0.0,0.003401342,0.36,32000.0,0.0,1,False,observed_forwarder,0.0,,,1,1,False,False,False,0.0,1,1877,True
100000002671806100,terminal,0.65,11,0.2772,"получил 12 тыс. KZT, 1 перевод от 1 плательщика, из них seed: 1; исходящих переводов 0, они проверены обходом на колене 1; сумма ниже медианы графа 50 тыс. KZT — мелкий получатель","R4a.terminal: исходящих переводов нет, они проверены обходом (depth <= 3)",1,False,1,0,12440.0,0.0,1,0,0.0002876337750864829,0.0,-0.0,1.01e-05,0.0,12440.0,0.0,1,False,observed_sink,1.0,,,1,1,False,False,False,0.0,0,1877,False
100000008716222100,terminal,0.65,0,0.3099,"получил 18 тыс. KZT, 1 перевод от 1 плательщика, из них seed: 1; исходящих переводов 0, они проверены обходом на колене 1; сумма ниже медианы графа 50 тыс. KZT — мелкий получатель","R4a.terminal: исходящих переводов нет, они проверены обходом (depth <= 3)",1,False,1,0,18000.0,0.0,1,0,0.00028934728337463503,0.0,-0.0,0.0,0.0,18000.0,0.0,1,False,observed_sink,1.0,,,1,1,False,False,False,0.0,0,270,False
100000005496254100,terminal,0.65,1,0.2785,"получил 13 тыс. KZT, 1 перевод от 1 плательщика, из них seed: 1; исходящих переводов 0, они проверены обходом на колене 1; сумма ниже медианы графа 50 тыс. KZT — мелкий получатель","R4a.terminal: исходящих переводов нет, они проверены обходом (depth <= 3)",1,False,1,0,12700.0,0.0,1,0,0.00028795247999167917,0.0,-0.0,0.0021516816,0.0,12700.0,0.0,1,False,observed_sink,1.0,,,1,1,False,False,False,0.0,0,1877,False
100000004622227100,peripheral,0.5,1,0.3293,"вход 25 тыс. KZT от 1, выход 19 тыс. KZT на 3, пропуск 76% — смешанный профиль: плательщиков меньше 4, получателей меньше 11, пропуск вне зон транзита и осаждения",R5.peripheral,1,False,1,3,24931.0,19000.0,1,3,0.00029024765677959657,4.7841827440806e-05,0.0003439357,0.0021516816,0.762103405398901,5931.0,0.0,1,False,observed_forwarder,0.0,3.0,0.0,1,1,False,False,False,0.0,19,1877,False
100000000274067100,transit,0.6,7,0.7689,отдал 3 млн KZT на 3 получателей при поступлениях 518 тыс. KZT: 2.5 млн KZT пришло вне выборки (собраны только исходящие); удержания нет | сквозной транзит за 0 дн. (69% суммы),"R3b.transit: pass_through > 1.2 — отдал больше, чем получил по данным, приток извне выборки",1,False,2,3,517704.0,2969000.0,9,9,0.00041370365128518645,1.1888811083225246e-06,0.0,4.3764e-06,5.734937338710924,0.0,2451296.0,1,False,observed_forwarder,0.0,0.5,0.6921522398113843,1,3,True,False,True,1.0,4,1877,True
100000008782056100,terminal,0.65,0,0.3589,"получил 29 тыс. KZT, 1 перевод от 1 плательщика, из них seed: 1; исходящих переводов 0, они проверены обходом на колене 1; сумма ниже медианы графа 50 тыс. KZT — мелкий получатель","R4a.terminal: исходящих переводов нет, они проверены обходом (depth <= 3)",1,False,1,0,29082.0,0.0,1,0,0.00029167326536584036,0.0,-0.0,0.0,0.0,29082.0,0.0,1,False,observed_sink,1.0,,,1,1,False,False,False,0.0,0,270,False
100000006788200100,consolidator,0.5,7,0.7368,"сходятся 4 плательщика (seed: 1) на 3 получателей; получено 272 тыс. KZT, отдано дальше 24%, осело 208 тыс. KZT","R2.consolidator: in_deg >= 4 и out_deg <= max(2, in_deg/2)",1,False,4,3,272155.8,64500.0,4,4,0.00033716343435244173,9.689381032828575e-05,1.26235e-05,0.0047121436,0.23699660268125833,207655.8,0.0,1,False,observed_forwarder,0.0,9.0,0.0,1,1,False,False,False,0.0,5,1877,True
100000001164648100,terminal,0.65,17,0.3728,"получил 14 тыс. KZT, 2 перевода от 2 плательщиков, из них seed: 1; исходящих переводов 0, они проверены обходом на колене 1; сумма ниже медианы графа 50 тыс. KZT — мелкий получатель","R4a.terminal: исходящих переводов нет, они проверены обходом (depth <= 3)",1,False,2,0,13660.0,0.0,2,0,0.00029014259597535106,0.0,-0.0,0.000298929,0.0,13660.0,0.0,1,False,observed_sink,1.0,,,1,1,False,False,False,0.0,0,1877,False
100000005133757100,terminal,0.9,5,0.5248,"получил 65 тыс. KZT, 2 перевода от 2 плательщиков, из них seed: 1; исходящих переводов 0, они проверены обходом на колене 1","R4a.terminal: исходящих переводов нет, они проверены обходом (depth <= 3)",1,False,2,0,65000.0,0.0,2,0,0.00029941072919292984,0.0,-0.0,0.0005914483,0.0,65000.0,0.0,1,False,observed_sink,1.0,,,1,1,False,False,False,0.0,0,1877,False
100000006445501100,terminal,0.9,9,0.4625,"получил 91 тыс. KZT, 1 перевод от 1 плательщика, из них seed: 1; исходящих переводов 0, они проверены обходом на колене 1","R4a.terminal: исходящих переводов нет, они проверены обходом (depth <= 3)",1,False,1,0,91000.0,0.0,1,0,0.00029937128019778993,0.0,-0.0,0.0001227996,0.0,91000.0,0.0,1,False,observed_sink,1.0,,,1,1,False,False,False,0.0,0,1877,False
100000004390333100,transit,0.6,1,0.6204,отдал 506 тыс. KZT на 9 получателей при поступлениях 65 тыс. KZT: 442 тыс. KZT пришло вне выборки (собраны только исходящие); удержания нет,"R3b.transit: pass_through > 1.2 — отдал больше, чем получил по данным, приток извне выборки",1,False,2,9,64558.0,506500.0,2,14,0.00029521378985057525,0.00015841501981922766,0.002869108,0.0050574633,7.845658167849066,0.0,441942.0,1,False,observed_forwarder,0.0,14.5,0.21717670286278382,1,1,False,False,False,0.0,1595,1877,True
100000001641789100,terminal,0.65,7,0.3539,"получил 18 тыс. KZT, 1 перевод от 1 плательщика, из них seed: 1; исходящих переводов 0, они проверены обходом на колене 1; сумма ниже медианы графа 50 тыс. KZT — мелкий получатель","R4a.terminal: исходящих переводов нет, они проверены обходом (depth <= 3)",1,False,1,0,17826.0,0.0,1,0,0.0004895828148678119,0.0,-0.0,4.076e-07,0.0,17826.0,0.0,1,False,observed_sink,1.0,,,1,1,False,False,False,0.0,0,1877,False
100000000968253100,terminal,0.65,0,0.2909,"получил 15 тыс. KZT, 1 перевод от 1 плательщика, из них seed: 1; исходящих переводов 0, они проверены обходом на колене 1; сумма ниже медианы графа 50 тыс. KZT — мелкий получатель","R4a.terminal: исходящих переводов нет, они проверены обходом (depth <= 3)",1,False,1,0,15000.0,0.0,1,0,0.0002887176185150776,0.0,-0.0,0.0,0.0,15000.0,0.0,1,False,observed_sink,1.0,,,1,1,False,False,False,0.0,0,270,False
100000001527186100,terminal,0.9,2,0.6509,"получил 678 тыс. KZT, 2 перевода от 1 плательщика, из них seed: 1; исходящих переводов 0, они проверены обходом на колене 1","R4a.terminal: исходящих переводов нет, они проверены обходом (depth <= 3)",1,False,1,0,678000.0,0.0,2,0,0.0004213295963080255,0.0,-0.0,0.000461168,0.0,678000.0,0.0,1,False,observed_sink,1.0,,,1,2,False,False,False,0.5,0,1877,False
100000005852946100,terminal,0.65,2,0.3356,"получил 24 тыс. KZT, 1 перевод от 1 плательщика, из них seed: 1; исходящих переводов 0, они проверены обходом на колене 1; сумма ниже медианы графа 50 тыс. KZT — мелкий получатель","R4a.terminal: исходящих переводов нет, они проверены обходом (depth <= 3)",1,False,1,0,23746.0,0.0,1,0,0.00029032410857340613,0.0,-0.0,0.000461168,0.0,23746.0,0.0,1,False,observed_sink,1.0,,,1,1,False,False,False,0.0,0,1877,False
100000001530983100,distributor,0.5,3,0.7171,"веер на 11 получателей, 17 переводов на 1.8 млн KZT; отдал на 1.3 млн KZT больше, чем получил в выборке",R1.distributor: out_deg >= 11,1,False,4,11,564158.0,1829538.0,4,17,0.000356090309991762,0.0003320721066079377,0.000216826,0.0054396672,3.24295321523403,0.0,1265380.0,2,False,observed_forwarder,0.0,3.0,0.15648212827500713,1,1,False,False,False,0.0,18,1877,True
100000008221543100,terminal,0.9,15,0.6731,"получил 542 тыс. KZT, 2 перевода от 2 плательщиков, из них seed: 1; исходящих переводов 0, они проверены обходом на колене 1","R4a.terminal: исходящих переводов нет, они проверены обходом (depth <= 3)",1,False,2,0,542000.0,0.0,2,0,0.00037148464522539644,0.0,-0.0,0.0023850263,0.0,542000.0,0.0,1,False,observed_sink,1.0,,,1,1,False,False,False,0.0,0,1877,False
100000001937767100,transit,0.6,13,0.6038,отдал 1.9 млн KZT на 4 получателей при поступлениях 53 тыс. KZT: 1.9 млн KZT пришло вне выборки (собраны только исходящие); удержания нет,"R3b.transit: pass_through > 1.2 — отдал больше, чем получил по данным, приток извне выборки",1,False,1,4,53000.0,1933000.0,1,6,0.0008921392815659748,5.6699890528386486e-05,2.331e-07,4.076e-07,36.471698113207545,0.0,1880000.0,1,False,observed_forwarder,0.0,12.0,0.027418520434557683,1,1,False,False,False,0.0,6,1877,True
100000002462183100,terminal,0.9,46,0.4998,"получил 108 тыс. KZT, 3 перевода от 1 плательщика, из них seed: 1; исходящих переводов 0, они проверены обходом на колене 1","R4a.terminal: исходящих переводов нет, они проверены обходом (depth <= 3)",1,False,1,0,107500.0,0.0,3,0,0.0003802620893515438,0.0,-0.0,0.0,0.0,107500.0,0.0,1,False,observed_sink,1.0,,,1,1,False,False,False,0.0,0,6,False
100000001805543100,terminal,0.9,3,0.4245,"получил 59 тыс. KZT, 1 перевод от 1 плательщика, из них seed: 1; исходящих переводов 0, они проверены обходом на колене 1","R4a.terminal: исходящих переводов нет, они проверены обходом (depth <= 3)",1,False,1,0,59000.0,0.0,1,0,0.0002919128593753627,0.0,-0.0,0.0002952416,0.0,59000.0,0.0,1,False,observed_sink,1.0,,,1,1,False,False,False,0.0,0,1877,False
100000002606567100,transit,0.6,1,0.4024,отдал 53 тыс. KZT на 1 получателя при поступлениях 14 тыс. KZT: 39 тыс. KZT пришло вне выборки (собраны только исходящие); удержания нет,"R3b.transit: pass_through > 1.2 — отдал больше, чем получил по данным, приток извне выборки",1,False,1,1,14095.0,53000.0,1,1,0.0002882142551220156,1.922024458454748e-05,0.0,0.0021516816,3.7601986520042567,0.0,38905.0,1,False,observed_forwarder,0.0,,,1,1,False,False,False,0.0,1,1877,True
100000007281639100,terminal,0.9,3,0.6171,"получил 217 тыс. KZT, 4 перевода от 2 плательщиков, из них seed: 1; исходящих переводов 0, они проверены обходом на колене 1","R4a.terminal: исходящих переводов нет, они проверены обходом (depth <= 3)",1,False,2,0,216770.0,0.0,4,0,0.0003235711404553899,0.0,-0.0,0.000330918,0.0,216770.0,0.0,1,False,observed_sink,1.0,,,1,1,False,False,False,0.0,0,1877,False
100000002991079100,terminal,0.85,3,0.7404,"из 149 тыс. KZT дальше ушло только 7% (11 тыс. KZT на 1 получателя), осело 138 тыс. KZT — сумма остановилась здесь | сквозной транзит за 0 дн. (100% суммы)",R4b.terminal: дальше уходит не более 26% полученного — сумма осела,1,False,2,1,148900.0,11000.0,3,1,0.0003951739742726738,1.981468513870874e-05,0.0,0.0003053652,0.07387508394895903,137900.0,0.0,1,False,observed_forwarder,0.0,0.0,1.0,1,2,True,False,False,1.0,1,1877,True
100000002847207100,terminal,0.65,2,0.3996,"получил 46 тыс. KZT, 1 перевод от 1 плательщика, из них seed: 1; исходящих переводов 0, они проверены обходом на колене 1; сумма ниже медианы графа 50 тыс. KZT — мелкий получатель","R4a.terminal: исходящих переводов нет, они проверены обходом (depth <= 3)",1,False,1,0,46243.0,0.0,1,0,0.00029482882762375313,0.0,-0.0,0.000461168,0.0,46243.0,0.0,1,False,observed_sink,1.0,,,1,1,False,False,False,0.0,0,1877,False
100000000011452100,terminal,0.848,1,0.7367,"из 110 тыс. KZT дальше ушло только 15% (17 тыс. KZT на 1 получателя), осело 93 тыс. KZT — сумма остановилась здесь | сквозной транзит за 0 дн. (100% суммы)",R4b.terminal: дальше уходит не более 26% полученного — сумма осела,1,False,3,1,110000.0,16685.0,7,2,0.00047686402523264667,3.368496473580486e-06,0.0006938863,0.0037863667,0.1516818181818182,93315.0,0.0,1,False,observed_forwarder,0.0,0.0,1.0,1,1,True,False,True,1.0,2,1877,False
100000003148220100,transit,0.6,58,0.4425,отдал 43 тыс. KZT на 2 получателей при поступлениях 6 тыс. KZT: 38 тыс. KZT пришло вне выборки (собраны только исходящие); удержания нет,"R3b.transit: pass_through > 1.2 — отдал больше, чем получил по данным, приток извне выборки",1,False,1,2,5650.0,43400.0,1,4,0.0009182428014100962,3.962937027741748e-07,0.0,0.0,7.68141592920354,0.0,37750.0,1,False,observed_forwarder,0.0,2.0,0.22119815668202766,1,1,False,False,False,0.0,3,4,True
100000002479804100,transit,0.63,2,0.4908,"пропускает 77% полученного: вход 46 тыс. KZT от 1, выход 35 тыс. KZT на 2, деньги лежат 1 дн. | сквозной транзит за 1 дн. (65% суммы)",R3d.transit: >=60% исходящих в пределах 2 суток после поступления,1,False,1,2,46000.0,35300.0,1,2,0.0002969663269488742,1.7833216624837866e-06,0.0,6.78008e-05,0.7673913043478261,10700.0,0.0,1,False,observed_forwarder,0.0,1.0,0.6515580736543909,1,1,True,False,False,0.6515580736543909,9,1877,True
100000008745489100,terminal,0.9,0,0.4295,"получил 56 тыс. KZT, 1 перевод от 1 плательщика, из них seed: 1; исходящих переводов 0, они проверены обходом на колене 1","R4a.terminal: исходящих переводов нет, они проверены обходом (depth <= 3)",1,False,1,0,55539.0,0.0,1,0,0.0002972262797622778,0.0,-0.0,0.0,0.0,55539.0,0.0,1,False,observed_sink,1.0,,,1,1,False,False,False,0.0,0,270,False
100000002289937100,terminal,0.65,0,0.3193,"получил 20 тыс. KZT, 1 перевод от 1 плательщика, из них seed: 1; исходящих переводов 0, они проверены обходом на колене 1; сумма ниже медианы графа 50 тыс. KZT — мелкий получатель","R4a.terminal: исходящих переводов нет, они проверены обходом (depth <= 3)",1,False,1,0,20000.0,0.0,1,0,0.00028976705994767336,0.0,-0.0,0.0,0.0,20000.0,0.0,1,False,observed_sink,1.0,,,1,1,False,False,False,0.0,0,270,False
100000004679953100,terminal,0.85,5,0.7682,"из 344 тыс. KZT дальше ушло только 10% (34 тыс. KZT на 3 получателей), осело 309 тыс. KZT — сумма остановилась здесь | сквозной транзит за 2 дн. (62% суммы)",R4b.terminal: дальше уходит не более 26% полученного — сумма осела,1,False,3,3,343538.0,34100.0,3,3,0.0003342675529915214,0.0003542158299202328,0.0002663928,0.0066618751,0.09926121709970949,309438.0,0.0,1,False,observed_forwarder,0.0,2.0,0.624633431085044,2,1,True,False,False,0.624633431085044,1595,1877,True
100000003066385100,terminal,0.65,1,0.4075,"получил 20 тыс. KZT, 2 перевода от 2 плательщиков, из них seed: 1; исходящих переводов 0, они проверены обходом на колене 1; сумма ниже медианы графа 50 тыс. KZT — мелкий получатель","R4a.terminal: исходящих переводов нет, они проверены обходом (depth <= 3)",1,False,2,0,20000.0,0.0,2,0,0.00029153974169365615,0.0,-0.0,0.0027944973,0.0,20000.0,0.0,1,False,observed_sink,1.0,,,1,1,False,False,False,0.0,0,1877,False
100000008744849100,terminal,0.65,0,0.395,"получил 44 тыс. KZT, 1 перевод от 1 плательщика, из них seed: 1; исходящих переводов 0, они проверены обходом на колене 1; сумма ниже медианы графа 50 тыс. KZT — мелкий получатель","R4a.terminal: исходящих переводов нет, они проверены обходом (depth <= 3)",1,False,1,0,44445.0,0.0,1,0,0.0002948977791116342,0.0,-0.0,0.0,0.0,44445.0,0.0,1,False,observed_sink,1.0,,,1,1,False,False,False,0.0,0,270,False
100000005093521100,terminal,0.65,2,0.2928,"получил 15 тыс. KZT, 1 перевод от 1 плательщика, из них seed: 1; исходящих переводов 0, они проверены обходом на колене 1; сумма ниже медианы графа 50 тыс. KZT — мелкий получатель","R4a.terminal: исходящих переводов нет, они проверены обходом (depth <= 3)",1,False,1,0,15200.0,0.0,1,0,0.0002886128880104748,0.0,-0.0,0.000461168,0.0,15200.0,0.0,1,False,observed_sink,1.0,,,1,1,False,False,False,0.0,0,1877,False
100000006518161100,transit,0.993,3,0.7691,"пропускает 100% полученного: вход 594 тыс. KZT от 3, выход 596 тыс. KZT на 2, деньги лежат 0 дн. | сквозной транзит за 0 дн. (71% суммы)","R3a.transit: pass_through в [0.8, 1.2] — прошло почти всё полученное",1,False,3,2,594200.0,595899.0,13,13,0.0008108053328700446,5.785888060502952e-05,0.0,0.0003335851,1.002859306630764,0.0,1699.0,1,False,observed_forwarder,0.0,0.0,0.7147167556918202,2,2,True,False,False,0.7147167556918202,3,1877,True
100000001126374100,consolidator,0.6,1,0.7872,"сходятся 4 плательщика (seed: 1) на 2 получателей; получено 182 тыс. KZT, отдано дальше 16%, осело 153 тыс. KZT | сквозной транзит за 1 дн. (75% суммы)","R2.consolidator: in_deg >= 4 и out_deg <= max(2, in_deg/2)",1,False,4,2,182500.0,29200.0,7,4,0.00031350041044900305,3.923307657464331e-05,0.0,0.0063023131,0.16,153300.0,0.0,1,False,observed_forwarder,0.0,1.0,0.7534246575342466,1,1,True,False,False,0.7534246575342466,2,1877,True
100000004509286100,terminal,0.65,2,0.3863,"получил 40 тыс. KZT, 1 перевод от 1 плательщика, из них seed: 1; исходящих переводов 0, они проверены обходом на колене 1; сумма ниже медианы графа 50 тыс. KZT — мелкий получатель","R4a.terminal: исходящих переводов нет, они проверены обходом (depth <= 3)",1,False,1,0,40000.0,0.0,1,0,0.00029357875156777607,0.0,-0.0,0.000461168,0.0,40000.0,0.0,1,False,observed_sink,1.0,,,1,1,False,False,False,0.0,0,1877,False
100000005056870100,terminal,0.65,46,0.3381,"получил 20 тыс. KZT, 1 перевод от 1 плательщика, из них seed: 1; исходящих переводов 0, они проверены обходом на колене 1; сумма ниже медианы графа 50 тыс. KZT — мелкий получатель","R4a.terminal: исходящих переводов нет, они проверены обходом (depth <= 3)",1,False,1,0,20000.0,0.0,1,0,0.0003031865584283141,0.0,-0.0,0.0,0.0,20000.0,0.0,1,False,observed_sink,1.0,,,1,1,False,False,False,0.0,0,6,False
100000008708368100,terminal,0.65,0,0.3355,"получил 24 тыс. KZT, 1 перевод от 1 плательщика, из них seed: 1; исходящих переводов 0, они проверены обходом на колене 1; сумма ниже медианы графа 50 тыс. KZT — мелкий получатель","R4a.terminal: исходящих переводов нет, они проверены обходом (depth <= 3)",1,False,1,0,23677.0,0.0,1,0,0.00029053881917720433,0.0,-0.0,0.0,0.0,23677.0,0.0,1,False,observed_sink,1.0,,,1,1,False,False,False,0.0,0,270,False
100000005895525100,terminal,0.9,46,0.5073,"получил 120 тыс. KZT, 3 перевода от 1 плательщика, из них seed: 1; исходящих переводов 0, они проверены обходом на колене 1","R4a.terminal: исходящих переводов нет, они проверены обходом (depth <= 3)",1,False,1,0,120000.0,0.0,3,0,0.00039127287948343374,0.0,-0.0,0.0,0.0,120000.0,0.0,1,False,observed_sink,1.0,,,1,1,False,False,False,0.0,0,6,False
100000008716773100,terminal,0.65,0,0.2967,"получил 16 тыс. KZT, 1 перевод от 1 плательщика, из них seed: 1; исходящих переводов 0, они проверены обходом на колене 1; сумма ниже медианы графа 50 тыс. KZT — мелкий получатель","R4a.terminal: исходящих переводов нет, они проверены обходом (depth <= 3)",1,False,1,0,15677.0,0.0,1,0,0.00028885971288505105,0.0,-0.0,0.0,0.0,15677.0,0.0,1,False,observed_sink,1.0,,,1,1,False,False,False,0.0,0,270,False
100000002778085100,terminal,0.9,3,0.4336,"получил 66 тыс. KZT, 1 перевод от 1 плательщика, из них seed: 1; исходящих переводов 0, они проверены обходом на колене 1","R4a.terminal: исходящих переводов нет, они проверены обходом (depth <= 3)",1,False,1,0,66208.0,0.0,1,0,0.0002926878495051828,0.0,-0.0,0.0002952416,0.0,66208.0,0.0,1,False,observed_sink,1.0,,,1,1,False,False,False,0.0,0,1877,False
100000007055802100,coordinator,0.9,1,0.9636,"получает 2 млн KZT (топ-5% графа) от 6 плательщиков, из них seed: 1; 6 из них сами собирают от 4+ плательщиков; отдаёт дальше 30% | 4 плательщика в один день; сквозной транзит за 0 дн. (100% суммы)","R6.coordinator: >= 2 плательщиков-сборщиков (in_deg >= 4) либо >= 2 seed-плательщиков, при in_kzt в топ-5% (614 тыс. KZT) и не seed",1,False,6,1,2024999.0,605000.0,34,7,0.0011819243661223104,4.359230730515923e-06,0.0034341664,0.0108205013,0.29876557963732325,1419999.0,0.0,1,False,observed_forwarder,0.0,0.0,1.0,4,8,True,True,True,1.0,2,1877,False
100000003071930100,terminal,0.85,8,0.8205,"из 478 тыс. KZT дальше ушло только 1% (5 тыс. KZT на 1 получателя), осело 473 тыс. KZT — сумма остановилась здесь | сквозной транзит за 1 дн. (100% суммы)",R4b.terminal: дальше уходит не более 26% полученного — сумма осела,1,False,3,1,477610.0,5000.0,4,1,0.0003483674806474168,4.279971989961088e-05,0.0,0.0001463133,0.010468792529469651,472610.0,0.0,1,False,observed_forwarder,0.0,1.0,1.0,1,1,True,False,False,1.0,2,1877,True
100000002941114100,terminal,0.85,9,0.7531,"из 129 тыс. KZT дальше ушло только 12% (15 тыс. KZT на 1 получателя), осело 114 тыс. KZT — сумма остановилась здесь | сквозной транзит за 1 дн. (100% суммы)",R4b.terminal: дальше уходит не более 26% полученного — сумма осела,1,False,2,1,128510.0,15000.0,15,1,0.0018146321453408225,2.0607272544257092e-05,0.0,0.0001237814,0.11672243405182477,113510.0,0.0,1,False,observed_forwarder,0.0,1.0,1.0,2,2,True,False,True,1.0,1,1877,True
100000003888271100,transit,0.6,44,0.3595,отдал 26 тыс. KZT на 2 получателей при поступлениях 12 тыс. KZT: 13 тыс. KZT пришло вне выборки (собраны только исходящие); удержания нет,"R3b.transit: pass_through > 1.2 — отдал больше, чем получил по данным, приток извне выборки",1,False,1,2,12177.0,25590.0,2,3,0.0002913863210858292,3.962937027741748e-07,0.0,0.0,2.10150283321015,0.0,13413.0,1,False,observed_forwarder,0.0,5.0,0.27002735443532627,1,1,False,False,False,0.0,5,6,True
100000007507343100,terminal,0.9,52,0.5878,"получил 370 тыс. KZT, 1 перевод от 1 плательщика, из них seed: 1; исходящих переводов 0, они проверены обходом на колене 1","R4a.terminal: исходящих переводов нет, они проверены обходом (depth <= 3)",1,False,1,0,370000.0,0.0,1,0,0.0006416178761806914,0.0,-0.0,0.0,0.0,370000.0,0.0,1,False,observed_sink,1.0,,,1,1,False,False,False,0.0,0,5,False
100000008002020100,terminal,0.77,11,0.4701,"из 74 тыс. KZT дальше ушло только 23% (17 тыс. KZT на 1 получателя), осело 57 тыс. KZT — сумма остановилась здесь",R4b.terminal: дальше уходит не более 26% полученного — сумма осела,1,False,1,1,73860.0,17000.0,1,1,0.00029782673449048764,1.5851748110966993e-06,0.0,1.01e-05,0.23016517736257786,56860.0,0.0,1,False,observed_forwarder,0.0,7.0,0.0,1,1,False,False,False,0.0,8,1877,True
100000001872484100,peripheral,0.5,55,0.6684,"вход 871 тыс. KZT от 1, выход 515 тыс. KZT на 3, пропуск 59% — смешанный профиль: плательщиков меньше 4, получателей меньше 11, пропуск вне зон транзита и осаждения",R5.peripheral,1,False,1,3,871400.0,514580.0,13,9,0.0022739787649245706,5.944405541612623e-07,0.0,0.0,0.5905210006885472,356820.0,0.0,1,False,observed_forwarder,0.0,2.0,0.5464262116677678,1,2,False,False,False,0.5,3,4,True
100000008769636100,terminal,0.65,0,0.3324,"получил 23 тыс. KZT, 1 перевод от 1 плательщика, из них seed: 1; исходящих переводов 0, они проверены обходом на колене 1; сумма ниже медианы графа 50 тыс. KZT — мелкий получатель","R4a.terminal: исходящих переводов нет, они проверены обходом (depth <= 3)",1,False,1,0,23118.0,0.0,1,0,0.0002904214916250401,0.0,-0.0,0.0,0.0,23118.0,0.0,1,False,observed_sink,1.0,,,1,1,False,False,False,0.0,0,270,False
100000004135268100,transit,0.518,52,0.8327,"пропускает 81% полученного: вход 1.2 млн KZT от 2, выход 1 млн KZT на 3, деньги лежат 0 дн. | сквозной транзит за 0 дн. (85% суммы)","R3a.transit: pass_through в [0.8, 1.2] — прошло почти всё полученное",1,False,2,3,1239000.0,1000200.0,3,4,0.0017405273422577722,1.1888811083225246e-06,0.0,0.0,0.8072639225181598,238800.0,0.0,1,False,observed_forwarder,0.0,0.0,0.8498300339932013,1,1,True,False,False,0.8498300339932013,4,5,True
100000005316708100,transit,0.6,7,0.4973,отдал 258 тыс. KZT на 2 получателей при поступлениях 90 тыс. KZT: 168 тыс. KZT пришло вне выборки (собраны только исходящие); удержания нет,"R3b.transit: pass_through > 1.2 — отдал больше, чем получил по данным, приток извне выборки",1,False,1,2,90000.0,257500.0,1,4,0.0002976906193985501,1.1888811083225246e-06,2.099e-06,4.08959e-05,2.861111111111111,0.0,167500.0,1,False,observed_forwarder,0.0,,,1,1,False,False,False,0.0,10,1877,False
100000008671929100,terminal,0.9,2,0.4506,"получил 75 тыс. KZT, 2 перевода от 1 плательщика, из них seed: 1; исходящих переводов 0, они проверены обходом на колене 1","R4a.terminal: исходящих переводов нет, они проверены обходом (depth <= 3)",1,False,1,0,75000.0,0.0,2,0,0.0003005870267494512,0.0,-0.0,0.000461168,0.0,75000.0,0.0,1,False,observed_sink,1.0,,,1,1,False,False,False,0.0,0,1877,False
100000005287097100,transit,0.6,3,0.6903,отдал 697 тыс. KZT на 9 получателей при поступлениях 127 тыс. KZT: 570 тыс. KZT пришло вне выборки (собраны только исходящие); удержания нет,"R3b.transit: pass_through > 1.2 — отдал больше, чем получил по данным, приток извне выборки",1,False,2,9,127173.0,697300.0,5,42,0.0003027074338818183,0.0007832208178364951,0.000139711,0.000330918,5.483082100760382,0.0,570127.0,1,False,observed_forwarder,0.0,2.0,0.24422773555141258,1,2,False,False,False,0.5,1595,1877,True
100000007283257100,terminal,0.9,64,0.6387,"получил 192 тыс. KZT, 7 переводов от 1 плательщика, из них seed: 1; исходящих переводов 0, они проверены обходом на колене 1 | дробление: 4 перевода от одного плательщика за день","R4a.terminal: исходящих переводов нет, они проверены обходом (depth <= 3)",1,False,1,0,192000.0,0.0,7,0,0.0003890688456836091,0.0,-0.0,0.0,0.0,192000.0,0.0,1,False,observed_sink,1.0,,,1,4,False,False,True,1.0,0,3,False
100000004847758100,distributor,0.682,2,0.67,"веер на 15 получателей, 23 перевода на 489 тыс. KZT; отдал на 374 тыс. KZT больше, чем получил в выборке",R1.distributor: out_deg >= 11,1,False,4,15,115171.0,488800.0,4,23,0.0003047422483467836,0.0013585891006882083,0.0085576957,0.006770187,4.244123954815014,0.0,373629.0,1,False,observed_forwarder,0.0,5.0,0.25777414075286414,1,1,False,False,False,0.0,1595,1877,True
100000008737422100,terminal,0.9,0,0.4537,"получил 77 тыс. KZT, 1 перевод от 1 плательщика, из них seed: 1; исходящих переводов 0, они проверены обходом на колене 1","R4a.terminal: исходящих переводов нет, они проверены обходом (depth <= 3)",1,False,1,0,76903.0,0.0,1,0,0.0003017103331154731,0.0,-0.0,0.0,0.0,76903.0,0.0,1,False,observed_sink,1.0,,,1,1,False,False,False,0.0,0,270,False
100000008555918100,peripheral,0.5,2,0.5028,"вход 139 тыс. KZT от 1, выход 43 тыс. KZT на 2, пропуск 31% — смешанный профиль: плательщиков меньше 4, получателей меньше 11, пропуск вне зон транзита и осаждения",R5.peripheral,1,False,1,2,139211.0,43300.0,1,2,0.0003134444083977524,4.755524433290098e-05,0.0,0.000461168,0.3110386391879952,95911.0,0.0,1,False,observed_forwarder,0.0,,,1,1,False,False,False,0.0,2,1877,True
100000008094734100,consolidator,0.6,1,0.7122,"сходятся 4 плательщика (seed: 2) на 0 получателей; получено 236 тыс. KZT, отдано дальше 0%, осело 236 тыс. KZT","R2.consolidator: in_deg >= 4 и out_deg <= max(2, in_deg/2)",1,False,4,0,236249.0,0.0,4,0,0.00034413600318898276,0.0,-0.0,0.0023354656,0.0,236249.0,0.0,2,False,observed_sink,1.0,,,1,1,False,False,False,0.0,0,1877,False
100000006952718100,terminal,0.9,3,0.4395,"получил 71 тыс. KZT, 1 перевод от 1 плательщика, из них seed: 1; исходящих переводов 0, они проверены обходом на колене 1","R4a.terminal: исходящих переводов нет, они проверены обходом (depth <= 3)",1,False,1,0,71489.0,0.0,1,0,0.0002932556523458571,0.0,-0.0,0.0002952416,0.0,71489.0,0.0,1,False,observed_sink,1.0,,,1,1,False,False,False,0.0,0,1877,False
100000005339662100,transit,0.6,14,0.7489,отдал 295 тыс. KZT на 4 получателей при поступлениях 203 тыс. KZT: 92 тыс. KZT пришло вне выборки (собраны только исходящие); удержания нет | сквозной транзит за 0 дн. (77% суммы),"R3b.transit: pass_through > 1.2 — отдал больше, чем получил по данным, приток извне выборки",1,False,4,4,202939.0,295160.0,9,15,0.0016567441326948023,0.00013962469475849675,0.000128664,0.0003363156,1.4544271924075707,0.0,92221.0,1,False,observed_forwarder,0.0,0.0,0.7669060848353435,2,2,True,False,False,0.7669060848353435,78,1877,True
100000001716579100,terminal,0.65,0,0.284,"получил 14 тыс. KZT, 1 перевод от 1 плательщика, из них seed: 1; исходящих переводов 0, они проверены обходом на колене 1; сумма ниже медианы графа 50 тыс. KZT — мелкий получатель","R4a.terminal: исходящих переводов нет, они проверены обходом (depth <= 3)",1,False,1,0,13916.0,0.0,1,0,0.0002884900996124908,0.0,-0.0,0.0,0.0,13916.0,0.0,1,False,observed_sink,1.0,,,1,1,False,False,False,0.0,0,270,False
100000002774456100,terminal,0.9,9,0.4149,"получил 50 тыс. KZT, 1 перевод от 1 плательщика, из них seed: 1; исходящих переводов 0, они проверены обходом на колене 1","R4a.terminal: исходящих переводов нет, они проверены обходом (depth <= 3)",1,False,1,0,50363.0,0.0,1,0,0.00029320785927153096,0.0,-0.0,0.0001227996,0.0,50363.0,0.0,1,False,observed_sink,1.0,,,1,1,False,False,False,0.0,0,1877,False
100000004394765100,terminal,0.85,3,0.8355,"из 604 тыс. KZT дальше ушло только 14% (82 тыс. KZT на 2 получателей), осело 521 тыс. KZT — сумма остановилась здесь | дробление: 4 перевода от одного плательщика за день",R4b.terminal: дальше уходит не более 26% полученного — сумма осела,1,False,3,2,603844.0,82500.0,10,2,0.00038027545911161945,6.516389452616682e-05,3.7e-09,0.0003834878,0.13662469114539516,521344.0,0.0,1,False,observed_forwarder,0.0,1.0,0.4303030303030303,2,4,False,False,True,1.0,8,1877,False
100000004004621100,terminal,0.9,10,0.6027,"получил 75 тыс. KZT, 3 перевода от 3 плательщиков, из них seed: 1; исходящих переводов 0, они проверены обходом на колене 1","R4a.terminal: исходящих переводов нет, они проверены обходом (depth <= 3)",1,False,3,0,75389.0,0.0,3,0,0.0003007744031334764,0.0,-0.0,0.0036608021,0.0,75389.0,0.0,1,False,observed_sink,1.0,,,2,1,False,False,False,0.5,0,1877,False
100000000907277100,terminal,0.65,0,0.3063,"получил 18 тыс. KZT, 1 перевод от 1 плательщика, из них seed: 1; исходящих переводов 0, они проверены обходом на колене 1; сумма ниже медианы графа 50 тыс. KZT — мелкий получатель","R4a.terminal: исходящих переводов нет, они проверены обходом (depth <= 3)",1,False,1,0,17534.0,0.0,1,0,0.00028924947543311713,0.0,-0.0,0.0,0.0,17534.0,0.0,1,False,observed_sink,1.0,,,1,1,False,False,False,0.0,0,270,False
100000003835149100,transit,0.6,23,0.5871,отдал 4.6 млн KZT на 2 получателей при поступлениях 248 тыс. KZT: 4.4 млн KZT пришло вне выборки (собраны только исходящие); удержания нет,"R3b.transit: pass_through > 1.2 — отдал больше, чем получил по данным, приток извне выборки",1,False,1,2,248500.0,4600440.0,1,13,0.0004889016554646466,1.7833216624837866e-06,0.0,0.0,18.512837022132796,0.0,4351940.0,1,False,observed_forwarder,0.0,18.0,0.0,1,1,False,False,False,0.0,9,1877,True
100000004254434100,terminal,0.65,0,0.4472,"получил 44 тыс. KZT, 2 перевода от 1 плательщика, из них seed: 1; исходящих переводов 0, они проверены обходом на колене 1; сумма ниже медианы графа 50 тыс. KZT — мелкий получатель","R4a.terminal: исходящих переводов нет, они проверены обходом (depth <= 3)",1,False,1,0,44445.0,0.0,2,0,0.0002948977791116342,0.0,-0.0,0.0,0.0,44445.0,0.0,1,False,observed_sink,1.0,,,1,2,False,False,False,0.5,0,270,False
100000003635170100,transit,0.86,33,0.7927,"пропускает 94% полученного: вход 268 тыс. KZT от 3, выход 254 тыс. KZT на 4, деньги лежат 0 дн. | сквозной транзит за 0 дн. (100% суммы)","R3a.transit: pass_through в [0.8, 1.2] — прошло почти всё полученное",1,False,3,4,268500.0,253500.0,13,10,0.0011481911115018457,0.00018804136196634596,0.0,0.0001247952,0.9441340782122905,15000.0,0.0,1,False,observed_forwarder,0.0,0.0,1.0,2,2,True,False,False,1.0,9,1877,True
100000006687202100,terminal,0.9,1,0.4147,"получил 50 тыс. KZT, 1 перевод от 1 плательщика, из них seed: 1; исходящих переводов 0, они проверены обходом на колене 1","R4a.terminal: исходящих переводов нет, они проверены обходом (depth <= 3)",1,False,1,0,50000.0,0.0,1,0,0.00029495191537630183,0.0,-0.0,0.0021516816,0.0,50000.0,0.0,1,False,observed_sink,1.0,,,1,1,False,False,False,0.0,0,1877,False
100000006030946100,terminal,0.9,0,0.45,"получил 73 тыс. KZT, 1 перевод от 1 плательщика, из них seed: 1; исходящих переводов 0, они проверены обходом на колене 1","R4a.terminal: исходящих переводов нет, они проверены обходом (depth <= 3)",1,False,1,0,73289.0,0.0,1,0,0.00030095179684799285,0.0,-0.0,0.0,0.0,73289.0,0.0,1,False,observed_sink,1.0,,,1,1,False,False,False,0.0,0,270,False
100000002615479100,terminal,0.9,8,0.5271,"получил 220 тыс. KZT, 1 перевод от 1 плательщика, из них seed: 1; исходящих переводов 0, они проверены обходом на колене 1","R4a.terminal: исходящих переводов нет, они проверены обходом (depth <= 3)",1,False,1,0,220000.0,0.0,1,0,0.00030919582846738417,0.0,-0.0,2.27478e-05,0.0,220000.0,0.0,1,False,observed_sink,1.0,,,1,1,False,False,False,0.0,0,1877,False
100000002952631100,terminal,0.65,3,0.396,"получил 48 тыс. KZT, 1 перевод от 1 плательщика, из них seed: 1; исходящих переводов 0, они проверены обходом на колене 1; сумма ниже медианы графа 50 тыс. KZT — мелкий получатель","R4a.terminal: исходящих переводов нет, они проверены обходом (depth <= 3)",1,False,1,0,48050.0,0.0,1,0,0.00029073553668924586,0.0,-0.0,0.0002952416,0.0,48050.0,0.0,1,False,observed_sink,1.0,,,1,1,False,False,False,0.0,0,1877,False
100000002890167100,terminal,0.9,3,0.4813,"получил 118 тыс. KZT, 1 перевод от 1 плательщика, из них seed: 1; исходящих переводов 0, они проверены обходом на колене 1","R4a.terminal: исходящих переводов нет, они проверены обходом (depth <= 3)",1,False,1,0,118150.0,0.0,1,0,0.0002982725522414642,0.0,-0.0,0.0002952416,0.0,118150.0,0.0,1,False,observed_sink,1.0,,,1,1,False,False,False,0.0,0,1877,False
100000008687671100,terminal,0.65,0,0.3818,"получил 38 тыс. KZT, 1 перевод от 1 плательщика, из них seed: 1; исходящих переводов 0, они проверены обходом на колене 1; сумма ниже медианы графа 50 тыс. KZT — мелкий получатель","R4a.terminal: исходящих переводов нет, они проверены обходом (depth <= 3)",1,False,1,0,37500.0,0.0,1,0,0.00029344010496175864,0.0,-0.0,0.0,0.0,37500.0,0.0,1,False,observed_sink,1.0,,,1,1,False,False,False,0.0,0,270,False
100000000810551100,terminal,0.85,2,0.5145,"из 100 тыс. KZT дальше ушло только 7% (7 тыс. KZT на 1 получателя), осело 93 тыс. KZT — сумма остановилась здесь",R4b.terminal: дальше уходит не более 26% полученного — сумма осела,1,False,1,1,100000.0,7100.0,1,1,0.0003055929375935048,7.769558206055905e-05,0.0,0.000461168,0.071,92900.0,0.0,1,False,observed_forwarder,0.0,,,1,1,False,False,False,0.0,4,1877,False
100000008724279100,terminal,0.65,3,0.2721,"получил 12 тыс. KZT, 1 перевод от 1 плательщика, из них seed: 1; исходящих переводов 0, они проверены обходом на колене 1; сумма ниже медианы графа 50 тыс. KZT — мелкий получатель","R4a.terminal: исходящих переводов нет, они проверены обходом (depth <= 3)",1,False,1,0,11750.0,0.0,1,0,0.0002868326313462284,0.0,-0.0,0.0002952416,0.0,11750.0,0.0,1,False,observed_sink,1.0,,,1,1,False,False,False,0.0,0,1877,False
100000002592567100,transit,0.6,3,0.4009,отдал 49 тыс. KZT на 2 получателей при поступлениях 5 тыс. KZT: 43 тыс. KZT пришло вне выборки (собраны только исходящие); удержания нет,"R3b.transit: pass_through > 1.2 — отдал больше, чем получил по данным, приток извне выборки",1,False,1,2,5297.0,48600.0,1,2,0.00028613881734682083,0.0007202476857029619,1.4086e-06,0.0002952416,9.175004719652634,0.0,43303.0,1,False,observed_forwarder,0.0,9.0,0.0,1,1,False,False,False,0.0,336,1877,False
100000002670860100,terminal,0.9,12,0.6489,"получил 450 тыс. KZT, 2 перевода от 2 плательщиков, из них seed: 1; исходящих переводов 0, они проверены обходом на колене 1","R4a.terminal: исходящих переводов нет, они проверены обходом (depth <= 3)",1,False,2,0,450000.0,0.0,2,0,0.00030894570400308004,0.0,-0.0,4.7208e-06,0.0,450000.0,0.0,1,False,observed_sink,1.0,,,1,1,False,False,False,0.0,0,1877,False
100000002844897100,terminal,0.65,8,0.2696,"получил 11 тыс. KZT, 1 перевод от 1 плательщика, из них seed: 1; исходящих переводов 0, они проверены обходом на колене 1; сумма ниже медианы графа 50 тыс. KZT — мелкий получатель","R4a.terminal: исходящих переводов нет, они проверены обходом (depth <= 3)",1,False,1,0,10800.0,0.0,1,0,0.0002867291422622948,0.0,-0.0,2.27478e-05,0.0,10800.0,0.0,1,False,observed_sink,1.0,,,1,1,False,False,False,0.0,0,1877,False
100000007938486100,terminal,0.65,0,0.3853,"получил 40 тыс. KZT, 1 перевод от 1 плательщика, из них seed: 1; исходящих переводов 0, они проверены обходом на колене 1; сумма ниже медианы графа 50 тыс. KZT — мелкий получатель","R4a.terminal: исходящих переводов нет, они проверены обходом (depth <= 3)",1,False,1,0,39500.0,0.0,1,0,0.000293859881534797,0.0,-0.0,0.0,0.0,39500.0,0.0,1,False,observed_sink,1.0,,,1,1,False,False,False,0.0,0,270,False
100000008438656100,terminal,0.85,2,0.6745,"из 80 тыс. KZT дальше ушло только 6% (5 тыс. KZT на 1 получателя), осело 75 тыс. KZT — сумма остановилась здесь | сквозной транзит за 0 дн. (100% суммы)",R4b.terminal: дальше уходит не более 26% полученного — сумма осела,1,False,2,1,80000.0,5000.0,2,1,0.00029739252742606035,2.377762216645049e-05,0.0,0.003401342,0.0625,75000.0,0.0,1,False,observed_forwarder,0.0,0.0,1.0,1,1,True,False,False,1.0,1,1877,True
100000008304139100,distributor,1.0,2,0.7124,"веер на 24 получателей, 43 перевода на 1.7 млн KZT; отдал на 1.5 млн KZT больше, чем получил в выборке",R1.distributor: out_deg >= 11,1,False,4,24,189329.75,1692997.0,4,43,0.0003136180059586529,0.0013103045314002593,0.0076287117,0.0057567097,8.942054801213228,0.0,1503667.25,1,False,observed_forwarder,0.0,4.0,0.28186700862435077,1,1,False,False,False,0.0,1595,1877,True
100000002597003100,peripheral,0.5,1,0.2988,"вход 18 тыс. KZT от 1, выход 11 тыс. KZT на 1, пропуск 62% — смешанный профиль: плательщиков меньше 4, получателей меньше 11, пропуск вне зон транзита и осаждения",R5.peripheral,1,False,1,1,17700.0,11000.0,1,1,0.00028889074210758034,1.922024458454748e-05,0.0,0.0021516816,0.6214689265536724,6700.0,0.0,1,False,observed_forwarder,0.0,,,1,1,False,False,False,0.0,1,1877,True
100000002830055100,terminal,0.65,0,0.2849,"получил 14 тыс. KZT, 1 перевод от 1 плательщика, из них seed: 1; исходящих переводов 0, они проверены обходом на колене 1; сумма ниже медианы графа 50 тыс. KZT — мелкий получатель","R4a.terminal: исходящих переводов нет, они проверены обходом (depth <= 3)",1,False,1,0,14000.0,0.0,1,0,0.0002885077302285584,0.0,-0.0,0.0,0.0,14000.0,0.0,1,False,observed_sink,1.0,,,1,1,False,False,False,0.0,0,270,False
100000004299488100,coordinator,0.9,1,0.9675,"получает 1.7 млн KZT (топ-5% графа) от 6 плательщиков, из них seed: 1; 6 из них сами собирают от 4+ плательщиков; отдаёт дальше 20% | 3 плательщика в один день; сквозной транзит за 0 дн. (94% суммы)","R6.coordinator: >= 2 плательщиков-сборщиков (in_deg >= 4) либо >= 2 seed-плательщиков, при in_kzt в топ-5% (614 тыс. KZT) и не seed",1,False,6,2,1749000.0,344999.0,22,14,0.0014621185934412442,2.0805419395644178e-05,0.0046423039,0.0080685162,0.19725500285877645,1404001.0,0.0,1,False,observed_forwarder,0.0,0.0,0.9420288174748332,3,3,True,True,True,1.0,2,1877,True
100000002809568100,terminal,0.65,1,0.265,"получил 10 тыс. KZT, 1 перевод от 1 плательщика, из них seed: 1; исходящих переводов 0, они проверены обходом на колене 1; сумма ниже медианы графа 50 тыс. KZT — мелкий получатель","R4a.terminal: исходящих переводов нет, они проверены обходом (depth <= 3)",1,False,1,0,10000.0,0.0,1,0,0.0002874458184490925,0.0,-0.0,0.0021516816,0.0,10000.0,0.0,1,False,observed_sink,1.0,,,1,1,False,False,False,0.0,0,1877,False
100000004784224100,transit,0.6,23,0.4569,отдал 100 тыс. KZT на 1 получателя при поступлениях 24 тыс. KZT: 76 тыс. KZT пришло вне выборки (собраны только исходящие); удержания нет,"R3b.transit: pass_through > 1.2 — отдал больше, чем получил по данным, приток извне выборки",1,False,1,1,23500.0,100000.0,2,1,0.0003047979078563762,1.981468513870874e-07,0.0,0.0,4.25531914893617,0.0,76500.0,1,False,observed_forwarder,0.0,5.0,0.0,1,1,False,False,False,0.0,1,1877,True
100000003123296100,terminal,0.9,11,0.5116,"получил 86 тыс. KZT, 2 перевода от 1 плательщика, из них seed: 1; исходящих переводов 0, они проверены обходом на колене 1","R4a.terminal: исходящих переводов нет, они проверены обходом (depth <= 3)",1,False,1,0,86200.0,0.0,2,0,0.0002998746198543011,0.0,-0.0,1.01e-05,0.0,86200.0,0.0,1,False,observed_sink,1.0,,,1,2,False,False,False,0.5,0,1877,False
100000004130144100,terminal,0.9,7,0.5126,"получил 200 тыс. KZT, 1 перевод от 1 плательщика, из них seed: 1; исходящих переводов 0, они проверены обходом на колене 1","R4a.terminal: исходящих переводов нет, они проверены обходом (depth <= 3)",1,False,1,0,200000.0,0.0,1,0,0.00029703774196744934,0.0,-0.0,4.3414e-06,0.0,200000.0,0.0,1,False,observed_sink,1.0,,,1,1,False,False,False,0.0,0,1877,False
100000001253557100,consolidator,0.725,4,0.7006,"сходятся 5 плательщиков (seed: 1) на 0 получателей; получено 210 тыс. KZT, отдано дальше 0%, осело 210 тыс. KZT","R2.consolidator: in_deg >= 4 и out_deg <= max(2, in_deg/2)",1,False,5,0,210200.0,0.0,5,0,0.0003510659229876527,0.0,-0.0,4.1417e-05,0.0,210200.0,0.0,1,False,observed_sink,1.0,,,1,1,False,False,False,0.0,0,1877,False
100000008767925100,terminal,0.65,0,0.3033,"получил 17 тыс. KZT, 1 перевод от 1 плательщика, из них seed: 1; исходящих переводов 0, они проверены обходом на колене 1; сумма ниже медианы графа 50 тыс. KZT — мелкий получатель","R4a.terminal: исходящих переводов нет, они проверены обходом (depth <= 3)",1,False,1,0,17144.0,0.0,1,0,0.0002891676190013747,0.0,-0.0,0.0,0.0,17144.0,0.0,1,False,observed_sink,1.0,,,1,1,False,False,False,0.0,0,270,False
100000007181706100,terminal,0.9,2,0.6547,"получил 176 тыс. KZT, 2 перевода от 2 плательщиков, из них seed: 1; исходящих переводов 0, они проверены обходом на колене 1","R4a.terminal: исходящих переводов нет, они проверены обходом (depth <= 3)",1,False,2,0,176272.0,0.0,2,0,0.00031906641503554723,0.0,-0.0,0.0033669496,0.0,176272.0,0.0,1,False,observed_sink,1.0,,,2,1,False,False,False,0.5,0,1877,False
100000003366154100,transit,0.6,2,0.6285,отдал 289 тыс. KZT на 3 получателей при поступлениях 125 тыс. KZT: 164 тыс. KZT пришло вне выборки (собраны только исходящие); удержания нет | сквозной транзит за 0 дн. (100% суммы),"R3b.transit: pass_through > 1.2 — отдал больше, чем получил по данным, приток извне выборки",1,False,1,3,125000.0,289170.0,1,3,0.0003105988484375585,6.146709644545516e-05,5.35407e-05,0.000461168,2.31336,0.0,164170.0,1,False,observed_forwarder,0.0,0.0,1.0,1,1,True,False,False,1.0,3,1877,True
100000007641183100,terminal,0.65,3,0.3474,"получил 28 тыс. KZT, 1 перевод от 1 плательщика, из них seed: 1; исходящих переводов 0, они проверены обходом на колене 1; сумма ниже медианы графа 50 тыс. KZT — мелкий получатель","R4a.terminal: исходящих переводов нет, они проверены обходом (depth <= 3)",1,False,1,0,28000.0,0.0,1,0,0.00028857979971603646,0.0,-0.0,0.0002952416,0.0,28000.0,0.0,1,False,observed_sink,1.0,,,1,1,False,False,False,0.0,0,1877,False
100000008663007100,terminal,0.65,0,0.2849,"получил 14 тыс. KZT, 1 перевод от 1 плательщика, из них seed: 1; исходящих переводов 0, они проверены обходом на колене 1; сумма ниже медианы графа 50 тыс. KZT — мелкий получатель","R4a.terminal: исходящих переводов нет, они проверены обходом (depth <= 3)",1,False,1,0,14000.0,0.0,1,0,0.0002885077302285584,0.0,-0.0,0.0,0.0,14000.0,0.0,1,False,observed_sink,1.0,,,1,1,False,False,False,0.0,0,270,False
100000007334196100,terminal,0.9,9,0.5038,"получил 150 тыс. KZT, 1 перевод от 1 плательщика, из них seed: 1; исходящих переводов 0, они проверены обходом на колене 1","R4a.terminal: исходящих переводов нет, они проверены обходом (depth <= 3)",1,False,1,0,150002.0,0.0,1,0,0.0003083201238991245,0.0,-0.0,0.0001227996,0.0,150002.0,0.0,1,False,observed_sink,1.0,,,1,1,False,False,False,0.0,0,1877,False
100000003873332100,transit,0.6,16,0.5057,отдал 286 тыс. KZT на 4 получателей при поступлениях 23 тыс. KZT: 263 тыс. KZT пришло вне выборки (собраны только исходящие); удержания нет,"R3b.transit: pass_through > 1.2 — отдал больше, чем получил по данным, приток извне выборки",1,False,1,4,23468.0,286000.0,1,8,0.00028997312128448393,0.0008935591491820593,0.0,0.0021516816,12.186807567751833,0.0,262532.0,1,False,observed_forwarder,0.0,13.0,0.0,1,1,False,False,False,0.0,1595,1877,True
100000001550388100,terminal,0.9,1,0.4147,"получил 50 тыс. KZT, 1 перевод от 1 плательщика, из них seed: 1; исходящих переводов 0, они проверены обходом на колене 1","R4a.terminal: исходящих переводов нет, они проверены обходом (depth <= 3)",1,False,1,0,50000.0,0.0,1,0,0.00029495191537630183,0.0,-0.0,0.0021516816,0.0,50000.0,0.0,1,False,observed_sink,1.0,,,1,1,False,False,False,0.0,0,1877,False
100000008718089100,terminal,0.65,0,0.2951,"получил 16 тыс. KZT, 1 перевод от 1 плательщика, из них seed: 1; исходящих переводов 0, они проверены обходом на колене 1; сумма ниже медианы графа 50 тыс. KZT — мелкий получатель","R4a.terminal: исходящих переводов нет, они проверены обходом (depth <= 3)",1,False,1,0,15534.0,0.0,1,0,0.0002888296988600788,0.0,-0.0,0.0,0.0,15534.0,0.0,1,False,observed_sink,1.0,,,1,1,False,False,False,0.0,0,270,False
100000008728457100,terminal,0.65,9,0.3929,"получил 45 тыс. KZT, 1 перевод от 1 плательщика, из них seed: 1; исходящих переводов 0, они проверены обходом на колене 1; сумма ниже медианы графа 50 тыс. KZT — мелкий получатель","R4a.terminal: исходящих переводов нет, они проверены обходом (depth <= 3)",1,False,1,0,45000.0,0.0,1,0,0.0002923944521197351,0.0,-0.0,0.0001227996,0.0,45000.0,0.0,1,False,observed_sink,1.0,,,1,1,False,False,False,0.0,0,1877,False
100000004206046100,terminal,0.65,3,0.2712,"получил 11 тыс. KZT, 1 перевод от 1 плательщика, из них seed: 1; исходящих переводов 0, они проверены обходом на колене 1; сумма ниже медианы графа 50 тыс. KZT — мелкий получатель","R4a.terminal: исходящих переводов нет, они проверены обходом (depth <= 3)",1,False,1,0,11075.0,0.0,1,0,0.00028676005666009784,0.0,-0.0,0.0002952416,0.0,11075.0,0.0,1,False,observed_sink,1.0,,,1,1,False,False,False,0.0,0,1877,False
100000006579678100,transit,0.6,3,0.6872,отдал 1.7 млн KZT на 6 получателей при поступлениях 193 тыс. KZT: 1.5 млн KZT пришло вне выборки (собраны только исходящие); удержания нет,"R3b.transit: pass_through > 1.2 — отдал больше, чем получил по данным, приток извне выборки",1,False,2,6,192930.0,1668800.0,2,15,0.0006256438748763348,0.0004489435551961264,1.00879e-05,0.0002976022,8.649769346395066,0.0,1475870.0,1,False,observed_forwarder,0.0,4.0,0.12080536912751678,1,1,False,False,False,0.0,1595,1877,True
100000002988894100,terminal,0.747,2,0.5931,"из 306 тыс. KZT дальше ушло только 25% (78 тыс. KZT на 3 получателей), осело 229 тыс. KZT — сумма остановилась здесь",R4b.terminal: дальше уходит не более 26% полученного — сумма осела,1,False,1,3,306121.0,77500.0,1,3,0.00034686587155699223,7.133286649935147e-05,0.0,0.000461168,0.25316786499456095,228621.0,0.0,1,False,observed_forwarder,0.0,0.0,0.3741935483870968,1,1,False,False,False,0.0,3,1877,True
100000008749406100,terminal,0.65,0,0.3033,"получил 17 тыс. KZT, 1 перевод от 1 плательщика, из них seed: 1; исходящих переводов 0, они проверены обходом на колене 1; сумма ниже медианы графа 50 тыс. KZT — мелкий получатель","R4a.terminal: исходящих переводов нет, они проверены обходом (depth <= 3)",1,False,1,0,17144.0,0.0,1,0,0.0002891676190013747,0.0,-0.0,0.0,0.0,17144.0,0.0,1,False,observed_sink,1.0,,,1,1,False,False,False,0.0,0,270,False
100000005584222100,peripheral,0.5,1,0.7361,"вход 193 тыс. KZT от 2, выход 109 тыс. KZT на 2, пропуск 56% — смешанный профиль: плательщиков меньше 4, получателей меньше 11 | сквозной транзит за 1 дн. (86% суммы)",R5.peripheral,1,False,2,2,192717.0,108587.0,6,3,0.0008759174247919255,3.863863602048205e-05,0.0,0.0021688851,0.5634531463233653,84130.0,0.0,1,False,observed_forwarder,0.0,1.0,0.8618619171724056,1,3,True,False,True,1.0,2,1877,True
100000003239859100,terminal,0.65,11,0.3092,"получил 19 тыс. KZT, 1 перевод от 1 плательщика, из них seed: 1; исходящих переводов 0, они проверены обходом на колене 1; сумма ниже медианы графа 50 тыс. KZT — мелкий получатель","R4a.terminal: исходящих переводов нет, они проверены обходом (depth <= 3)",1,False,1,0,18600.0,0.0,1,0,0.0002886560582178517,0.0,-0.0,1.01e-05,0.0,18600.0,0.0,1,False,observed_sink,1.0,,,1,1,False,False,False,0.0,0,1877,False
100000003980083100,terminal,0.65,67,0.4037,"получил 30 тыс. KZT, 1 перевод от 1 плательщика, из них seed: 1; исходящих переводов 0, они проверены обходом на колене 1; сумма ниже медианы графа 50 тыс. KZT — мелкий получатель","R4a.terminal: исходящих переводов нет, они проверены обходом (depth <= 3)",1,False,1,0,30000.0,0.0,1,0,0.0005285862410602071,0.0,-0.0,0.0,0.0,30000.0,0.0,1,False,observed_sink,1.0,,,1,1,False,False,False,0.0,0,2,False
100000004351795100,distributor,0.636,1,0.692,"веер на 14 получателей, 37 переводов на 1.7 млн KZT; отдал на 1.6 млн KZT больше, чем получил в выборке",R1.distributor: out_deg >= 11,1,False,3,14,118333.0,1715161.0,3,37,0.0003135156057452146,0.002428521604147366,0.002775355,0.0040155535,14.494359139039828,0.0,1596828.0,1,False,observed_forwarder,0.0,11.0,0.37906703802150354,1,1,False,False,False,0.0,1595,1877,True
100000002666248100,terminal,0.9,2,0.4464,"получил 70 тыс. KZT, 1 перевод от 1 плательщика, из них seed: 1; исходящих переводов 0, они проверены обходом на колене 1","R4a.terminal: исходящих переводов нет, они проверены обходом (depth <= 3)",1,False,1,0,70032.0,0.0,1,0,0.00029959225214652084,0.0,-0.0,0.000461168,0.0,70032.0,0.0,1,False,observed_sink,1.0,,,1,1,False,False,False,0.0,0,1877,False
100000005877725100,terminal,0.9,0,0.446,"получил 70 тыс. KZT, 1 перевод от 1 плательщика, из них seed: 1; исходящих переводов 0, они проверены обходом на колене 1","R4a.terminal: исходящих переводов нет, они проверены обходом (depth <= 3)",1,False,1,0,70000.0,0.0,1,0,0.00030026147427363134,0.0,-0.0,0.0,0.0,70000.0,0.0,1,False,observed_sink,1.0,,,1,1,False,False,False,0.0,0,270,False
100000001697501100,distributor,1.0,0,0.73,"веер на 38 получателей, 55 переводов на 1.5 млн KZT; отдал на 1.4 млн KZT больше, чем получил в выборке",R1.distributor: out_deg >= 11,1,False,3,38,123700.0,1482606.0,3,55,0.0005916045492534855,0.00020547828488840964,0.0,0.0,11.98549717057397,0.0,1358906.0,1,False,observed_forwarder,0.0,4.5,0.4582471674875186,1,1,False,False,False,0.0,269,270,True
100000006972210100,terminal,0.9,8,0.7106,"получил 489 тыс. KZT, 4 перевода от 3 плательщиков, из них seed: 3; исходящих переводов 0, они проверены обходом на колене 1","R4a.terminal: исходящих переводов нет, они проверены обходом (depth <= 3)",1,False,3,0,488775.0,0.0,4,0,0.0003462960003537612,0.0,-0.0,0.0001864433,0.0,488775.0,0.0,3,False,observed_sink,1.0,,,1,1,False,False,False,0.0,0,1877,False
100000008749618100,terminal,0.65,0,0.4038,"получил 47 тыс. KZT, 1 перевод от 1 плательщика, из них seed: 1; исходящих переводов 0, они проверены обходом на колене 1; сумма ниже медианы графа 50 тыс. KZT — мелкий получатель","R4a.terminal: исходящих переводов нет, они проверены обходом (depth <= 3)",1,False,1,0,47280.0,0.0,1,0,0.000295492812403916,0.0,-0.0,0.0,0.0,47280.0,0.0,1,False,observed_sink,1.0,,,1,1,False,False,False,0.0,0,270,False
100000008671026100,terminal,0.65,0,0.3342,"получил 24 тыс. KZT, 1 перевод от 1 плательщика, из них seed: 1; исходящих переводов 0, они проверены обходом на колене 1; сумма ниже медианы графа 50 тыс. KZT — мелкий получатель","R4a.terminal: исходящих переводов нет, они проверены обходом (depth <= 3)",1,False,1,0,23534.0,0.0,1,0,0.0002905088051522321,0.0,-0.0,0.0,0.0,23534.0,0.0,1,False,observed_sink,1.0,,,1,1,False,False,False,0.0,0,270,False
100000001696818100,terminal,0.9,2,0.4268,"получил 54 тыс. KZT, 1 перевод от 1 плательщика, из них seed: 1; исходящих переводов 0, они проверены обходом на колене 1","R4a.terminal: исходящих переводов нет, они проверены обходом (depth <= 3)",1,False,1,0,53550.0,0.0,1,0,0.0002988369268863407,0.0,-0.0,6.78008e-05,0.0,53550.0,0.0,1,False,observed_sink,1.0,,,1,1,False,False,False,0.0,0,1877,False
100000008679986100,terminal,0.65,0,0.3132,"получил 19 тыс. KZT, 1 перевод от 1 плательщика, из них seed: 1; исходящих переводов 0, они проверены обходом на колене 1; сумма ниже медианы графа 50 тыс. KZT — мелкий получатель","R4a.terminal: исходящих переводов нет, они проверены обходом (depth <= 3)",1,False,1,0,19000.0,0.0,1,0,0.0002895571716611542,0.0,-0.0,0.0,0.0,19000.0,0.0,1,False,observed_sink,1.0,,,1,1,False,False,False,0.0,0,270,False
100000003616818100,transit,0.6,24,0.6261,отдал 240 тыс. KZT на 3 получателей при поступлениях 78 тыс. KZT: 162 тыс. KZT пришло вне выборки (собраны только исходящие); удержания нет,"R3b.transit: pass_through > 1.2 — отдал больше, чем получил по данным, приток извне выборки",1,False,3,3,78000.0,240100.0,4,8,0.0005130034108689012,1.981468513870874e-06,0.0,0.0,3.0782051282051284,0.0,162100.0,1,False,observed_forwarder,0.0,4.0,0.0,1,1,False,False,False,0.0,16,17,True
100000004156082100,distributor,1.0,14,0.8505,"веер на 26 получателей, 29 переводов на 2.3 млн KZT; отдал на 1.9 млн KZT больше, чем получил в выборке | сквозной транзит за 0 дн. (96% суммы)",R1.distributor: out_deg >= 11,1,False,5,26,377366.11,2319556.0,7,29,0.0008669668928480412,0.002040035139413781,0.0019143845,7.7396e-06,6.146699288921308,0.0,1942189.8900000001,1,False,observed_forwarder,0.0,0.0,0.9590438859850765,2,1,True,False,False,0.9590438859850765,1595,1877,True
100000008667058100,terminal,0.65,0,0.3063,"получил 18 тыс. KZT, 1 перевод от 1 плательщика, из них seed: 1; исходящих переводов 0, они проверены обходом на колене 1; сумма ниже медианы графа 50 тыс. KZT — мелкий получатель","R4a.terminal: исходящих переводов нет, они проверены обходом (depth <= 3)",1,False,1,0,17534.0,0.0,1,0,0.00028924947543311713,0.0,-0.0,0.0,0.0,17534.0,0.0,1,False,observed_sink,1.0,,,1,1,False,False,False,0.0,0,270,False
100000008628231100,transit,0.6,65,0.5391,отдал 628 тыс. KZT на 2 получателей при поступлениях 50 тыс. KZT: 578 тыс. KZT пришло вне выборки (собраны только исходящие); удержания нет,"R3b.transit: pass_through > 1.2 — отдал больше, чем получил по данным, приток извне выборки",1,False,1,2,50000.0,627870.0,1,19,0.0002955811159053975,4.755524433290098e-05,0.0,0.000461168,12.5574,0.0,577870.0,1,False,observed_forwarder,0.0,3.0,0.03503910045073025,1,1,False,False,False,0.0,2,1877,True
100000008749063100,terminal,0.65,0,0.3132,"получил 19 тыс. KZT, 1 перевод от 1 плательщика, из них seed: 1; исходящих переводов 0, они проверены обходом на колене 1; сумма ниже медианы графа 50 тыс. KZT — мелкий получатель","R4a.terminal: исходящих переводов нет, они проверены обходом (depth <= 3)",1,False,1,0,19000.0,0.0,1,0,0.0002895571716611542,0.0,-0.0,0.0,0.0,19000.0,0.0,1,False,observed_sink,1.0,,,1,1,False,False,False,0.0,0,270,False
100000004494983100,terminal,0.65,0,0.3764,"получил 35 тыс. KZT, 1 перевод от 1 плательщика, из них seed: 1; исходящих переводов 0, они проверены обходом на колене 1; сумма ниже медианы графа 50 тыс. KZT — мелкий получатель","R4a.terminal: исходящих переводов нет, они проверены обходом (depth <= 3)",1,False,1,0,35000.0,0.0,1,0,0.00029291538424546074,0.0,-0.0,0.0,0.0,35000.0,0.0,1,False,observed_sink,1.0,,,1,1,False,False,False,0.0,0,270,False
100000007648946100,transit,0.6,10,0.3533,отдал 25 тыс. KZT на 1 получателя при поступлениях 20 тыс. KZT: 5 тыс. KZT пришло вне выборки (собраны только исходящие); удержания нет,"R3b.transit: pass_through > 1.2 — отдал больше, чем получил по данным, приток извне выборки",1,False,1,1,19550.0,25000.0,1,1,0.0002892378990904637,2.9130943747974165e-06,6.05621e-05,0.0021516816,1.278772378516624,0.0,5450.0,1,False,observed_forwarder,0.0,3.0,0.0,1,1,False,False,False,0.0,4,1877,False
100000003037660100,terminal,0.9,2,0.4231,"получил 53 тыс. KZT, 1 перевод от 1 плательщика, из них seed: 1; исходящих переводов 0, они проверены обходом на колене 1","R4a.terminal: исходящих переводов нет, они проверены обходом (depth <= 3)",1,False,1,0,53000.0,0.0,1,0,0.000296181825206684,0.0,-0.0,0.000461168,0.0,53000.0,0.0,1,False,observed_sink,1.0,,,1,1,False,False,False,0.0,0,1877,False
100000002679516100,terminal,0.9,11,0.5881,"получил 102 тыс. KZT, 3 перевода от 3 плательщиков, из них seed: 1; исходящих переводов 0, они проверены обходом на колене 1","R4a.terminal: исходящих переводов нет, они проверены обходом (depth <= 3)",1,False,3,0,102335.0,0.0,3,0,0.0003268254970708488,0.0,-0.0,0.0001552371,0.0,102335.0,0.0,1,False,observed_sink,1.0,,,1,1,False,False,False,0.0,0,1877,False
100000005588444100,terminal,0.65,7,0.2736,"получил 12 тыс. KZT, 1 перевод от 1 плательщика, из них seed: 1; исходящих переводов 0, они проверены обходом на колене 1; сумма ниже медианы графа 50 тыс. KZT — мелкий получатель","R4a.terminal: исходящих переводов нет, они проверены обходом (depth <= 3)",1,False,1,0,12300.0,0.0,1,0,0.000286274603753925,0.0,-0.0,4.3414e-06,0.0,12300.0,0.0,1,False,observed_sink,1.0,,,1,1,False,False,False,0.0,0,1877,False
100000001307612100,terminal,0.65,0,0.3836,"получил 38 тыс. KZT, 1 перевод от 1 плательщика, из них seed: 1; исходящих переводов 0, они проверены обходом на колене 1; сумма ниже медианы графа 50 тыс. KZT — мелкий получатель","R4a.terminal: исходящих переводов нет, они проверены обходом (depth <= 3)",1,False,1,0,38483.0,0.0,1,0,0.00029364642514740697,0.0,-0.0,0.0,0.0,38483.0,0.0,1,False,observed_sink,1.0,,,1,1,False,False,False,0.0,0,270,False
100000003001564100,transit,0.6,3,0.4645,отдал 180 тыс. KZT на 1 получателя при поступлениях 24 тыс. KZT: 156 тыс. KZT пришло вне выборки (собраны только исходящие); удержания нет,"R3b.transit: pass_through > 1.2 — отдал больше, чем получил по данным, приток извне выборки",1,False,1,1,23520.0,180000.0,1,1,0.00028809811883623705,1.922024458454748e-05,0.0,0.0002952416,7.653061224489796,0.0,156480.0,1,False,observed_forwarder,0.0,5.0,0.0,1,1,False,False,False,0.0,1,1877,True
100000002762076100,terminal,0.786,7,0.6137,"из 140 тыс. KZT дальше ушло только 21% (30 тыс. KZT на 1 получателя), осело 110 тыс. KZT — сумма остановилась здесь",R4b.terminal: дальше уходит не более 26% полученного — сумма осела,1,False,2,1,140350.0,30000.0,2,1,0.00029914566971164466,3.962937027741748e-07,0.0,1.44414e-05,0.21375133594584966,110350.0,0.0,2,False,observed_forwarder,0.0,,,1,1,False,False,False,0.0,1,1877,True
100000005514161100,consolidator,0.6,7,0.8384,"сходятся 4 плательщика (seed: 1) на 1 получателя; получено 402 тыс. KZT, отдано дальше 12%, осело 352 тыс. KZT","R2.consolidator: in_deg >= 4 и out_deg <= max(2, in_deg/2)",1,False,4,1,401500.0,50000.0,7,1,0.0008061423847001035,4.042195768296583e-05,0.0,4.4568e-06,0.12453300124533001,351500.0,0.0,1,False,observed_forwarder,0.0,,,2,2,False,False,False,0.5,2,1877,True
100000008746673100,terminal,0.9,0,0.4244,"получил 53 тыс. KZT, 1 перевод от 1 плательщика, из них seed: 1; исходящих переводов 0, они проверены обходом на колене 1","R4a.terminal: исходящих переводов нет, они проверены обходом (depth <= 3)",1,False,1,0,53048.0,0.0,1,0,0.0002967034480405586,0.0,-0.0,0.0,0.0,53048.0,0.0,1,False,observed_sink,1.0,,,1,1,False,False,False,0.0,0,270,False
100000003265158100,transit,0.861,11,0.7397,"пропускает 106% полученного: вход 146 тыс. KZT от 3, выход 154 тыс. KZT на 2, деньги лежат 0 дн. | сквозной транзит за 0 дн. (100% суммы)","R3a.transit: pass_through в [0.8, 1.2] — прошло почти всё полученное",1,False,3,2,146100.4,154200.0,3,4,0.0003846709844220256,0.00017654884458589488,0.0,1.94706e-05,1.055438588806054,0.0,8099.600000000006,2,False,observed_forwarder,0.0,0.0,1.0,1,1,True,False,False,1.0,9,1877,True
100000001567366100,terminal,0.9,3,0.6009,"получил 824 тыс. KZT, 4 перевода от 1 плательщика, из них seed: 1; исходящих переводов 0, они проверены обходом на колене 1","R4a.terminal: исходящих переводов нет, они проверены обходом (depth <= 3)",1,False,1,0,824070.0,0.0,4,0,0.0003741716965869987,0.0,-0.0,0.0002952416,0.0,824070.0,0.0,1,False,observed_sink,1.0,,,1,1,False,False,False,0.0,0,1877,False
100000008777088100,terminal,0.65,0,0.3099,"получил 18 тыс. KZT, 1 перевод от 1 плательщика, из них seed: 1; исходящих переводов 0, они проверены обходом на колене 1; сумма ниже медианы графа 50 тыс. KZT — мелкий получатель","R4a.terminal: исходящих переводов нет, они проверены обходом (depth <= 3)",1,False,1,0,18000.0,0.0,1,0,0.00028934728337463503,0.0,-0.0,0.0,0.0,18000.0,0.0,1,False,observed_sink,1.0,,,1,1,False,False,False,0.0,0,270,False
100000002589019100,terminal,0.65,11,0.3725,"получил 35 тыс. KZT, 1 перевод от 1 плательщика, из них seed: 1; исходящих переводов 0, они проверены обходом на колене 1; сумма ниже медианы графа 50 тыс. KZT — мелкий получатель","R4a.terminal: исходящих переводов нет, они проверены обходом (depth <= 3)",1,False,1,0,34710.0,0.0,1,0,0.00029132959413446705,0.0,-0.0,1.01e-05,0.0,34710.0,0.0,1,False,observed_sink,1.0,,,1,1,False,False,False,0.0,0,1877,False
100000008666075100,terminal,0.65,0,0.3511,"получил 26 тыс. KZT, 1 перевод от 1 плательщика, из них seed: 1; исходящих переводов 0, они проверены обходом на колене 1; сумма ниже медианы графа 50 тыс. KZT — мелкий получатель","R4a.terminal: исходящих переводов нет, они проверены обходом (depth <= 3)",1,False,1,0,26217.0,0.0,1,0,0.00029107193542496297,0.0,-0.0,0.0,0.0,26217.0,0.0,1,False,observed_sink,1.0,,,1,1,False,False,False,0.0,0,270,False
100000008137435100,transit,0.6,22,0.7085,отдал 1.4 млн KZT на 6 получателей при поступлениях 94 тыс. KZT: 1.3 млн KZT пришло вне выборки (собраны только исходящие); удержания нет,"R3b.transit: pass_through > 1.2 — отдал больше, чем получил по данным, приток извне выборки",1,False,2,6,93906.0,1419700.0,2,7,0.00031427797773225964,0.00029840915818895366,0.0049317421,0.0027944973,15.118309799160864,0.0,1325794.0,1,False,observed_forwarder,0.0,19.0,0.29442840036627455,2,1,False,False,False,0.5,1595,1877,True
100000004403675100,transit,0.6,18,0.7307,отдал 265 тыс. KZT на 5 получателей при поступлениях 183 тыс. KZT: 82 тыс. KZT пришло вне выборки (собраны только исходящие); удержания нет,"R3b.transit: pass_through > 1.2 — отдал больше, чем получил по данным, приток извне выборки",1,False,4,5,182980.0,264699.0,8,6,0.0007400733271266633,0.002787673513726202,0.0001006185,0.0022164237,1.4466007213903158,0.0,81719.0,2,False,observed_forwarder,0.0,0.0,0.5402362683651997,1,2,False,False,False,0.5,1595,1877,True
100000004677680100,transit,0.6,9,0.7114,отдал 168 тыс. KZT на 1 получателя при поступлениях 63 тыс. KZT: 105 тыс. KZT пришло вне выборки (собраны только исходящие); удержания нет | сквозной транзит за 1 дн. (91% суммы),"R3b.transit: pass_through > 1.2 — отдал больше, чем получил по данным, приток извне выборки",1,False,2,1,63000.0,168000.0,2,3,0.001092834174565077,4.1214545088514184e-05,0.0,0.0001237893,2.6666666666666665,0.0,105000.0,1,False,observed_forwarder,0.0,1.0,0.9107142857142857,1,1,True,False,False,0.9107142857142857,2,1877,True
100000005958064100,transit,0.6,13,0.46,отдал 164 тыс. KZT на 2 получателей при поступлениях 6 тыс. KZT: 158 тыс. KZT пришло вне выборки (собраны только исходящие); удержания нет,"R3b.transit: pass_through > 1.2 — отдал больше, чем получил по данным, приток извне выборки",1,False,1,2,5746.0,163986.84,1,3,0.0002861870929528544,2.5128210534091514e-05,2.75e-08,0.0002952416,28.539303863557258,0.0,158240.84,1,False,observed_forwarder,0.0,26.0,0.0,1,1,False,False,False,0.0,2,1877,True
100000002881669100,terminal,0.65,11,0.3092,"получил 19 тыс. KZT, 1 перевод от 1 плательщика, из них seed: 1; исходящих переводов 0, они проверены обходом на колене 1; сумма ниже медианы графа 50 тыс. KZT — мелкий получатель","R4a.terminal: исходящих переводов нет, они проверены обходом (depth <= 3)",1,False,1,0,18600.0,0.0,1,0,0.0002886560582178517,0.0,-0.0,1.01e-05,0.0,18600.0,0.0,1,False,observed_sink,1.0,,,1,1,False,False,False,0.0,0,1877,False
100000002938501100,peripheral,0.5,3,0.2534,"вход 8 тыс. KZT от 1, выход 5 тыс. KZT на 1, пропуск 60% — смешанный профиль: плательщиков меньше 4, получателей меньше 11, пропуск вне зон транзита и осаждения",R5.peripheral,1,False,1,1,8395.0,5000.0,1,1,0.00028647190827664644,1.7943915472918004e-05,1.1977e-06,0.0002952416,0.5955926146515783,3395.0,0.0,1,False,observed_forwarder,0.0,,,1,1,False,False,False,0.0,16,1877,False
100000006734554100,transit,0.6,29,0.3767,отдал 25 тыс. KZT на 1 получателя при поступлениях 16 тыс. KZT: 8 тыс. KZT пришло вне выборки (собраны только исходящие); удержания нет,"R3b.transit: pass_through > 1.2 — отдал больше, чем получил по данным, приток извне выборки",1,False,1,1,16500.0,25000.0,1,1,0.000311941698524386,5.944405541612623e-07,0.0,0.0,1.5151515151515151,0.0,8500.0,1,False,observed_forwarder,0.0,19.0,0.0,1,1,False,False,False,0.0,1,13,True
100000008003034100,transit,0.6,10,0.4607,отдал 135 тыс. KZT на 4 получателей при поступлениях 12 тыс. KZT: 123 тыс. KZT пришло вне выборки (собраны только исходящие); удержания нет,"R3b.transit: pass_through > 1.2 — отдал больше, чем получил по данным, приток извне выборки",1,False,1,4,12201.0,135000.0,1,4,0.00028688112198836885,0.0019931390235273026,9.14438e-05,0.0002952416,11.064666830587656,0.0,122799.0,1,False,observed_forwarder,0.0,6.0,0.3592592592592593,1,1,False,False,False,0.0,1595,1877,False
100000003970394100,terminal,0.9,11,0.4581,"получил 85 тыс. KZT, 1 перевод от 1 плательщика, из них seed: 1; исходящих переводов 0, они проверены обходом на колене 1","R4a.terminal: исходящих переводов нет, они проверены обходом (depth <= 3)",1,False,1,0,85000.0,0.0,1,0,0.0002996754737897487,0.0,-0.0,1.01e-05,0.0,85000.0,0.0,1,False,observed_sink,1.0,,,1,1,False,False,False,0.0,0,1877,False
100000003205210100,terminal,0.9,2,0.4993,"получил 138 тыс. KZT, 1 перевод от 1 плательщика, из них seed: 1; исходящих переводов 0, они проверены обходом на колене 1","R4a.terminal: исходящих переводов нет, они проверены обходом (depth <= 3)",1,False,1,0,137563.0,0.0,1,0,0.00031311441875491234,0.0,-0.0,0.000461168,0.0,137563.0,0.0,1,False,observed_sink,1.0,,,1,1,False,False,False,0.0,0,1877,False
100000004559194100,terminal,0.9,3,0.5986,"получил 282 тыс. KZT, 6 переводов от 1 плательщика, из них seed: 1; исходящих переводов 0, они проверены обходом на колене 1","R4a.terminal: исходящих переводов нет, они проверены обходом (depth <= 3)",1,False,1,0,282145.0,0.0,6,0,0.00031590497542956757,0.0,-0.0,0.0002952416,0.0,282145.0,0.0,1,False,observed_sink,1.0,,,1,2,False,False,False,0.5,0,1877,False
100000008173359100,terminal,0.65,3,0.2469,"получил 6 тыс. KZT, 1 перевод от 1 плательщика, из них seed: 1; исходящих переводов 0, они проверены обходом на колене 1; сумма ниже медианы графа 50 тыс. KZT — мелкий получатель","R4a.terminal: исходящих переводов нет, они проверены обходом (depth <= 3)",1,False,1,0,6110.0,0.0,1,0,0.00028622622952433806,0.0,-0.0,0.0002952416,0.0,6110.0,0.0,1,False,observed_sink,1.0,,,1,1,False,False,False,0.0,0,1877,False
100000007953156100,peripheral,0.5,13,0.2719,"вход 18 тыс. KZT от 1, выход 10 тыс. KZT на 1, пропуск 56% — смешанный профиль: плательщиков меньше 4, получателей меньше 11, пропуск вне зон транзита и осаждения",R5.peripheral,2,False,1,1,18000.0,10000.0,1,1,0.00047784166830759937,1.981468513870874e-05,0.0,0.0,0.5555555555555556,8000.0,0.0,0,False,observed_forwarder,0.0,11.0,0.0,1,1,False,False,False,0.0,1,1877,True
100000002224132100,transit,0.6,23,0.7113,отдал 12.1 млн KZT на 4 получателей при поступлениях 4 млн KZT: 8.2 млн KZT пришло вне выборки (собраны только исходящие); удержания нет | сквозной транзит за 0 дн. (73% суммы),"R3b.transit: pass_through > 1.2 — отдал больше, чем получил по данным, приток извне выборки",2,False,5,4,3951020.0,12115000.0,10,25,0.005995733195474406,6.241625818693253e-06,0.0,0.0,3.0662968043695047,0.0,8163980.0,0,False,observed_forwarder,0.0,0.0,0.7267849773008667,2,1,True,False,False,0.7267849773008667,4,1877,True
100000008547844100,distributor,0.864,4,0.6331,"веер на 19 получателей, 21 перевод на 2 млн KZT; отдал на 1.9 млн KZT больше, чем получил в выборке",R1.distributor: out_deg >= 11,2,False,3,19,177600.0,2042199.0,3,21,0.0003443380521779426,0.0017876098818035268,1.4019e-05,3.2827e-06,11.498868243243244,0.0,1864599.0,0,False,observed_forwarder,0.0,1.0,0.40730604608071985,1,1,False,False,False,0.0,334,1877,True
100000002635780100,terminal,0.9,7,0.4583,"получил 163 тыс. KZT, 1 перевод от 1 плательщика; исходящих переводов 0, они проверены обходом на колене 2","R4a.terminal: исходящих переводов нет, они проверены обходом (depth <= 3)",2,False,1,0,163000.02,0.0,1,0,0.0005553850086577899,0.0,-0.0,0.0,0.0,163000.02,0.0,0,False,observed_sink,1.0,,,1,1,False,False,False,0.0,0,1877,False
100000001279875100,terminal,0.65,12,0.3371,"получил 49 тыс. KZT, 1 перевод от 1 плательщика; исходящих переводов 0, они проверены обходом на колене 2; сумма ниже медианы графа 50 тыс. KZT — мелкий получатель","R4a.terminal: исходящих переводов нет, они проверены обходом (depth <= 3)",2,False,1,0,49235.0,0.0,1,0,0.00030327274282640596,0.0,-0.0,4.09e-08,0.0,49235.0,0.0,0,False,observed_sink,1.0,,,1,1,False,False,False,0.0,0,1877,False
100000001961048100,terminal,0.9,30,0.422,"получил 150 тыс. KZT, 1 перевод от 1 плательщика; исходящих переводов 0, они проверены обходом на колене 2","R4a.terminal: исходящих переводов нет, они проверены обходом (depth <= 3)",2,False,1,0,150000.0,0.0,1,0,0.00030430933928482474,0.0,-0.0,3.877e-07,0.0,150000.0,0.0,0,False,observed_sink,1.0,,,1,1,False,False,False,0.0,0,1877,False
100000000993112100,terminal,0.9,32,0.4412,"получил 141 тыс. KZT, 1 перевод от 1 плательщика; исходящих переводов 0, они проверены обходом на колене 2","R4a.terminal: исходящих переводов нет, они проверены обходом (depth <= 3)",2,False,1,0,141000.0,0.0,1,0,0.00044111482764995513,0.0,-0.0,0.0,0.0,141000.0,0.0,0,False,observed_sink,1.0,,,1,1,False,False,False,0.0,0,1877,False
100000005547096100,transit,0.6,49,0.4545,отдал 226 тыс. KZT на 2 получателей при поступлениях 8 тыс. KZT: 218 тыс. KZT пришло вне выборки (собраны только исходящие); удержания нет,"R3b.transit: pass_through > 1.2 — отдал больше, чем получил по данным, приток извне выборки",2,False,1,2,8000.0,226300.0,1,3,0.0008920567423173877,3.962937027741748e-07,0.0,0.0,28.2875,0.0,218300.0,0,False,observed_forwarder,0.0,,,1,1,False,False,False,0.0,2,6,False
100000000331309100,distributor,1.0,6,0.7824,"веер на 99 получателей, 126 переводов на 23 млн KZT; отдал на 22 млн KZT больше, чем получил в выборке | 3 плательщика в один день; дробление: 3 перевода от одного плательщика за день",R1.distributor: out_deg >= 11,2,False,5,99,984635.0,23001375.0,8,126,0.0008756899038073739,0.004557234050267506,0.157769044,0.0002278474,23.360306103276848,0.0,22016740.0,0,False,observed_forwarder,0.0,2.0,0.3584307459880116,3,3,False,True,True,1.0,1595,1877,True
100000006684930100,terminal,0.65,10,0.2083,"получил 10 тыс. KZT, 1 перевод от 1 плательщика; исходящих переводов 0, они проверены обходом на колене 2; сумма ниже медианы графа 50 тыс. KZT — мелкий получатель","R4a.terminal: исходящих переводов нет, они проверены обходом (depth <= 3)",2,False,1,0,10000.0,0.0,1,0,0.0002987343713958278,0.0,-0.0,4.88e-08,0.0,10000.0,0.0,0,False,observed_sink,1.0,,,1,1,False,False,False,0.0,0,1877,False
100000004479404100,terminal,0.799,45,0.7282,"из 1.5 млн KZT дальше ушло только 20% (300 тыс. KZT на 1 получателя), осело 1.2 млн KZT — сумма остановилась здесь",R4b.terminal: дальше уходит не более 26% полученного — сумма осела,2,False,2,1,1492000.0,300000.0,8,2,0.0008667096306509913,9.610122292273739e-05,0.0,9.35212e-05,0.20107238605898123,1192000.0,0.0,0,False,observed_forwarder,0.0,15.5,0.0,1,2,False,False,False,0.5,5,1877,True
100000004134060100,terminal,0.9,19,0.396,"получил 88 тыс. KZT, 1 перевод от 1 плательщика; исходящих переводов 0, они проверены обходом на колене 2","R4a.terminal: исходящих переводов нет, они проверены обходом (depth <= 3)",2,False,1,0,88179.0,0.0,1,0,0.0003280105841798631,0.0,-0.0,5.7e-08,0.0,88179.0,0.0,0,False,observed_sink,1.0,,,1,1,False,False,False,0.0,0,1877,False
100000001083990100,terminal,0.65,11,0.416,"получил 50 тыс. KZT, 2 перевода от 1 плательщика; исходящих переводов 0, они проверены обходом на колене 2; сумма ниже медианы графа 50 тыс. KZT — мелкий получатель","R4a.terminal: исходящих переводов нет, они проверены обходом (depth <= 3)",2,False,1,0,49900.0,0.0,2,0,0.0005021137973799169,0.0,-0.0,0.0,0.0,49900.0,0.0,0,False,observed_sink,1.0,,,1,2,False,False,False,0.5,0,1877,False
100000004573782100,terminal,0.65,7,0.2386,"получил 15 тыс. KZT, 1 перевод от 1 плательщика; исходящих переводов 0, они проверены обходом на колене 2; сумма ниже медианы графа 50 тыс. KZT — мелкий получатель","R4a.terminal: исходящих переводов нет, они проверены обходом (depth <= 3)",2,False,1,0,15000.0,0.0,1,0,0.000309897016928629,0.0,-0.0,0.0,0.0,15000.0,0.0,0,False,observed_sink,1.0,,,1,1,False,False,False,0.0,0,1877,False
100000005660203100,terminal,0.85,3,0.6701,"из 573 тыс. KZT дальше ушло только 7% (41 тыс. KZT на 2 получателей), осело 532 тыс. KZT — сумма остановилась здесь | сквозной транзит за 1 дн. (100% суммы)",R4b.terminal: дальше уходит не более 26% полученного — сумма осела,2,False,1,2,572899.0,41000.0,12,5,0.0009492504038791937,1.9418391435934565e-05,0.0001431175,0.0,0.07156584319400104,531899.0,0.0,0,False,observed_forwarder,0.0,1.0,1.0,1,2,True,False,False,1.0,3,1877,True
100000008771627100,terminal,0.65,0,0.2281,"получил 16 тыс. KZT, 1 перевод от 1 плательщика; исходящих переводов 0, они проверены обходом на колене 2; сумма ниже медианы графа 50 тыс. KZT — мелкий получатель","R4a.terminal: исходящих переводов нет, они проверены обходом (depth <= 3)",2,False,1,0,16500.0,0.0,1,0,0.0002911733098421879,0.0,-0.0,0.0,0.0,16500.0,0.0,0,False,observed_sink,1.0,,,1,1,False,False,False,0.0,0,270,False
100000000031787100,transit,1.0,7,0.4056,"пропускает 100% полученного: вход 90 тыс. KZT от 1, выход 90 тыс. KZT на 2, деньги лежат 2 дн.","R3a.transit: pass_through в [0.8, 1.2] — прошло почти всё полученное",2,False,1,2,90000.0,90000.0,2,4,0.00043153563048532306,3.962937027741748e-07,1.8776e-06,0.0,1.0,0.0,0.0,0,False,observed_forwarder,0.0,2.0,0.4444444444444444,1,1,False,False,False,0.0,10,1877,True
100000001346560100,transit,0.6,2,0.5154,отдал 22 тыс. KZT на 1 получателя при поступлениях 10 тыс. KZT: 12 тыс. KZT пришло вне выборки (собраны только исходящие); удержания нет | сквозной транзит за 2 дн. (100% суммы),"R3b.transit: pass_through > 1.2 — отдал больше, чем получил по данным, приток извне выборки",2,False,2,1,10000.0,22200.0,2,1,0.0005866163489075479,2.5759090680321364e-05,0.0,0.0,2.22,0.0,12200.0,0,False,observed_forwarder,0.0,2.0,1.0,1,1,True,False,False,1.0,1,1877,True
100000001703168100,transit,0.6,2,0.4674,отдал 90 тыс. KZT на 1 получателя при поступлениях 45 тыс. KZT: 45 тыс. KZT пришло вне выборки (собраны только исходящие); удержания нет | сквозной транзит за 2 дн. (100% суммы),"R3b.transit: pass_through > 1.2 — отдал больше, чем получил по данным, приток извне выборки",2,False,1,1,45000.0,90000.0,1,1,0.0002926634317603069,1.922024458454748e-05,0.0,0.0001421682,2.0,0.0,45000.0,0,False,observed_forwarder,0.0,2.0,1.0,1,1,True,False,False,1.0,1,1877,True
100000004904960100,terminal,0.65,1,0.4256,"получил 32 тыс. KZT, 2 перевода от 2 плательщиков; исходящих переводов 0, они проверены обходом на колене 2; сумма ниже медианы графа 50 тыс. KZT — мелкий получатель","R4a.terminal: исходящих переводов нет, они проверены обходом (depth <= 3)",2,False,2,0,32000.0,0.0,2,0,0.0007779174826823405,0.0,-0.0,0.0,0.0,32000.0,0.0,0,False,observed_sink,1.0,,,1,1,False,False,False,0.0,0,1877,False
100000004467157100,peripheral,0.5,34,0.2439,"вход 20 тыс. KZT от 1, выход 7 тыс. KZT на 1, пропуск 35% — смешанный профиль: плательщиков меньше 4, получателей меньше 11, пропуск вне зон транзита и осаждения",R5.peripheral,2,False,1,1,20000.0,7000.0,3,1,0.0003865607584834239,0.0,0.000930695,3.6e-09,0.35,13000.0,0.0,0,False,observed_forwarder,0.0,16.0,0.0,1,1,False,False,False,0.0,23,1877,False
100000008346837100,distributor,1.0,10,0.7651,"веер на 25 получателей, 26 переводов на 1.3 млн KZT; отдал на 1 млн KZT больше, чем получил в выборке | 4 плательщика в один день; сквозной транзит за 0 дн. (85% суммы)",R1.distributor: out_deg >= 11,2,False,9,25,254359.0,1258643.0,12,26,0.0005474079827287922,0.008981156281324022,0.0139225668,0.0002079059,4.948293553599441,0.0,1004284.0,0,False,observed_forwarder,0.0,0.0,0.8516124111443832,4,2,True,True,False,1.0,1595,1877,True
100000006385877100,peripheral,0.5,8,0.4432,"вход 54 тыс. KZT от 1, выход 37 тыс. KZT на 1, пропуск 68% — смешанный профиль: плательщиков меньше 4, получателей меньше 11 | дробление: 3 перевода от одного плательщика за день",R5.peripheral,2,False,1,1,53706.62,36602.93,5,5,0.0020942975539589184,0.0,9.8388e-06,0.0,0.6815347903107661,17103.690000000002,0.0,0,False,observed_forwarder,0.0,0.0,0.3033344598369584,1,3,False,False,True,1.0,3,1877,False
100000002459093100,terminal,0.85,27,0.535,"из 500 тыс. KZT дальше ушло только 11% (55 тыс. KZT на 1 получателя), осело 445 тыс. KZT — сумма остановилась здесь",R4b.terminal: дальше уходит не более 26% полученного — сумма осела,2,False,1,1,500000.0,55000.0,2,3,0.0003892499869806256,1.1888811083225246e-06,0.0,4.283e-07,0.11,445000.0,0.0,0,False,observed_forwarder,0.0,,,1,1,False,False,False,0.0,3,1877,True
100000005053653100,peripheral,0.5,10,0.445,"вход 63 тыс. KZT от 2, выход 25 тыс. KZT на 1, пропуск 40% — смешанный профиль: плательщиков меньше 4, получателей меньше 11, пропуск вне зон транзита и осаждения",R5.peripheral,2,False,2,1,63073.0,25000.0,2,1,0.00031360085843204776,1.922024458454748e-05,0.0,0.0004189408,0.3963661154535221,38073.0,0.0,0,False,observed_forwarder,0.0,,,1,1,False,False,False,0.0,1,1877,True
100000001557930100,terminal,0.65,7,0.2955,"получил 35 тыс. KZT, 1 перевод от 1 плательщика; исходящих переводов 0, они проверены обходом на колене 2; сумма ниже медианы графа 50 тыс. KZT — мелкий получатель","R4a.terminal: исходящих переводов нет, они проверены обходом (depth <= 3)",2,False,1,0,34610.0,0.0,1,0,0.0002921289541275448,0.0,-0.0,2.87214e-05,0.0,34610.0,0.0,0,False,observed_sink,1.0,,,1,1,False,False,False,0.0,0,1877,False
100000002820010100,terminal,0.65,7,0.2829,"получил 30 тыс. KZT, 1 перевод от 1 плательщика; исходящих переводов 0, они проверены обходом на колене 2; сумма ниже медианы графа 50 тыс. KZT — мелкий получатель","R4a.terminal: исходящих переводов нет, они проверены обходом (depth <= 3)",2,False,1,0,30000.0,0.0,1,0,0.0002912552172830988,0.0,-0.0,2.87214e-05,0.0,30000.0,0.0,0,False,observed_sink,1.0,,,1,1,False,False,False,0.0,0,1877,False
100000000769919100,terminal,0.9,60,0.4898,"получил 250 тыс. KZT, 1 перевод от 1 плательщика; исходящих переводов 0, они проверены обходом на колене 2","R4a.terminal: исходящих переводов нет, они проверены обходом (depth <= 3)",2,False,1,0,250000.0,0.0,1,0,0.0007354469638244235,0.0,-0.0,0.0,0.0,250000.0,0.0,0,False,observed_sink,1.0,,,1,1,False,False,False,0.0,0,3,False
100000003188607100,peripheral,0.5,7,0.253,"вход 18 тыс. KZT от 1, выход 5 тыс. KZT на 1, пропуск 28% — смешанный профиль: плательщиков меньше 4, получателей меньше 11, пропуск вне зон транзита и осаждения",R5.peripheral,2,False,1,1,18000.0,5000.0,1,1,0.00031476256147089675,5.944405541612623e-07,0.0,0.0,0.2777777777777778,13000.0,0.0,0,False,observed_forwarder,0.0,,,1,1,False,False,False,0.0,3,1877,False
100000002836052100,terminal,0.65,2,0.2363,"получил 15 тыс. KZT, 1 перевод от 1 плательщика; исходящих переводов 0, они проверены обходом на колене 2; сумма ниже медианы графа 50 тыс. KZT — мелкий получатель","R4a.terminal: исходящих переводов нет, они проверены обходом (depth <= 3)",2,False,1,0,15000.0,0.0,1,0,0.0003056660501463517,0.0,-0.0,0.0,0.0,15000.0,0.0,0,False,observed_sink,1.0,,,1,1,False,False,False,0.0,0,1877,False
100000001102676100,transit,1.0,2,0.4698,"пропускает 100% полученного: вход 50 тыс. KZT от 1, выход 50 тыс. KZT на 1, деньги лежат 0 дн. | сквозной транзит за 0 дн. (100% суммы)","R3a.transit: pass_through в [0.8, 1.2] — прошло почти всё полученное",2,False,1,1,50000.0,50000.0,1,1,0.00031303095439867446,2.3975769017837576e-05,0.0005761767,0.0,1.0,0.0,0.0,0,False,observed_forwarder,0.0,0.0,1.0,1,1,True,False,False,1.0,121,1877,False
100000003390036100,peripheral,0.5,9,0.577,"вход 231 тыс. KZT от 2, выход 62 тыс. KZT на 2, пропуск 27% — смешанный профиль: плательщиков меньше 4, получателей меньше 11, пропуск вне зон транзита и осаждения",R5.peripheral,2,False,2,2,231300.0,62000.0,4,2,0.0013242239371446245,7.826800629789953e-05,0.0,4.03786e-05,0.2680501513186338,169300.0,0.0,0,False,observed_forwarder,0.0,2.0,0.16129032258064516,1,1,False,False,False,0.0,5,1877,True
100000008335401100,terminal,0.9,8,0.5571,"получил 150 тыс. KZT, 3 перевода от 1 плательщика; исходящих переводов 0, они проверены обходом на колене 2 | дробление: 3 перевода от одного плательщика за день","R4a.terminal: исходящих переводов нет, они проверены обходом (depth <= 3)",2,False,1,0,150000.0,0.0,3,0,0.0005512278448300608,0.0,-0.0,0.0,0.0,150000.0,0.0,0,False,observed_sink,1.0,,,1,3,False,False,True,1.0,0,1877,False
100000006994985100,terminal,0.79,7,0.4976,"из 48 тыс. KZT дальше ушло только 21% (10 тыс. KZT на 1 получателя), осело 38 тыс. KZT — сумма остановилась здесь | сквозной транзит за 1 дн. (100% суммы)",R4b.terminal: дальше уходит не более 26% полученного — сумма осела,2,False,1,1,48500.0,10200.0,2,2,0.0005013304862324064,1.9616538287321655e-05,0.0,2.353e-07,0.21030927835051547,38300.0,0.0,0,False,observed_forwarder,0.0,1.0,1.0,1,1,True,False,False,1.0,1,1877,True
100000008356606100,terminal,0.9,10,0.5483,"получил 168 тыс. KZT, 2 перевода от 2 плательщиков; исходящих переводов 0, они проверены обходом на колене 2","R4a.terminal: исходящих переводов нет, они проверены обходом (depth <= 3)",2,False,2,0,168500.0,0.0,2,0,0.0006267853006401138,0.0,-0.0,1.7178e-06,0.0,168500.0,0.0,0,False,observed_sink,1.0,,,1,1,False,False,False,0.0,0,1877,False
100000007930878100,terminal,0.65,44,0.2138,"получил 5 тыс. KZT, 1 перевод от 1 плательщика; исходящих переводов 0, они проверены обходом на колене 2; сумма ниже медианы графа 50 тыс. KZT — мелкий получатель","R4a.terminal: исходящих переводов нет, они проверены обходом (depth <= 3)",2,False,1,0,5000.0,0.0,1,0,0.00048363772579278794,0.0,-0.0,0.0,0.0,5000.0,0.0,0,False,observed_sink,1.0,,,1,1,False,False,False,0.0,0,6,False
100000008389800100,transit,0.6,3,0.5828,отдал 402 тыс. KZT на 7 получателей при поступлениях 189 тыс. KZT: 213 тыс. KZT пришло вне выборки (собраны только исходящие); удержания нет,"R3b.transit: pass_through > 1.2 — отдал больше, чем получил по данным, приток извне выборки",2,False,3,7,189000.0,401620.0,3,8,0.0005050963840560323,0.00015931006851521828,0.0005432287,2.5828e-06,2.124973544973545,0.0,212620.0,0,False,observed_forwarder,0.0,1.0,0.5363278721179224,1,1,False,False,False,0.0,87,1877,True
100000005474472100,terminal,0.9,23,0.4271,"получил 100 тыс. KZT, 1 перевод от 1 плательщика; исходящих переводов 0, они проверены обходом на колене 2","R4a.terminal: исходящих переводов нет, они проверены обходом (depth <= 3)",2,False,1,0,100000.0,0.0,1,0,0.0005449540086863319,0.0,-0.0,0.0,0.0,100000.0,0.0,0,False,observed_sink,1.0,,,1,1,False,False,False,0.0,0,1877,False
100000004486525100,consolidator,1.0,1,0.8072,"сходятся 8 плательщиков на 2 получателей; получено 361 тыс. KZT, отдано дальше 75%, осело 90 тыс. KZT | 5 плательщиков в один день; сквозной транзит за 0 дн. (100% суммы)","R2.consolidator: in_deg >= 4 и out_deg <= max(2, in_deg/2)",2,False,8,2,360924.0,271045.0,21,3,0.0008057988481996686,4.755524433290098e-06,0.0004648711,0.0003017569,0.7509752745730403,89879.0,0.0,0,False,observed_forwarder,0.0,0.0,1.0,5,3,True,True,True,1.0,3,1877,False
100000003031890100,terminal,0.9,24,0.4643,"получил 215 тыс. KZT, 10 переводов от 1 плательщика; исходящих переводов 0, они проверены обходом на колене 2","R4a.terminal: исходящих переводов нет, они проверены обходом (depth <= 3)",2,False,1,0,215000.0,0.0,10,0,0.00039212223001592727,0.0,-0.0,0.0,0.0,215000.0,0.0,0,False,observed_sink,1.0,,,1,1,False,False,False,0.0,0,17,False
100000008624978100,terminal,0.9,19,0.4163,"получил 109 тыс. KZT, 1 перевод от 1 плательщика; исходящих переводов 0, они проверены обходом на колене 2","R4a.terminal: исходящих переводов нет, они проверены обходом (depth <= 3)",2,False,1,0,109000.0,0.0,1,0,0.00033803190556376094,0.0,-0.0,5.7e-08,0.0,109000.0,0.0,0,False,observed_sink,1.0,,,1,1,False,False,False,0.0,0,1877,False
100000000790311100,terminal,0.65,14,0.3277,"получил 46 тыс. KZT, 1 перевод от 1 плательщика; исходящих переводов 0, они проверены обходом на колене 2; сумма ниже медианы графа 50 тыс. KZT — мелкий получатель","R4a.terminal: исходящих переводов нет, они проверены обходом (depth <= 3)",2,False,1,0,46300.0,0.0,1,0,0.00030029921906631226,0.0,-0.0,3.56763e-05,0.0,46300.0,0.0,0,False,observed_sink,1.0,,,1,1,False,False,False,0.0,0,1877,False
100000008546855100,consolidator,0.85,16,0.7269,"сходятся 6 плательщиков на 2 получателей; получено 72 тыс. KZT, отдано дальше 14%, осело 62 тыс. KZT | 5 плательщиков в один день; сквозной транзит за 0 дн. (100% суммы)","R2.consolidator: in_deg >= 4 и out_deg <= max(2, in_deg/2)",2,False,6,2,71790.0,10000.0,8,2,0.0014269758891576874,5.8849614861964964e-05,0.0,0.0002071417,0.1392951664577239,61790.0,0.0,0,False,observed_forwarder,0.0,0.5,1.0,5,2,True,True,True,1.0,3,1877,True
100000002863356100,peripheral,0.5,0,0.3164,"вход 45 тыс. KZT от 1, выход 20 тыс. KZT на 1, пропуск 44% — смешанный профиль: плательщиков меньше 4, получателей меньше 11, пропуск вне зон транзита и осаждения",R5.peripheral,2,False,1,1,45000.0,20000.0,1,1,0.00030085297319428395,1.387027959709612e-06,0.0,0.0,0.4444444444444444,25000.0,0.0,0,False,observed_forwarder,0.0,,,1,1,False,False,False,0.0,1,270,True
100000000332284100,consolidator,1.0,6,0.7506,"сходятся 10 плательщиков на 3 получателей; получено 107 тыс. KZT, отдано дальше 269%, осело 0 KZT | 3 плательщика в один день; сквозной транзит за 0 дн. (100% суммы)","R2.consolidator: in_deg >= 4 и out_deg <= max(2, in_deg/2)",2,False,10,3,107426.0,289500.0,12,3,0.0007170946224349055,0.0001091372663902734,0.0012820006,0.0003565292,2.69487833485376,0.0,182074.0,0,False,observed_forwarder,0.0,0.0,1.0,3,1,True,True,True,1.0,6,1877,True
100000002605308100,terminal,0.9,13,0.7632,"получил 2.6 млн KZT, 7 переводов от 3 плательщиков; исходящих переводов 0, они проверены обходом на колене 2 | дробление: 3 перевода от одного плательщика за день","R4a.terminal: исходящих переводов нет, они проверены обходом (depth <= 3)",2,False,3,0,2569521.84,0.0,7,0,0.0008849814697633063,0.0,-0.0,6.41e-08,0.0,2569521.84,0.0,0,False,observed_sink,1.0,,,1,3,False,False,True,1.0,0,1877,False
100000005931985100,terminal,0.9,12,0.3814,"получил 76 тыс. KZT, 1 перевод от 1 плательщика; исходящих переводов 0, они проверены обходом на колене 2","R4a.terminal: исходящих переводов нет, они проверены обходом (depth <= 3)",2,False,1,0,76000.0,0.0,1,0,0.0003128966445634423,0.0,-0.0,4.09e-08,0.0,76000.0,0.0,0,False,observed_sink,1.0,,,1,1,False,False,False,0.0,0,1877,False
100000001166289100,terminal,0.85,0,0.7295,"из 721 тыс. KZT дальше ушло только 3% (25 тыс. KZT на 1 получателя), осело 696 тыс. KZT — сумма остановилась здесь | сквозной транзит за 1 дн. (100% суммы)",R4b.terminal: дальше уходит не более 26% полученного — сумма осела,2,False,2,1,721039.0,25000.0,10,1,0.0020021280906723808,0.0,0.0,0.0,0.0346721883282319,696039.0,0.0,0,False,observed_forwarder,0.0,1.0,1.0,1,1,True,False,False,1.0,2,270,False
100000008477350100,distributor,1.0,1,0.7313,"веер на 39 получателей, 44 перевода на 3.4 млн KZT; отдал на 2.8 млн KZT больше, чем получил в выборке",R1.distributor: out_deg >= 11,2,False,11,39,610100.0,3374866.0,14,44,0.0010342350786611216,0.0025171940682580047,0.0610598431,0.0005529343,5.531660383543682,0.0,2764766.0,0,False,observed_forwarder,0.0,0.0,0.5698872192258893,2,1,False,False,False,0.5,1595,1877,True
100000003824464100,terminal,0.9,22,0.4502,"получил 200 тыс. KZT, 1 перевод от 1 плательщика; исходящих переводов 0, они проверены обходом на колене 2","R4a.terminal: исходящих переводов нет, они проверены обходом (depth <= 3)",2,False,1,0,200000.0,0.0,1,0,0.0003232476510835702,0.0,-0.0,9.19076e-05,0.0,200000.0,0.0,0,False,observed_sink,1.0,,,1,1,False,False,False,0.0,0,1877,False
100000002738256100,transit,0.587,52,0.5082,"пропускает 117% полученного: вход 150 тыс. KZT от 1, выход 175 тыс. KZT на 1, деньги лежат 1 дн. | сквозной транзит за 1 дн. (100% суммы)","R3a.transit: pass_through в [0.8, 1.2] — прошло почти всё полученное",2,False,1,1,150200.0,175000.0,1,1,0.0005073102992973024,0.0,0.0,0.0,1.1651131824234353,0.0,24800.0,0,False,observed_forwarder,0.0,1.0,1.0,1,1,True,False,False,1.0,4,5,False
100000001857829100,coordinator,0.8,5,0.8059,получает 889 тыс. KZT (топ-5% графа) от 6 плательщиков; 2 из них сами собирают от 4+ плательщиков; отдаёт дальше 269% | 3 плательщика в один день; сквозной транзит за 0 дн. (82% суммы),"R6.coordinator: >= 2 плательщиков-сборщиков (in_deg >= 4) либо >= 2 seed-плательщиков, при in_kzt в топ-5% (614 тыс. KZT) и не seed",2,False,6,16,888535.0,2390993.0,9,16,0.000620479025252112,0.00195959937727883,0.0069908142,0.0020377594,2.690938454872346,0.0,1502458.0,0,False,observed_forwarder,0.0,0.0,0.8154867036415414,3,3,True,True,True,1.0,1595,1877,True
100000008672762100,terminal,0.65,0,0.2081,"получил 13 тыс. KZT, 1 перевод от 1 плательщика; исходящих переводов 0, они проверены обходом на колене 2; сумма ниже медианы графа 50 тыс. KZT — мелкий получатель","R4a.terminal: исходящих переводов нет, они проверены обходом (depth <= 3)",2,False,1,0,13000.0,0.0,1,0,0.0002899845792550884,0.0,-0.0,0.0,0.0,13000.0,0.0,0,False,observed_sink,1.0,,,1,1,False,False,False,0.0,0,270,False
100000001737722100,terminal,0.9,2,0.3712,"получил 60 тыс. KZT, 1 перевод от 1 плательщика; исходящих переводов 0, они проверены обходом на колене 2","R4a.terminal: исходящих переводов нет, они проверены обходом (depth <= 3)",2,False,1,0,60460.0,0.0,1,0,0.00031877593370862,0.0,-0.0,0.0,0.0,60460.0,0.0,0,False,observed_sink,1.0,,,1,1,False,False,False,0.0,0,1877,False
100000005572303100,peripheral,0.5,3,0.3823,"вход 75 тыс. KZT от 1, выход 20 тыс. KZT на 1, пропуск 27% — смешанный профиль: плательщиков меньше 4, получателей меньше 11, пропуск вне зон транзита и осаждения",R5.peripheral,2,False,1,1,75000.0,20000.0,1,1,0.00031327623939934467,3.844048916909496e-05,0.0,2.6036e-06,0.26666666666666666,55000.0,0.0,0,False,observed_forwarder,0.0,,,1,1,False,False,False,0.0,2,1877,True
100000008733049100,terminal,0.65,14,0.1907,"получил 10 тыс. KZT, 1 перевод от 1 плательщика; исходящих переводов 0, они проверены обходом на колене 2; сумма ниже медианы графа 50 тыс. KZT — мелкий получатель","R4a.terminal: исходящих переводов нет, они проверены обходом (depth <= 3)",2,False,1,0,10000.0,0.0,1,0,0.0002887507034719386,0.0,-0.0,3.56763e-05,0.0,10000.0,0.0,0,False,observed_sink,1.0,,,1,1,False,False,False,0.0,0,1877,False
100000000850297100,transit,1.0,9,0.348,"пропускает 100% полученного: вход 18 тыс. KZT от 1, выход 18 тыс. KZT на 1, деньги лежат 0 дн. | сквозной транзит за 0 дн. (100% суммы)","R3a.transit: pass_through в [0.8, 1.2] — прошло почти всё полученное",2,False,1,1,17520.0,17520.0,1,1,0.00029391683130875195,0.0,9.7595e-06,2.32281e-05,1.0,0.0,0.0,0,False,observed_forwarder,0.0,0.0,1.0,1,1,True,False,False,1.0,1658,1877,False
100000005140601100,transit,0.6,5,0.6594,отдал 195 тыс. KZT на 2 получателей при поступлениях 53 тыс. KZT: 143 тыс. KZT пришло вне выборки (собраны только исходящие); удержания нет | сквозной транзит за 2 дн. (97% суммы),"R3b.transit: pass_through > 1.2 — отдал больше, чем получил по данным, приток извне выборки",2,False,3,2,52685.0,195300.0,4,5,0.0027057314547033204,1.9616538287321655e-05,0.0016244594,0.0016302742,3.706937458479643,0.0,142615.0,0,False,observed_forwarder,0.0,2.0,0.9743983614951357,2,1,True,False,False,0.9743983614951357,2,1877,True
100000004410489100,terminal,0.9,2,0.3605,"получил 54 тыс. KZT, 1 перевод от 1 плательщика; исходящих переводов 0, они проверены обходом на колене 2","R4a.terminal: исходящих переводов нет, они проверены обходом (depth <= 3)",2,False,1,0,54000.0,0.0,1,0,0.00031421991061413013,0.0,-0.0,0.0001594807,0.0,54000.0,0.0,0,False,observed_sink,1.0,,,1,1,False,False,False,0.0,0,1877,False
100000006852430100,terminal,0.65,9,0.343,"получил 37 тыс. KZT, 1 перевод от 1 плательщика; исходящих переводов 0, они проверены обходом на колене 2; сумма ниже медианы графа 50 тыс. KZT — мелкий получатель","R4a.terminal: исходящих переводов нет, они проверены обходом (depth <= 3)",2,False,1,0,37000.0,0.0,1,0,0.0005362020040442936,0.0,-0.0,0.0,0.0,37000.0,0.0,0,False,observed_sink,1.0,,,1,1,False,False,False,0.0,0,1877,False
100000003166755100,terminal,0.65,2,0.2566,"получил 24 тыс. KZT, 1 перевод от 1 плательщика; исходящих переводов 0, они проверены обходом на колене 2; сумма ниже медианы графа 50 тыс. KZT — мелкий получатель","R4a.terminal: исходящих переводов нет, они проверены обходом (depth <= 3)",2,False,1,0,24010.0,0.0,1,0,0.000289354410715242,0.0,-0.0,0.0001421682,0.0,24010.0,0.0,0,False,observed_sink,1.0,,,1,1,False,False,False,0.0,0,1877,False
100000008258083100,transit,0.653,30,0.7813,"пропускает 65% полученного: вход 3.1 млн KZT от 2, выход 2 млн KZT на 2, деньги лежат 0 дн. | сквозной транзит за 0 дн. (76% суммы)",R3d.transit: >=60% исходящих в пределах 2 суток после поступления,2,False,2,2,3149500.0,2045650.0,13,6,0.0010500443938968583,7.767356574373826e-05,1.94645e-05,4.53937e-05,0.6495157961581204,1103850.0,0.0,0,False,observed_forwarder,0.0,0.5,0.7646713758463081,1,2,True,False,False,0.7646713758463081,13,1877,False
100000003054328100,transit,0.6,12,0.4228,отдал 194 тыс. KZT на 2 получателей при поступлениях 140 тыс. KZT: 54 тыс. KZT пришло вне выборки (собраны только исходящие); удержания нет,"R3b.transit: pass_through > 1.2 — отдал больше, чем получил по данным, приток извне выборки",2,False,1,2,140000.0,193720.0,1,2,0.0003359091501180967,7.925874055483496e-07,0.0,4.09e-08,1.3837142857142857,0.0,53720.0,0,False,observed_forwarder,0.0,11.0,0.9638653727028701,1,1,False,False,False,0.0,2,1877,True
100000008473207100,terminal,0.9,2,0.474,"получил 202 тыс. KZT, 4 перевода от 1 плательщика; исходящих переводов 0, они проверены обходом на колене 2","R4a.terminal: исходящих переводов нет, они проверены обходом (depth <= 3)",2,False,1,0,202000.0,0.0,4,0,0.000556205607395318,0.0,-0.0,0.0,0.0,202000.0,0.0,0,False,observed_sink,1.0,,,1,1,False,False,False,0.0,0,1877,False
100000008104567100,peripheral,0.5,8,0.4662,"вход 54 тыс. KZT от 3, выход 40 тыс. KZT на 3, пропуск 75% — смешанный профиль: плательщиков меньше 4, получателей меньше 11, пропуск вне зон транзита и осаждения",R5.peripheral,2,False,3,3,53550.0,40000.0,3,4,0.0005380423675699446,0.0020260185309577375,1.2232e-06,2.83259e-05,0.7469654528478058,13550.0,0.0,0,False,observed_forwarder,0.0,2.0,0.3,1,1,False,False,False,0.0,1595,1877,True
100000002721825100,terminal,0.65,1,0.248,"получил 11 тыс. KZT, 1 перевод от 1 плательщика; исходящих переводов 0, они проверены обходом на колене 2; сумма ниже медианы графа 50 тыс. KZT — мелкий получатель","R4a.terminal: исходящих переводов нет, они проверены обходом (depth <= 3)",2,False,1,0,11000.0,0.0,1,0,0.0005314143750831572,0.0,-0.0,0.0,0.0,11000.0,0.0,0,False,observed_sink,1.0,,,1,1,False,False,False,0.0,0,1877,False
100000003509750100,transit,0.882,7,0.6034,"пропускает 95% полученного: вход 82 тыс. KZT от 3, выход 78 тыс. KZT на 3, деньги лежат 1 дн. | сквозной транзит за 1 дн. (74% суммы)","R3a.transit: pass_through в [0.8, 1.2] — прошло почти всё полученное",2,False,3,3,82290.0,78400.0,4,5,0.001687048026555679,1.981468513870874e-06,0.0,2.91844e-05,0.9527281565196257,3890.0,0.0,0,False,observed_forwarder,0.0,1.0,0.7448979591836735,1,1,True,False,False,0.7448979591836735,3,1877,True
100000007322059100,transit,0.638,32,0.4475,"пропускает 78% полученного: вход 29 тыс. KZT от 2, выход 22 тыс. KZT на 1, деньги лежат 2 дн.",R3d.transit: >=60% исходящих в пределах 2 суток после поступления,2,False,2,1,29000.0,22500.0,2,2,0.0006801571631888173,4.0025663980191654e-05,0.0,0.0,0.7758620689655172,6500.0,0.0,0,False,observed_forwarder,0.0,2.5,0.6888888888888889,1,1,False,False,False,0.0,2,1877,True
100000004441291100,terminal,0.65,2,0.2909,"получил 20 тыс. KZT, 1 перевод от 1 плательщика; исходящих переводов 0, они проверены обходом на колене 2; сумма ниже медианы графа 50 тыс. KZT — мелкий получатель","R4a.terminal: исходящих переводов нет, они проверены обходом (depth <= 3)",2,False,1,0,20000.0,0.0,1,0,0.0005488430695675697,0.0,-0.0,0.0,0.0,20000.0,0.0,0,False,observed_sink,1.0,,,1,1,False,False,False,0.0,0,1877,False
100000006122699100,terminal,0.65,3,0.4866,"получил 46 тыс. KZT, 2 перевода от 2 плательщиков; исходящих переводов 0, они проверены обходом на колене 2; сумма ниже медианы графа 50 тыс. KZT — мелкий получатель","R4a.terminal: исходящих переводов нет, они проверены обходом (depth <= 3)",2,False,2,0,45865.0,0.0,2,0,0.0004047064849586182,0.0,-0.0,7.4033e-06,0.0,45865.0,0.0,0,False,observed_sink,1.0,,,2,1,False,False,False,0.5,0,1877,False
100000008254069100,transit,0.6,18,0.4623,отдал 108 тыс. KZT на 5 получателей при поступлениях 10 тыс. KZT: 97 тыс. KZT пришло вне выборки (собраны только исходящие); удержания нет,"R3b.transit: pass_through > 1.2 — отдал больше, чем получил по данным, приток извне выборки",2,False,1,5,10200.0,107500.0,2,6,0.00034248614123752176,9.351210406461278e-05,5.52894e-05,0.0,10.53921568627451,0.0,97300.0,0,False,observed_forwarder,0.0,8.0,0.09302325581395349,1,2,False,False,False,0.5,10,1877,True
100000003336565100,terminal,0.65,0,0.2287,"получил 17 тыс. KZT, 1 перевод от 1 плательщика; исходящих переводов 0, они проверены обходом на колене 2; сумма ниже медианы графа 50 тыс. KZT — мелкий получатель","R4a.terminal: исходящих переводов нет, они проверены обходом (depth <= 3)",2,False,1,0,16550.0,0.0,1,0,0.0002911902917077179,0.0,-0.0,0.0,0.0,16550.0,0.0,0,False,observed_sink,1.0,,,1,1,False,False,False,0.0,0,270,False
100000002492277100,terminal,0.9,2,0.418,"получил 138 тыс. KZT, 1 перевод от 1 плательщика; исходящих переводов 0, они проверены обходом на колене 2","R4a.terminal: исходящих переводов нет, они проверены обходом (depth <= 3)",2,False,1,0,138500.0,0.0,1,0,0.0003074034730996861,0.0,-0.0,0.0001421682,0.0,138500.0,0.0,0,False,observed_sink,1.0,,,1,1,False,False,False,0.0,0,1877,False
100000001339466100,terminal,0.65,2,0.2988,"получил 30 тыс. KZT, 1 перевод от 1 плательщика; исходящих переводов 0, они проверены обходом на колене 2; сумма ниже медианы графа 50 тыс. KZT — мелкий получатель","R4a.terminal: исходящих переводов нет, они проверены обходом (depth <= 3)",2,False,1,0,30000.0,0.0,1,0,0.00030390187452179355,0.0,-0.0,0.0001427673,0.0,30000.0,0.0,0,False,observed_sink,1.0,,,1,1,False,False,False,0.0,0,1877,False
100000005022964100,terminal,0.65,2,0.2706,"получил 20 тыс. KZT, 1 перевод от 1 плательщика; исходящих переводов 0, они проверены обходом на колене 2; сумма ниже медианы графа 50 тыс. KZT — мелкий получатель","R4a.terminal: исходящих переводов нет, они проверены обходом (depth <= 3)",2,False,1,0,20000.0,0.0,1,0,0.00032736478588998896,0.0,-0.0,0.0,0.0,20000.0,0.0,0,False,observed_sink,1.0,,,1,1,False,False,False,0.0,0,1877,False
100000003112436100,terminal,0.9,3,0.3957,"получил 100 тыс. KZT, 1 перевод от 1 плательщика; исходящих переводов 0, они проверены обходом на колене 2","R4a.terminal: исходящих переводов нет, они проверены обходом (depth <= 3)",2,False,1,0,100000.0,0.0,1,0,0.0003021326407143051,0.0,-0.0,4.0408e-06,0.0,100000.0,0.0,0,False,observed_sink,1.0,,,1,1,False,False,False,0.0,0,1877,False
100000000489417100,transit,0.779,10,0.6081,"пропускает 109% полученного: вход 74 тыс. KZT от 3, выход 80 тыс. KZT на 1, деньги лежат 0 дн. | сквозной транзит за 0 дн. (100% суммы)","R3a.transit: pass_through в [0.8, 1.2] — прошло почти всё полученное",2,False,3,1,73504.0,80000.0,3,1,0.0005517574141078721,1.4045481435864877e-05,0.0013727344,0.0001422896,1.0883761427949499,0.0,6496.0,0,False,observed_forwarder,0.0,0.0,1.0,2,1,True,False,False,1.0,3,1877,False
100000002217161100,transit,0.6,35,0.7024,отдал 995 тыс. KZT на 7 получателей при поступлениях 405 тыс. KZT: 590 тыс. KZT пришло вне выборки (собраны только исходящие); удержания нет | сквозной транзит за 1 дн. (95% суммы),"R3b.transit: pass_through > 1.2 — отдал больше, чем получил по данным, приток извне выборки",2,False,2,7,404750.0,995132.0,15,19,0.000891569456171597,0.00015514898463608943,0.0,5.21349e-05,2.4586337245213095,0.0,590382.0,0,False,observed_forwarder,0.0,1.0,0.9497554093326313,1,2,True,False,False,0.9497554093326313,8,1877,True
100000002469065100,terminal,0.9,3,0.4485,"получил 200 тыс. KZT, 1 перевод от 1 плательщика; исходящих переводов 0, они проверены обходом на колене 2","R4a.terminal: исходящих переводов нет, они проверены обходом (depth <= 3)",2,False,1,0,200000.0,0.0,1,0,0.00031869598721132004,0.0,-0.0,4.0408e-06,0.0,200000.0,0.0,0,False,observed_sink,1.0,,,1,1,False,False,False,0.0,0,1877,False
100000007337374100,terminal,0.65,0,0.2467,"получил 20 тыс. KZT, 2 перевода от 1 плательщика; исходящих переводов 0, они проверены обходом на колене 2; сумма ниже медианы графа 50 тыс. KZT — мелкий получатель","R4a.terminal: исходящих переводов нет, они проверены обходом (depth <= 3)",2,False,1,0,20000.0,0.0,2,0,0.0002923620404292874,0.0,-0.0,0.0,0.0,20000.0,0.0,0,False,observed_sink,1.0,,,1,1,False,False,False,0.0,0,270,False
100000003249054100,consolidator,0.975,2,0.6836,"сходятся 7 плательщиков на 1 получателя; получено 100 тыс. KZT, отдано дальше 15%, осело 85 тыс. KZT | дробление: 11 поступлений по 9 тыс. в среднем","R2.consolidator: in_deg >= 4 и out_deg <= max(2, in_deg/2)",2,False,7,1,99700.0,15000.0,11,1,0.00043146322860656444,3.962937027741748e-05,0.0,0.0003818541,0.15045135406218657,84700.0,0.0,0,False,observed_forwarder,0.0,4.0,0.0,2,2,False,False,True,0.5,2,1877,True
100000003024542100,terminal,0.65,2,0.2121,"получил 8 тыс. KZT, 1 перевод от 1 плательщика; исходящих переводов 0, они проверены обходом на колене 2; сумма ниже медианы графа 50 тыс. KZT — мелкий получатель","R4a.terminal: исходящих переводов нет, они проверены обходом (depth <= 3)",2,False,1,0,8500.0,0.0,1,0,0.00031794749343884177,0.0,-0.0,0.0,0.0,8500.0,0.0,0,False,observed_sink,1.0,,,1,1,False,False,False,0.0,0,1877,False
100000002718366100,consolidator,0.85,4,0.8331,"сходятся 6 плательщиков на 0 получателей; получено 2.5 млн KZT, отдано дальше 0%, осело 2.5 млн KZT | 3 плательщика в один день","R2.consolidator: in_deg >= 4 и out_deg <= max(2, in_deg/2)",2,False,6,0,2525000.0,0.0,10,0,0.0006811994866182274,0.0,-0.0,7.9323e-06,0.0,2525000.0,0.0,0,False,observed_sink,1.0,,,3,2,False,True,False,1.0,0,1877,False
100000005059998100,terminal,0.65,2,0.2442,"получил 18 тыс. KZT, 1 перевод от 1 плательщика; исходящих переводов 0, они проверены обходом на колене 2; сумма ниже медианы графа 50 тыс. KZT — мелкий получатель","R4a.terminal: исходящих переводов нет, они проверены обходом (depth <= 3)",2,False,1,0,18000.0,0.0,1,0,0.0002959172747769886,0.0,-0.0,5.31019e-05,0.0,18000.0,0.0,0,False,observed_sink,1.0,,,1,1,False,False,False,0.0,0,1877,False
100000004071070100,terminal,0.85,1,0.5501,"из 41 тыс. KZT дальше ушло только 15% (6 тыс. KZT на 1 получателя), осело 35 тыс. KZT — сумма остановилась здесь | сквозной транзит за 1 дн. (100% суммы)",R4b.terminal: дальше уходит не более 26% полученного — сумма осела,2,False,2,1,41000.0,6000.0,5,1,0.0011875923340219261,0.0,0.0039425921,0.0006479966,0.14634146341463414,35000.0,0.0,0,False,observed_forwarder,0.0,1.0,1.0,1,1,True,False,False,1.0,2,1877,False
100000001584286100,terminal,0.9,12,0.6484,"получил 739 тыс. KZT, 3 перевода от 2 плательщиков; исходящих переводов 0, они проверены обходом на колене 2","R4a.terminal: исходящих переводов нет, они проверены обходом (depth <= 3)",2,False,2,0,738699.0,0.0,3,0,0.000328484994070642,0.0,-0.0,7.671e-07,0.0,738699.0,0.0,0,False,observed_sink,1.0,,,1,2,False,False,False,0.5,0,1877,False
100000008701256100,terminal,0.9,5,0.3602,"получил 58 тыс. KZT, 1 перевод от 1 плательщика; исходящих переводов 0, они проверены обходом на колене 2","R4a.terminal: исходящих переводов нет, они проверены обходом (depth <= 3)",2,False,1,0,58250.0,0.0,1,0,0.00030374263490071714,0.0,-0.0,4.84058e-05,0.0,58250.0,0.0,0,False,observed_sink,1.0,,,1,1,False,False,False,0.0,0,1877,False
100000001490461100,terminal,0.75,8,0.3005,"из 20 тыс. KZT дальше ушло только 25% (5 тыс. KZT на 1 получателя), осело 15 тыс. KZT — сумма остановилась здесь",R4b.terminal: дальше уходит не более 26% полученного — сумма осела,2,False,1,1,20000.0,5000.0,1,1,0.00032099043429899293,2.19943005039667e-05,0.0,0.0,0.25,15000.0,0.0,0,False,observed_forwarder,0.0,12.0,0.0,1,1,False,False,False,0.0,1,1877,True
100000008531186100,terminal,0.9,2,0.4276,"получил 125 тыс. KZT, 1 перевод от 1 плательщика; исходящих переводов 0, они проверены обходом на колене 2","R4a.terminal: исходящих переводов нет, они проверены обходом (depth <= 3)",2,False,1,0,125000.0,0.0,1,0,0.0003619550454860541,0.0,-0.0,0.0001427673,0.0,125000.0,0.0,0,False,observed_sink,1.0,,,1,1,False,False,False,0.0,0,1877,False
100000004765639100,transit,0.6,1,0.2375,отдал 11 тыс. KZT на 2 получателей при поступлениях 5 тыс. KZT: 6 тыс. KZT пришло вне выборки (собраны только исходящие); удержания нет,"R3b.transit: pass_through > 1.2 — отдал больше, чем получил по данным, приток извне выборки",2,False,1,2,5000.0,11000.0,1,2,0.00036185625061451924,0.0,0.0009381957,1.421e-07,2.2,0.0,6000.0,0,False,observed_forwarder,0.0,0.0,0.5454545454545454,1,1,False,False,False,0.0,18,1877,False
100000002983879100,terminal,0.9,2,0.5417,"получил 200 тыс. KZT, 2 перевода от 2 плательщиков; исходящих переводов 0, они проверены обходом на колене 2","R4a.terminal: исходящих переводов нет, они проверены обходом (depth <= 3)",2,False,2,0,200050.0,0.0,2,0,0.0003580797764870854,0.0,-0.0,0.0030829414,0.0,200050.0,0.0,0,False,observed_sink,1.0,,,1,1,False,False,False,0.0,0,1877,False
100000008734364100,terminal,0.65,0,0.2782,"получил 26 тыс. KZT, 1 перевод от 1 плательщика; исходящих переводов 0, они проверены обходом на колене 2; сумма ниже медианы графа 50 тыс. KZT — мелкий получатель","R4a.terminal: исходящих переводов нет, они проверены обходом (depth <= 3)",2,False,1,0,26200.0,0.0,1,0,0.0002944677917550065,0.0,-0.0,0.0,0.0,26200.0,0.0,0,False,observed_sink,1.0,,,1,1,False,False,False,0.0,0,270,False
100000003192220100,terminal,0.9,3,0.3877,"получил 60 тыс. KZT, 2 перевода от 1 плательщика; исходящих переводов 0, они проверены обходом на колене 2","R4a.terminal: исходящих переводов нет, они проверены обходом (depth <= 3)",2,False,1,0,60000.0,0.0,2,0,0.0005031715963348377,0.0,-0.0,0.0,0.0,60000.0,0.0,0,False,observed_sink,1.0,,,1,1,False,False,False,0.0,0,1877,False
100000008060273100,terminal,0.65,2,0.2085,"получил 10 тыс. KZT, 2 перевода от 1 плательщика; исходящих переводов 0, они проверены обходом на колене 2; сумма ниже медианы графа 50 тыс. KZT — мелкий получатель","R4a.terminal: исходящих переводов нет, они проверены обходом (depth <= 3)",2,False,1,0,10000.0,0.0,2,0,0.0002989671315033312,0.0,-0.0,0.0,0.0,10000.0,0.0,0,False,observed_sink,1.0,,,1,1,False,False,False,0.0,0,1877,False
100000008205937100,terminal,0.65,10,0.3219,"получил 35 тыс. KZT, 3 перевода от 1 плательщика; исходящих переводов 0, они проверены обходом на колене 2; сумма ниже медианы графа 50 тыс. KZT — мелкий получатель","R4a.terminal: исходящих переводов нет, они проверены обходом (depth <= 3)",2,False,1,0,35000.0,0.0,3,0,0.0003316470643421718,0.0,-0.0,4.88e-08,0.0,35000.0,0.0,0,False,observed_sink,1.0,,,1,1,False,False,False,0.0,0,1877,False
100000005507142100,transit,0.6,37,0.5122,отдал 100 тыс. KZT на 3 получателей при поступлениях 51 тыс. KZT: 49 тыс. KZT пришло вне выборки (собраны только исходящие); удержания нет,"R3b.transit: pass_through > 1.2 — отдал больше, чем получил по данным, приток извне выборки",2,False,3,3,51000.0,100000.0,3,4,0.0005589500977581298,4.5573775819030105e-06,0.0,0.0,1.9607843137254901,0.0,49000.0,0,False,observed_forwarder,0.0,8.5,0.0,1,1,False,False,False,0.0,7,1877,True
100000005539910100,terminal,0.784,2,0.458,"из 102 тыс. KZT дальше ушло только 22% (22 тыс. KZT на 2 получателей), осело 80 тыс. KZT — сумма остановилась здесь",R4b.terminal: дальше уходит не более 26% полученного — сумма осела,2,False,1,2,102000.0,22000.0,1,2,0.0004987263017480539,4.795153803567515e-05,0.0,0.0,0.21568627450980393,80000.0,0.0,0,False,observed_forwarder,0.0,4.0,0.0,1,1,False,False,False,0.0,2,1877,True
100000002459163100,terminal,0.65,55,0.2805,"получил 20 тыс. KZT, 1 перевод от 1 плательщика; исходящих переводов 0, они проверены обходом на колене 2; сумма ниже медианы графа 50 тыс. KZT — мелкий получатель","R4a.terminal: исходящих переводов нет, они проверены обходом (depth <= 3)",2,False,1,0,20180.0,0.0,1,0,0.0003611154442225131,0.0,-0.0,0.0,0.0,20180.0,0.0,0,False,observed_sink,1.0,,,1,1,False,False,False,0.0,0,4,False
100000004666651100,terminal,0.9,65,0.5047,"получил 429 тыс. KZT, 1 перевод от 1 плательщика; исходящих переводов 0, они проверены обходом на колене 2","R4a.terminal: исходящих переводов нет, они проверены обходом (depth <= 3)",2,False,1,0,429250.0,0.0,1,0,0.0004575388898979418,0.0,-0.0,0.0,0.0,429250.0,0.0,0,False,observed_sink,1.0,,,1,1,False,False,False,0.0,0,1877,False
100000003927792100,terminal,0.65,14,0.2081,"получил 13 тыс. KZT, 1 перевод от 1 плательщика; исходящих переводов 0, они проверены обходом на колене 2; сумма ниже медианы графа 50 тыс. KZT — мелкий получатель","R4a.terminal: исходящих переводов нет, они проверены обходом (depth <= 3)",2,False,1,0,13067.0,0.0,1,0,0.0002897264416903393,0.0,-0.0,3.56763e-05,0.0,13067.0,0.0,0,False,observed_sink,1.0,,,1,1,False,False,False,0.0,0,1877,False
100000000607941100,transit,0.6,3,0.5387,отдал 70 тыс. KZT на 1 получателя при поступлениях 50 тыс. KZT: 20 тыс. KZT пришло вне выборки (собраны только исходящие); удержания нет,"R3b.transit: pass_through > 1.2 — отдал больше, чем получил по данным, приток извне выборки",2,False,2,1,50000.0,70000.0,3,4,0.0005785720589504676,5.7660733753642434e-05,0.0,2.6248e-06,1.4,0.0,20000.0,0,False,observed_forwarder,0.0,1.0,0.2857142857142857,1,2,False,False,False,0.5,3,1877,True
100000004158362100,terminal,0.65,1,0.2074,"получил 12 тыс. KZT, 1 перевод от 1 плательщика; исходящих переводов 0, они проверены обходом на колене 2; сумма ниже медианы графа 50 тыс. KZT — мелкий получатель","R4a.terminal: исходящих переводов нет, они проверены обходом (depth <= 3)",2,False,1,0,12000.0,0.0,1,0,0.00029138223393265013,0.0,-0.0,9.27551e-05,0.0,12000.0,0.0,0,False,observed_sink,1.0,,,1,1,False,False,False,0.0,0,1877,False
100000005664922100,transit,0.6,23,0.577,отдал 537 тыс. KZT на 3 получателей при поступлениях 22 тыс. KZT: 515 тыс. KZT пришло вне выборки (собраны только исходящие); удержания нет,"R3b.transit: pass_through > 1.2 — отдал больше, чем получил по данным, приток извне выборки",2,False,2,3,22000.0,537000.0,2,4,0.0008059658576323321,3.962937027741748e-06,0.0,0.0,24.40909090909091,0.0,515000.0,0,False,observed_forwarder,0.0,,,1,1,False,False,False,0.0,7,1877,True
100000007594394100,consolidator,0.75,16,0.7148,"сходятся 6 плательщиков на 1 получателя; получено 395 тыс. KZT, отдано дальше 854%, осело 0 KZT","R2.consolidator: in_deg >= 4 и out_deg <= max(2, in_deg/2)",2,False,6,1,395385.0,3376312.0,6,40,0.000405585478703186,3.6199495962304385e-05,0.0012614186,0.0044088165,8.539302199122375,0.0,2980927.0,0,False,observed_forwarder,0.0,4.0,0.4527164551143378,2,1,False,False,False,0.5,3,1877,False
100000000979567100,terminal,0.65,0,0.2407,"получил 10 тыс. KZT, 1 перевод от 1 плательщика; исходящих переводов 0, они проверены обходом на колене 2; сумма ниже медианы графа 50 тыс. KZT — мелкий получатель","R4a.terminal: исходящих переводов нет, они проверены обходом (depth <= 3)",2,False,1,0,10000.0,0.0,1,0,0.0005307306769296829,0.0,-0.0,0.0,0.0,10000.0,0.0,0,False,observed_sink,1.0,,,1,1,False,False,False,0.0,0,270,False
100000002831727100,transit,0.6,16,0.3513,отдал 77 тыс. KZT на 1 получателя при поступлениях 6 тыс. KZT: 71 тыс. KZT пришло вне выборки (собраны только исходящие); удержания нет,"R3b.transit: pass_through > 1.2 — отдал больше, чем получил по данным, приток извне выборки",2,False,1,1,6000.0,77000.0,1,3,0.0002907462180152874,1.922024458454748e-05,0.0,0.0,12.833333333333334,0.0,71000.0,0,False,observed_forwarder,0.0,6.0,0.12987012987012986,1,1,False,False,False,0.0,1,1877,True
100000003062895100,terminal,0.9,4,0.5739,"получил 328 тыс. KZT, 2 перевода от 2 плательщиков; исходящих переводов 0, они проверены обходом на колене 2","R4a.terminal: исходящих переводов нет, они проверены обходом (depth <= 3)",2,False,2,0,328444.0,0.0,2,0,0.000407650670955184,0.0,-0.0,0.0001159525,0.0,328444.0,0.0,0,False,observed_sink,1.0,,,1,1,False,False,False,0.0,0,1877,False
100000008376089100,terminal,0.9,30,0.4134,"получил 135 тыс. KZT, 1 перевод от 1 плательщика; исходящих переводов 0, они проверены обходом на колене 2","R4a.terminal: исходящих переводов нет, они проверены обходом (depth <= 3)",2,False,1,0,135000.0,0.0,1,0,0.00030243533477807125,0.0,-0.0,3.877e-07,0.0,135000.0,0.0,0,False,observed_sink,1.0,,,1,1,False,False,False,0.0,0,1877,False
100000003219438100,terminal,0.65,34,0.3284,"получил 32 тыс. KZT, 1 перевод от 1 плательщика; исходящих переводов 0, они проверены обходом на колене 2; сумма ниже медианы графа 50 тыс. KZT — мелкий получатель","R4a.terminal: исходящих переводов нет, они проверены обходом (depth <= 3)",2,False,1,0,32000.0,0.0,1,0,0.00044715563704310416,0.0,-0.0,3.6e-09,0.0,32000.0,0.0,0,False,observed_sink,1.0,,,1,1,False,False,False,0.0,0,1877,False
100000000967918100,terminal,0.65,1,0.2919,"получил 21 тыс. KZT, 3 перевода от 1 плательщика; исходящих переводов 0, они проверены обходом на колене 2; сумма ниже медианы графа 50 тыс. KZT — мелкий получатель","R4a.terminal: исходящих переводов нет, они проверены обходом (depth <= 3)",2,False,1,0,21200.0,0.0,3,0,0.00047927096158051656,0.0,-0.0,0.0,0.0,21200.0,0.0,0,False,observed_sink,1.0,,,1,1,False,False,False,0.0,0,1877,False
100000003254723100,terminal,0.9,2,0.4854,"получил 270 тыс. KZT, 6 переводов от 1 плательщика; исходящих переводов 0, они проверены обходом на колене 2","R4a.terminal: исходящих переводов нет, они проверены обходом (depth <= 3)",2,False,1,0,269850.0,0.0,6,0,0.0005300436631859086,0.0,-0.0,3e-10,0.0,269850.0,0.0,0,False,observed_sink,1.0,,,1,1,False,False,False,0.0,0,1877,False
100000003823811100,transit,0.6,18,0.3859,отдал 66 тыс. KZT на 3 получателей при поступлениях 30 тыс. KZT: 36 тыс. KZT пришло вне выборки (собраны только исходящие); удержания нет,"R3b.transit: pass_through > 1.2 — отдал больше, чем получил по данным, приток извне выборки",2,False,1,3,30000.0,66130.0,1,3,0.0003569753080281222,0.00012452339757262028,1.54939e-05,1.8751e-06,2.2043333333333335,0.0,36130.0,0,False,observed_forwarder,0.0,,,1,1,False,False,False,0.0,9,1877,True
100000008587459100,transit,0.6,1,0.5439,отдал 686 тыс. KZT на 2 получателей при поступлениях 182 тыс. KZT: 505 тыс. KZT пришло вне выборки (собраны только исходящие); удержания нет,"R3b.transit: pass_through > 1.2 — отдал больше, чем получил по данным, приток извне выборки",2,False,2,2,181507.0,686500.0,2,4,0.00030075681163842564,1.7724578204740182e-05,0.0005035927,0.0030479499,3.782223275135394,0.0,504993.0,0,False,observed_forwarder,0.0,,,1,1,False,False,False,0.0,1595,1877,False
100000008603331100,transit,0.6,4,0.5745,отдал 742 тыс. KZT на 6 получателей при поступлениях 40 тыс. KZT: 702 тыс. KZT пришло вне выборки (собраны только исходящие); удержания нет,"R3b.transit: pass_through > 1.2 — отдал больше, чем получил по данным, приток извне выборки",2,False,2,6,39500.0,741774.0,3,6,0.00034423402970945057,0.0001957690891704424,2.6121e-06,1.7182e-06,18.779088607594936,0.0,702274.0,0,False,observed_forwarder,0.0,0.0,0.44400855247015936,1,1,False,False,False,0.0,11,1877,True
100000008758168100,transit,0.6,20,0.5767,отдал 1.5 млн KZT на 5 получателей при поступлениях 75 тыс. KZT: 1.5 млн KZT пришло вне выборки (собраны только исходящие); удержания нет,"R3b.transit: pass_through > 1.2 — отдал больше, чем получил по данным, приток извне выборки",2,False,2,5,75410.0,1533600.0,2,5,0.00031836725127907677,5.6020009578558015e-05,4.4884e-06,1.3332e-06,20.33682535472749,0.0,1458190.0,0,False,observed_forwarder,0.0,4.0,0.28729786124152323,1,1,False,False,False,0.0,6,1877,True
100000003724440100,terminal,0.9,2,0.4317,"получил 50 тыс. KZT, 2 перевода от 2 плательщиков; исходящих переводов 0, они проверены обходом на колене 2","R4a.terminal: исходящих переводов нет, они проверены обходом (depth <= 3)",2,False,2,0,50000.0,0.0,2,0,0.0003080878958078083,0.0,-0.0,0.0004189408,0.0,50000.0,0.0,0,False,observed_sink,1.0,,,1,1,False,False,False,0.0,0,1877,False
100000000291906100,transit,0.563,50,0.6318,"пропускает 117% полученного: вход 388 тыс. KZT от 2, выход 456 тыс. KZT на 2, деньги лежат 3 дн.","R3a.transit: pass_through в [0.8, 1.2] — прошло почти всё полученное",2,False,2,2,388000.0,455854.0,3,6,0.0007629373053537469,7.806985944651244e-05,0.0,0.0,1.1748814432989692,0.0,67854.0,0,False,observed_forwarder,0.0,3.0,0.4186735226629579,1,2,False,False,False,0.5,4,1877,True
100000005077484100,terminal,0.85,29,0.4764,"из 150 тыс. KZT дальше ушло только 9% (14 тыс. KZT на 2 получателей), осело 136 тыс. KZT — сумма остановилась здесь",R4b.terminal: дальше уходит не более 26% полученного — сумма осела,2,False,1,2,150000.0,13550.0,1,2,0.0005397108639201045,3.962937027741748e-07,0.0,0.0,0.09033333333333333,136450.0,0.0,0,False,observed_forwarder,0.0,5.0,0.5202952029520295,1,1,False,False,False,0.0,12,13,True
100000004192107100,terminal,0.65,2,0.2767,"получил 25 тыс. KZT, 1 перевод от 1 плательщика; исходящих переводов 0, они проверены обходом на колене 2; сумма ниже медианы графа 50 тыс. KZT — мелкий получатель","R4a.terminal: исходящих переводов нет, они проверены обходом (depth <= 3)",2,False,1,0,25000.0,0.0,1,0,0.0002993001243079823,0.0,-0.0,0.0,0.0,25000.0,0.0,0,False,observed_sink,1.0,,,1,1,False,False,False,0.0,0,1877,False
100000002193259100,transit,0.6,11,0.4839,отдал 58 тыс. KZT на 3 получателей при поступлениях 48 тыс. KZT: 10 тыс. KZT пришло вне выборки (собраны только исходящие); удержания нет,"R3b.transit: pass_through > 1.2 — отдал больше, чем получил по данным, приток извне выборки",2,False,2,3,48000.0,58000.0,2,3,0.0008908421386694397,6.43977267008034e-05,5.50138e-05,0.0,1.2083333333333333,0.0,10000.0,0,False,observed_forwarder,0.0,6.0,0.6896551724137931,1,1,False,False,False,0.0,6,1877,True
100000005481280100,transit,0.6,14,0.3421,отдал 50 тыс. KZT на 3 получателей при поступлениях 33 тыс. KZT: 17 тыс. KZT пришло вне выборки (собраны только исходящие); удержания нет,"R3b.transit: pass_through > 1.2 — отдал больше, чем получил по данным, приток извне выборки",2,False,1,3,32700.0,50000.0,1,3,0.00029597250247999043,4.3660134496595575e-05,0.0,3.56763e-05,1.529051987767584,0.0,17300.0,0,False,observed_forwarder,0.0,1.0,0.34,1,1,False,False,False,0.0,6,1877,True
100000004527381100,transit,0.6,14,0.5655,отдал 274 тыс. KZT на 1 получателя при поступлениях 119 тыс. KZT: 155 тыс. KZT пришло вне выборки (собраны только исходящие); удержания нет | сквозной транзит за 0 дн. (100% суммы),"R3b.transit: pass_through > 1.2 — отдал больше, чем получил по данным, приток извне выборки",2,False,1,1,119333.17,273866.11,1,1,0.00037549896425589674,0.0003213941929498557,3.2942e-06,0.0,2.2949705433954364,0.0,154532.94,0,False,observed_forwarder,0.0,0.0,1.0,1,1,True,False,False,1.0,1595,1877,False
100000001578517100,terminal,0.65,3,0.2812,"получил 30 тыс. KZT, 1 перевод от 1 плательщика; исходящих переводов 0, они проверены обходом на колене 2; сумма ниже медианы графа 50 тыс. KZT — мелкий получатель","R4a.terminal: исходящих переводов нет, они проверены обходом (depth <= 3)",2,False,1,0,30000.0,0.0,1,0,0.0002905382981663947,0.0,-0.0,4.0408e-06,0.0,30000.0,0.0,0,False,observed_sink,1.0,,,1,1,False,False,False,0.0,0,1877,False
100000003741418100,consolidator,1.0,6,0.7264,"сходятся 9 плательщиков на 3 получателей; получено 152 тыс. KZT, отдано дальше 26%, осело 112 тыс. KZT | дробление: 13 поступлений по 12 тыс. в среднем","R2.consolidator: in_deg >= 4 и out_deg <= max(2, in_deg/2)",2,False,9,3,151900.0,39920.0,13,3,0.0006325013799441029,5.2754855808308135e-05,0.0049986876,0.0003401117,0.2628044766293614,111980.0,0.0,0,False,observed_forwarder,0.0,,,2,2,False,False,True,0.5,11,1877,True
100000008737514100,terminal,0.9,14,0.3883,"получил 85 тыс. KZT, 1 перевод от 1 плательщика; исходящих переводов 0, они проверены обходом на колене 2","R4a.terminal: исходящих переводов нет, они проверены обходом (depth <= 3)",2,False,1,0,85000.0,0.0,1,0,0.00031261127288180154,0.0,-0.0,3.56763e-05,0.0,85000.0,0.0,0,False,observed_sink,1.0,,,1,1,False,False,False,0.0,0,1877,False
100000002870463100,terminal,0.85,7,0.7192,"из 207 тыс. KZT дальше ушло только 5% (10 тыс. KZT на 1 получателя), осело 197 тыс. KZT — сумма остановилась здесь | сквозной транзит за 0 дн. (100% суммы)",R4b.terminal: дальше уходит не более 26% полученного — сумма осела,2,False,3,1,207000.0,10000.0,4,1,0.0019299755548282795,1.9418391435934565e-05,0.0,3.17314e-05,0.04830917874396135,197000.0,0.0,0,False,observed_forwarder,0.0,0.0,1.0,1,1,True,False,False,1.0,1,1877,True
100000008545727100,transit,0.6,8,0.5031,отдал 1.9 млн KZT на 6 получателей при поступлениях 30 тыс. KZT: 1.8 млн KZT пришло вне выборки (собраны только исходящие); удержания нет,"R3b.transit: pass_through > 1.2 — отдал больше, чем получил по данным, приток извне выборки",2,False,1,6,30000.0,1866500.0,1,7,0.0003387010043398443,0.00013420203177516877,3.0531e-06,0.0,62.21666666666667,0.0,1836500.0,0,False,observed_forwarder,0.0,9.0,0.6375569247254219,1,1,False,False,False,0.0,12,1877,True
100000000425407100,terminal,0.65,2,0.2608,"получил 20 тыс. KZT, 1 перевод от 1 плательщика; исходящих переводов 0, они проверены обходом на колене 2; сумма ниже медианы графа 50 тыс. KZT — мелкий получатель","R4a.terminal: исходящих переводов нет, они проверены обходом (depth <= 3)",2,False,1,0,20000.0,0.0,1,0,0.00030509459327138065,0.0,-0.0,7.07376e-05,0.0,20000.0,0.0,0,False,observed_sink,1.0,,,1,1,False,False,False,0.0,0,1877,False
100000001418900100,terminal,0.65,0,0.3162,"получил 40 тыс. KZT, 2 перевода от 1 плательщика; исходящих переводов 0, они проверены обходом на колене 2; сумма ниже медианы графа 50 тыс. KZT — мелкий получатель","R4a.terminal: исходящих переводов нет, они проверены обходом (depth <= 3)",2,False,1,0,40140.0,0.0,2,0,0.0002992023358647686,0.0,-0.0,0.0,0.0,40140.0,0.0,0,False,observed_sink,1.0,,,1,1,False,False,False,0.0,0,270,False
100000001677929100,transit,0.6,7,0.571,отдал 286 тыс. KZT на 2 получателей при поступлениях 127 тыс. KZT: 159 тыс. KZT пришло вне выборки (собраны только исходящие); удержания нет,"R3b.transit: pass_through > 1.2 — отдал больше, чем получил по данным, приток извне выборки",2,False,3,2,126777.0,286098.0,3,4,0.003334091954588842,1.1888811083225246e-06,0.0,0.0,2.2567027142147236,0.0,159321.0,0,False,observed_forwarder,0.0,0.0,0.27052967864158434,1,1,False,False,False,0.0,2,1877,True
100000002539625100,terminal,0.9,4,0.405,"получил 95 тыс. KZT, 1 перевод от 1 плательщика; исходящих переводов 0, они проверены обходом на колене 2","R4a.terminal: исходящих переводов нет, они проверены обходом (depth <= 3)",2,False,1,0,94700.0,0.0,1,0,0.00034502020785975537,0.0,-0.0,2.2953e-06,0.0,94700.0,0.0,0,False,observed_sink,1.0,,,1,1,False,False,False,0.0,0,1877,False
100000001965374100,transit,0.6,23,0.6573,отдал 3.1 млн KZT на 3 получателей при поступлениях 1.8 млн KZT: 1.3 млн KZT пришло вне выборки (собраны только исходящие); удержания нет,"R3b.transit: pass_through > 1.2 — отдал больше, чем получил по данным, приток извне выборки",2,False,2,3,1759720.0,3082100.0,8,5,0.0012816556260608692,1.5851748110966993e-06,0.0,0.0,1.7514718250630783,0.0,1322380.0,0,False,observed_forwarder,0.0,3.5,0.2615100094091691,2,1,False,False,False,0.5,3,1877,True
100000001287955100,transit,0.6,12,0.44,отдал 310 тыс. KZT на 4 получателей при поступлениях 18 тыс. KZT: 292 тыс. KZT пришло вне выборки (собраны только исходящие); удержания нет,"R3b.transit: pass_through > 1.2 — отдал больше, чем получил по данным, приток извне выборки",2,False,1,4,17520.0,310000.0,1,5,0.00029391683130875195,0.0006803041897623334,2.20659e-05,2.32281e-05,17.69406392694064,0.0,292480.0,0,False,observed_forwarder,0.0,4.0,0.7409677419354839,1,1,False,False,False,0.0,1649,1877,True
100000005402643100,peripheral,0.5,8,0.3811,"вход 128 тыс. KZT от 1, выход 90 тыс. KZT на 1, пропуск 70% — смешанный профиль: плательщиков меньше 4, получателей меньше 11, пропуск вне зон транзита и осаждения",R5.peripheral,2,False,1,1,127800.0,90000.0,1,1,0.0002975952292869957,3.962937027741748e-07,0.0,5.013e-07,0.704225352112676,37800.0,0.0,0,False,observed_forwarder,0.0,,,1,1,False,False,False,0.0,1,1877,True
100000008752616100,transit,0.6,4,0.6785,отдал 1.3 млн KZT на 7 получателей при поступлениях 65 тыс. KZT: 1.2 млн KZT пришло вне выборки (собраны только исходящие); удержания нет | сквозной транзит за 1 дн. (100% суммы),"R3b.transit: pass_through > 1.2 — отдал больше, чем получил по данным, приток извне выборки",2,False,2,7,64510.0,1265000.0,2,7,0.00031306069757078097,0.00013875981919617183,4.8597e-06,1.3473e-06,19.6093628894745,0.0,1200490.0,0,False,observed_forwarder,0.0,1.0,1.0,1,1,True,False,False,1.0,11,1877,True
100000000733373100,terminal,0.65,3,0.2202,"получил 11 тыс. KZT, 1 перевод от 1 плательщика; исходящих переводов 0, они проверены обходом на колене 2; сумма ниже медианы графа 50 тыс. KZT — мелкий получатель","R4a.terminal: исходящих переводов нет, они проверены обходом (depth <= 3)",2,False,1,0,10710.0,0.0,1,0,0.000305781397776004,0.0,-0.0,1.7908e-06,0.0,10710.0,0.0,0,False,observed_sink,1.0,,,1,1,False,False,False,0.0,0,1877,False
100000008531133100,transit,0.6,3,0.4375,отдал 158 тыс. KZT на 3 получателей при поступлениях 25 тыс. KZT: 133 тыс. KZT пришло вне выборки (собраны только исходящие); удержания нет,"R3b.transit: pass_through > 1.2 — отдал больше, чем получил по данным, приток извне выборки",2,False,1,3,25000.0,158271.68,1,3,0.0005327484529006024,2.334830398844513e-05,0.0009051217,0.0,6.3308672,0.0,133271.68,0,False,observed_forwarder,0.0,0.0,0.20074140869674223,1,1,False,False,False,0.0,3,1877,True
100000005933757100,distributor,1.0,13,0.7369,"веер на 34 получателей, 46 переводов на 3 млн KZT; отдал на 1.8 млн KZT больше, чем получил в выборке | сквозной транзит за 2 дн. (61% суммы)",R1.distributor: out_deg >= 11,2,False,4,34,1246000.0,3002628.0,6,46,0.0009979855720130422,0.0038927878243158673,0.0013100382,3.5039e-06,2.409813804173355,0.0,1756628.0,0,False,observed_forwarder,0.0,2.0,0.6113238136725562,2,2,True,False,False,0.6113238136725562,1595,1877,True
100000006490557100,terminal,0.65,7,0.1596,"получил 5 тыс. KZT, 1 перевод от 1 плательщика; исходящих переводов 0, они проверены обходом на колене 2; сумма ниже медианы графа 50 тыс. KZT — мелкий получатель","R4a.terminal: исходящих переводов нет, они проверены обходом (depth <= 3)",2,False,1,0,5000.0,0.0,1,0,0.0002861622896167219,0.0,-0.0,0.0,0.0,5000.0,0.0,0,False,observed_sink,1.0,,,1,1,False,False,False,0.0,0,1877,False
100000008497298100,terminal,0.9,8,0.5099,"получил 600 тыс. KZT, 1 перевод от 1 плательщика; исходящих переводов 0, они проверены обходом на колене 2","R4a.terminal: исходящих переводов нет, они проверены обходом (depth <= 3)",2,False,1,0,600000.0,0.0,1,0,0.00034202908327694034,0.0,-0.0,5.013e-07,0.0,600000.0,0.0,0,False,observed_sink,1.0,,,1,1,False,False,False,0.0,0,1877,False
100000005168487100,transit,0.6,9,0.3947,отдал 104 тыс. KZT на 1 получателя при поступлениях 15 тыс. KZT: 89 тыс. KZT пришло вне выборки (собраны только исходящие); удержания нет,"R3b.transit: pass_through > 1.2 — отдал больше, чем получил по данным, приток извне выборки",2,False,1,1,15000.0,103510.0,1,14,0.0018125473143557728,0.0,5.26845e-05,0.0,6.900666666666667,0.0,88510.0,0,False,observed_forwarder,0.0,6.0,0.17399285093227707,1,1,False,False,False,0.0,1,1877,False
100000005799271100,terminal,0.65,9,0.3569,"получил 45 тыс. KZT, 2 перевода от 1 плательщика; исходящих переводов 0, они проверены обходом на колене 2; сумма ниже медианы графа 50 тыс. KZT — мелкий получатель","R4a.terminal: исходящих переводов нет, они проверены обходом (depth <= 3)",2,False,1,0,45000.0,0.0,2,0,0.0005366730310712532,0.0,-0.0,0.0,0.0,45000.0,0.0,0,False,observed_sink,1.0,,,1,1,False,False,False,0.0,0,1877,False
100000000912487100,terminal,0.65,2,0.1985,"получил 10 тыс. KZT, 1 перевод от 1 плательщика; исходящих переводов 0, они проверены обходом на колене 2; сумма ниже медианы графа 50 тыс. KZT — мелкий получатель","R4a.terminal: исходящих переводов нет, они проверены обходом (depth <= 3)",2,False,1,0,10000.0,0.0,1,0,0.0002916801543187913,0.0,-0.0,0.0001427673,0.0,10000.0,0.0,0,False,observed_sink,1.0,,,1,1,False,False,False,0.0,0,1877,False
100000007982908100,terminal,0.65,0,0.2952,"получил 31 тыс. KZT, 1 перевод от 1 плательщика; исходящих переводов 0, они проверены обходом на колене 2; сумма ниже медианы графа 50 тыс. KZT — мелкий получатель","R4a.terminal: исходящих переводов нет, они проверены обходом (depth <= 3)",2,False,1,0,31080.0,0.0,1,0,0.0002961252218307339,0.0,-0.0,0.0,0.0,31080.0,0.0,0,False,observed_sink,1.0,,,1,1,False,False,False,0.0,0,270,False
100000005413948100,terminal,0.823,4,0.4517,"из 28 тыс. KZT дальше ушло только 18% (5 тыс. KZT на 1 получателя), осело 23 тыс. KZT — сумма остановилась здесь",R4b.terminal: дальше уходит не более 26% полученного — сумма осела,2,False,2,1,28215.0,5000.0,2,1,0.0018520392070328138,2.1796153652579615e-05,0.0,2.3136e-06,0.177210703526493,23215.0,0.0,0,False,observed_forwarder,0.0,10.0,0.0,1,1,False,False,False,0.0,1,1877,True
100000000724540100,transit,0.6,19,0.389,отдал 100 тыс. KZT на 1 получателя при поступлениях 50 тыс. KZT: 50 тыс. KZT пришло вне выборки (собраны только исходящие); удержания нет,"R3b.transit: pass_through > 1.2 — отдал больше, чем получил по данным, приток извне выборки",2,False,1,1,50000.0,100000.0,1,1,0.00030963471226612996,1.981468513870874e-05,0.0,5.7e-08,2.0,0.0,50000.0,0,False,observed_forwarder,0.0,,,1,1,False,False,False,0.0,1,1877,True
100000005730108100,terminal,0.65,1,0.2191,"получил 8 тыс. KZT, 1 перевод от 1 плательщика; исходящих переводов 0, они проверены обходом на колене 2; сумма ниже медианы графа 50 тыс. KZT — мелкий получатель","R4a.terminal: исходящих переводов нет, они проверены обходом (depth <= 3)",2,False,1,0,8000.0,0.0,1,0,0.000358664263033602,0.0,-0.0,0.0,0.0,8000.0,0.0,0,False,observed_sink,1.0,,,1,1,False,False,False,0.0,0,1877,False
100000002566204100,terminal,0.9,9,0.3895,"получил 81 тыс. KZT, 1 перевод от 1 плательщика; исходящих переводов 0, они проверены обходом на колене 2","R4a.terminal: исходящих переводов нет, они проверены обходом (depth <= 3)",2,False,1,0,80805.0,0.0,1,0,0.0003240694503060784,0.0,-0.0,2.32281e-05,0.0,80805.0,0.0,0,False,observed_sink,1.0,,,1,1,False,False,False,0.0,0,1877,False
100000000625169100,terminal,0.65,0,0.1916,"получил 10 тыс. KZT, 1 перевод от 1 плательщика; исходящих переводов 0, они проверены обходом на колене 2; сумма ниже медианы графа 50 тыс. KZT — мелкий получатель","R4a.terminal: исходящих переводов нет, они проверены обходом (depth <= 3)",2,False,1,0,10000.0,0.0,1,0,0.00028896566732328877,0.0,-0.0,0.0,0.0,10000.0,0.0,0,False,observed_sink,1.0,,,1,1,False,False,False,0.0,0,270,False
100000001114385100,terminal,0.65,2,0.2774,"получил 30 тыс. KZT, 1 перевод от 1 плательщика; исходящих переводов 0, они проверены обходом на колене 2; сумма ниже медианы графа 50 тыс. KZT — мелкий получатель","R4a.terminal: исходящих переводов нет, они проверены обходом (depth <= 3)",2,False,1,0,29500.0,0.0,1,0,0.00029021989549549,0.0,-0.0,0.0001421682,0.0,29500.0,0.0,0,False,observed_sink,1.0,,,1,1,False,False,False,0.0,0,1877,False
100000002964966100,terminal,0.9,2,0.4608,"получил 200 тыс. KZT, 1 перевод от 1 плательщика; исходящих переводов 0, они проверены обходом на колене 2","R4a.terminal: исходящих переводов нет, они проверены обходом (depth <= 3)",2,False,1,0,200000.0,0.0,1,0,0.00039541593494282724,0.0,-0.0,0.0,0.0,200000.0,0.0,0,False,observed_sink,1.0,,,1,1,False,False,False,0.0,0,1877,False
100000008771814100,terminal,0.65,0,0.2637,"получил 24 тыс. KZT, 1 перевод от 1 плательщика; исходящих переводов 0, они проверены обходом на колене 2; сумма ниже медианы графа 50 тыс. KZT — мелкий получатель","R4a.terminal: исходящих переводов нет, они проверены обходом (depth <= 3)",2,False,1,0,23700.0,0.0,1,0,0.0002936186984785069,0.0,-0.0,0.0,0.0,23700.0,0.0,0,False,observed_sink,1.0,,,1,1,False,False,False,0.0,0,270,False
100000001241318100,terminal,0.9,1,0.3797,"получил 53 тыс. KZT, 1 перевод от 1 плательщика; исходящих переводов 0, они проверены обходом на колене 2","R4a.terminal: исходящих переводов нет, они проверены обходом (depth <= 3)",2,False,1,0,53000.0,0.0,1,0,0.0005308383624756579,0.0,-0.0,0.0,0.0,53000.0,0.0,0,False,observed_sink,1.0,,,1,1,False,False,False,0.0,0,1877,False
100000001250022100,terminal,0.9,7,0.3363,"получил 50 тыс. KZT, 1 перевод от 1 плательщика; исходящих переводов 0, они проверены обходом на колене 2","R4a.terminal: исходящих переводов нет, они проверены обходом (depth <= 3)",2,False,1,0,50000.0,0.0,1,0,0.00029504583266030455,0.0,-0.0,2.87214e-05,0.0,50000.0,0.0,0,False,observed_sink,1.0,,,1,1,False,False,False,0.0,0,1877,False
100000006534886100,transit,0.6,3,0.4674,отдал 168 тыс. KZT на 1 получателя при поступлениях 72 тыс. KZT: 96 тыс. KZT пришло вне выборки (собраны только исходящие); удержания нет,"R3b.transit: pass_through > 1.2 — отдал больше, чем получил по данным, приток извне выборки",2,False,1,1,71700.0,167500.0,5,8,0.0011276985721232146,0.0,0.0001266671,9.99e-08,2.336122733612273,0.0,95800.0,0,False,observed_forwarder,0.0,2.0,0.4835820895522388,1,2,False,False,False,0.5,1595,1877,False
100000008655035100,terminal,0.65,7,0.3284,"получил 30 тыс. KZT, 1 перевод от 1 плательщика; исходящих переводов 0, они проверены обходом на колене 2; сумма ниже медианы графа 50 тыс. KZT — мелкий получатель","R4a.terminal: исходящих переводов нет, они проверены обходом (depth <= 3)",2,False,1,0,30000.0,0.0,1,0,0.000540142714317588,0.0,-0.0,0.0,0.0,30000.0,0.0,0,False,observed_sink,1.0,,,1,1,False,False,False,0.0,0,1877,False
100000005932987100,terminal,0.65,34,0.3023,"получил 25 тыс. KZT, 3 перевода от 1 плательщика; исходящих переводов 0, они проверены обходом на колене 2; сумма ниже медианы графа 50 тыс. KZT — мелкий получатель","R4a.terminal: исходящих переводов нет, они проверены обходом (depth <= 3)",2,False,1,0,25000.0,0.0,3,0,0.0004118086245499573,0.0,-0.0,3.6e-09,0.0,25000.0,0.0,0,False,observed_sink,1.0,,,1,1,False,False,False,0.0,0,1877,False
100000008636603100,transit,0.6,3,0.5159,отдал 159 тыс. KZT на 6 получателей при поступлениях 35 тыс. KZT: 124 тыс. KZT пришло вне выборки (собраны только исходящие); удержания нет,"R3b.transit: pass_through > 1.2 — отдал больше, чем получил по данным, приток извне выборки",2,False,2,6,35460.0,159375.0,2,7,0.0003387006850594568,0.0034745654916701176,0.0002698627,0.0006554122,4.494500846023689,0.0,123915.0,0,False,observed_forwarder,0.0,2.0,0.36941176470588233,1,1,False,False,False,0.0,1595,1877,False
100000008710843100,distributor,0.591,20,0.5799,"веер на 13 получателей, 14 переводов на 2 млн KZT; отдал на 2 млн KZT больше, чем получил в выборке",R1.distributor: out_deg >= 11,2,False,2,13,33944.0,1985500.0,3,14,0.00029287559446499205,0.0012357500791213899,6.92362e-05,4.9682e-05,58.49340089559274,0.0,1951556.0,0,False,observed_forwarder,0.0,6.5,0.007554772097708386,1,1,False,False,False,0.0,334,1877,True
100000000917179100,terminal,0.9,13,0.4648,"получил 94 тыс. KZT, 2 перевода от 1 плательщика; исходящих переводов 0, они проверены обходом на колене 2","R4a.terminal: исходящих переводов нет, они проверены обходом (depth <= 3)",2,False,1,0,94465.0,0.0,2,0,0.00042586253334482804,0.0,-0.0,5e-10,0.0,94465.0,0.0,0,False,observed_sink,1.0,,,1,2,False,False,False,0.5,0,1877,False
100000004209339100,transit,0.6,33,0.5692,отдал 238 тыс. KZT на 2 получателей при поступлениях 138 тыс. KZT: 100 тыс. KZT пришло вне выборки (собраны только исходящие); удержания нет | дробление: 3 перевода от одного плательщика за день,"R3b.transit: pass_through > 1.2 — отдал больше, чем получил по данным, приток извне выборки",2,False,1,2,138500.0,238500.0,6,11,0.0008195334277812185,2.1003566247031264e-05,5.35407e-05,0.0,1.7220216606498195,0.0,100000.0,0,False,observed_forwarder,0.0,1.0,0.2830188679245283,1,3,False,False,True,1.0,9,1877,True
100000008765627100,terminal,0.9,7,0.3553,"получил 60 тыс. KZT, 1 перевод от 1 плательщика; исходящих переводов 0, они проверены обходом на колене 2","R4a.terminal: исходящих переводов нет, они проверены обходом (depth <= 3)",2,False,1,0,60000.0,0.0,1,0,0.0002969411403489074,0.0,-0.0,2.87214e-05,0.0,60000.0,0.0,0,False,observed_sink,1.0,,,1,1,False,False,False,0.0,0,1877,False
100000002443664100,terminal,0.9,12,0.7106,"получил 557 тыс. KZT, 3 перевода от 3 плательщиков; исходящих переводов 0, они проверены обходом на колене 2 | 3 плательщика в один день","R4a.terminal: исходящих переводов нет, они проверены обходом (depth <= 3)",2,False,3,0,556880.0,0.0,3,0,0.0003387703864093905,0.0,-0.0,1.0691e-06,0.0,556880.0,0.0,0,False,observed_sink,1.0,,,3,1,False,True,False,1.0,0,1877,False
100000008144528100,consolidator,0.725,3,0.8162,"сходятся 5 плательщиков на 0 получателей; получено 1.1 млн KZT, отдано дальше 0%, осело 1.1 млн KZT | дробление: 5 переводов от одного плательщика за день","R2.consolidator: in_deg >= 4 и out_deg <= max(2, in_deg/2)",2,False,5,0,1068202.6,0.0,13,0,0.001055538276590799,0.0,-0.0,5.4378e-06,0.0,1068202.6,0.0,0,False,observed_sink,1.0,,,2,5,False,False,True,1.0,0,1877,False
100000003988112100,transit,0.638,18,0.4806,"пропускает 70% полученного: вход 92 тыс. KZT от 1, выход 64 тыс. KZT на 1, деньги лежат 0 дн. | сквозной транзит за 0 дн. (69% суммы)",R3d.transit: >=60% исходящих в пределах 2 суток после поступления,2,False,1,1,92000.0,64000.0,2,5,0.0005045477365705085,0.0,0.0009433665,1.8751e-06,0.6956521739130435,28000.0,0.0,0,False,observed_forwarder,0.0,0.5,0.6875,1,2,True,False,False,0.6875,1595,1877,False
100000008008463100,terminal,0.9,7,0.3469,"получил 54 тыс. KZT, 1 перевод от 1 плательщика; исходящих переводов 0, они проверены обходом на колене 2","R4a.terminal: исходящих переводов нет, они проверены обходом (depth <= 3)",2,False,1,0,54180.0,0.0,1,0,0.0002958380712741406,0.0,-0.0,2.87214e-05,0.0,54180.0,0.0,0,False,observed_sink,1.0,,,1,1,False,False,False,0.0,0,1877,False
100000006679055100,terminal,0.65,2,0.2787,"получил 25 тыс. KZT, 1 перевод от 1 плательщика; исходящих переводов 0, они проверены обходом на колене 2; сумма ниже медианы графа 50 тыс. KZT — мелкий получатель","R4a.terminal: исходящих переводов нет, они проверены обходом (depth <= 3)",2,False,1,0,25000.0,0.0,1,0,0.000300846444471043,0.0,-0.0,0.0001427673,0.0,25000.0,0.0,0,False,observed_sink,1.0,,,1,1,False,False,False,0.0,0,1877,False
100000007382543100,transit,0.6,28,0.5983,отдал 427 тыс. KZT на 5 получателей при поступлениях 218 тыс. KZT: 209 тыс. KZT пришло вне выборки (собраны только исходящие); удержания нет,"R3b.transit: pass_through > 1.2 — отдал больше, чем получил по данным, приток извне выборки",2,False,3,5,218000.0,427000.0,3,8,0.0011904909010560423,0.0002444770806890915,0.0,3.7e-09,1.9587155963302751,0.0,209000.0,0,False,observed_forwarder,0.0,3.0,0.234192037470726,1,1,False,False,False,0.0,13,1877,True
100000007749092100,transit,0.6,3,0.3721,отдал 70 тыс. KZT на 1 получателя при поступлениях 8 тыс. KZT: 63 тыс. KZT пришло вне выборки (собраны только исходящие); удержания нет,"R3b.transit: pass_through > 1.2 — отдал больше, чем получил по данным, приток извне выборки",2,False,1,1,7650.0,70375.0,1,5,0.0018044164784854798,0.0,0.0001266671,0.0,9.199346405228757,0.0,62725.0,0,False,observed_forwarder,0.0,,,1,1,False,False,False,0.0,1,1877,False
100000004221668100,transit,0.697,27,0.8027,"пропускает 65% полученного: вход 1.1 млн KZT от 4, выход 731 тыс. KZT на 3, деньги лежат 2 дн. | сквозной транзит за 2 дн. (98% суммы)",R3d.transit: >=60% исходящих в пределах 2 суток после поступления,2,False,4,3,1128300.0,731440.0,8,10,0.0030901749053247243,4.5573775819030105e-06,0.0,2.96647e-05,0.6482673047948241,396860.0,0.0,0,False,observed_forwarder,0.0,1.5,0.9841408727988625,1,1,True,False,False,0.9841408727988625,4,1877,True
100000008174521100,terminal,0.9,3,0.4041,"получил 82 тыс. KZT, 1 перевод от 1 плательщика; исходящих переводов 0, они проверены обходом на колене 2","R4a.terminal: исходящих переводов нет, они проверены обходом (depth <= 3)",2,False,1,0,82110.0,0.0,1,0,0.0004405287548340963,0.0,-0.0,1.7908e-06,0.0,82110.0,0.0,0,False,observed_sink,1.0,,,1,1,False,False,False,0.0,0,1877,False
100000002692750100,peripheral,0.5,7,0.5291,"вход 113 тыс. KZT от 3, выход 77 тыс. KZT на 1, пропуск 68% — смешанный профиль: плательщиков меньше 4, получателей меньше 11, пропуск вне зон транзита и осаждения",R5.peripheral,2,False,3,1,112830.0,77000.0,3,8,0.0020142415855482925,1.981468513870874e-05,0.0,2.91882e-05,0.682442612780289,35830.0,0.0,0,False,observed_forwarder,0.0,5.0,0.15584415584415584,1,1,False,False,False,0.0,1,1877,True
100000002173070100,terminal,0.65,3,0.2812,"получил 30 тыс. KZT, 1 перевод от 1 плательщика; исходящих переводов 0, они проверены обходом на колене 2; сумма ниже медианы графа 50 тыс. KZT — мелкий получатель","R4a.terminal: исходящих переводов нет, они проверены обходом (depth <= 3)",2,False,1,0,30000.0,0.0,1,0,0.0002905382981663947,0.0,-0.0,4.0408e-06,0.0,30000.0,0.0,0,False,observed_sink,1.0,,,1,1,False,False,False,0.0,0,1877,False
100000005911352100,transit,0.6,38,0.4185,отдал 24 тыс. KZT на 3 получателей при поступлениях 15 тыс. KZT: 9 тыс. KZT пришло вне выборки (собраны только исходящие); удержания нет,"R3b.transit: pass_through > 1.2 — отдал больше, чем получил по данным, приток извне выборки",2,False,2,3,15000.0,24000.0,2,3,0.0005517344998567147,9.7488250882447e-05,0.0,0.0,1.6,0.0,9000.0,0,False,observed_forwarder,0.0,5.0,0.0,1,1,False,False,False,0.0,5,1877,True
100000003068941100,peripheral,0.5,1,0.6015,"вход 94 тыс. KZT от 3, выход 25 тыс. KZT на 1, пропуск 27% — смешанный профиль: плательщиков меньше 4, получателей меньше 11 | сквозной транзит за 1 дн. (100% суммы)",R5.peripheral,2,False,3,1,94000.0,25000.0,3,2,0.0003201743837350562,1.981468513870874e-05,0.0,0.0030414455,0.26595744680851063,69000.0,0.0,0,False,observed_forwarder,0.0,1.0,1.0,1,1,True,False,False,1.0,1,1877,True
100000001420847100,terminal,0.65,16,0.2594,"получил 20 тыс. KZT, 2 перевода от 1 плательщика; исходящих переводов 0, они проверены обходом на колене 2; сумма ниже медианы графа 50 тыс. KZT — мелкий получатель","R4a.terminal: исходящих переводов нет, они проверены обходом (depth <= 3)",2,False,1,0,20000.0,0.0,2,0,0.0003028257068772808,0.0,-0.0,0.0,0.0,20000.0,0.0,0,False,observed_sink,1.0,,,1,1,False,False,False,0.0,0,1877,False
100000005602999100,transit,0.6,33,0.348,отдал 16 тыс. KZT на 2 получателей при поступлениях 5 тыс. KZT: 11 тыс. KZT пришло вне выборки (собраны только исходящие); удержания нет | сквозной транзит за 2 дн. (69% суммы),"R3b.transit: pass_through > 1.2 — отдал больше, чем получил по данным, приток извне выборки",2,False,1,2,5000.0,16000.0,1,3,0.0003048459777394537,4.200713249406253e-05,5.35407e-05,0.0,3.2,0.0,11000.0,0,False,observed_forwarder,0.0,2.0,0.6875,1,1,True,False,False,0.6875,9,1877,True
100000000723383100,transit,0.6,21,0.3962,отдал 75 тыс. KZT на 2 получателей при поступлениях 7 тыс. KZT: 68 тыс. KZT пришло вне выборки (собраны только исходящие); удержания нет,"R3b.transit: pass_through > 1.2 — отдал больше, чем получил по данным, приток извне выборки",2,False,1,2,6800.0,75000.0,1,2,0.00038931955491752166,0.0002389651027728274,0.0,1.421e-07,11.029411764705882,0.0,68200.0,0,False,observed_forwarder,0.0,,,1,1,False,False,False,0.0,14,1877,True
100000006977207100,distributor,0.682,19,0.5233,"веер на 15 получателей, 15 переводов на 4.2 млн KZT; отдал на 3.7 млн KZT больше, чем получил в выборке",R1.distributor: out_deg >= 11,2,False,1,15,414000.0,4157018.0,1,15,0.0003478854757097009,3.277348921942426e-05,0.0042584626,6.21186e-05,10.041106280193237,0.0,3743018.0,0,False,observed_forwarder,0.0,,,1,1,False,False,False,0.0,94,1877,True
100000001273783100,terminal,0.65,9,0.2651,"получил 23 тыс. KZT, 1 перевод от 1 плательщика; исходящих переводов 0, они проверены обходом на колене 2; сумма ниже медианы графа 50 тыс. KZT — мелкий получатель","R4a.terminal: исходящих переводов нет, они проверены обходом (depth <= 3)",2,False,1,0,23200.0,0.0,1,0,0.0002966231104571254,0.0,-0.0,2.32281e-05,0.0,23200.0,0.0,0,False,observed_sink,1.0,,,1,1,False,False,False,0.0,0,1877,False
100000000201868100,transit,1.0,3,0.5368,"пропускает 100% полученного: вход 190 тыс. KZT от 1, выход 190 тыс. KZT на 1, деньги лежат 1 дн. | сквозной транзит за 1 дн. (100% суммы)","R3a.transit: pass_through в [0.8, 1.2] — прошло почти всё полученное",2,False,1,1,190000.0,190000.0,1,1,0.0009746432509228572,0.0,0.0001320713,0.0,1.0,0.0,0.0,0,False,observed_forwarder,0.0,1.0,1.0,1,1,True,False,False,1.0,3,1877,False
100000007777377100,terminal,0.85,3,0.6469,"из 456 тыс. KZT дальше ушло только 2% (10 тыс. KZT на 2 получателей), осело 446 тыс. KZT — сумма остановилась здесь | сквозной транзит за 0 дн. (100% суммы)",R4b.terminal: дальше уходит не более 26% полученного — сумма осела,2,False,1,2,456290.0,10000.0,7,2,0.0003611461879485195,0.00013592874005154197,0.0,4.0408e-06,0.021915886826360427,446290.0,0.0,0,False,observed_forwarder,0.0,0.0,1.0,1,1,True,False,False,1.0,7,1877,False
100000004192865100,terminal,0.9,29,0.3999,"получил 67 тыс. KZT, 1 перевод от 1 плательщика; исходящих переводов 0, они проверены обходом на колене 2","R4a.terminal: исходящих переводов нет, они проверены обходом (depth <= 3)",2,False,1,0,66666.0,0.0,1,0,0.0005558092873800465,0.0,-0.0,0.0,0.0,66666.0,0.0,0,False,observed_sink,1.0,,,1,1,False,False,False,0.0,0,13,False
100000006901046100,terminal,0.85,3,0.5206,"из 76 тыс. KZT дальше ушло только 7% (6 тыс. KZT на 1 получателя), осело 70 тыс. KZT — сумма остановилась здесь | сквозной транзит за 1 дн. (100% суммы)",R4b.terminal: дальше уходит не более 26% полученного — сумма осела,2,False,1,1,75800.0,5500.0,3,1,0.0029998776847224907,0.0,0.0001371676,0.0,0.07255936675461741,70300.0,0.0,0,False,observed_forwarder,0.0,1.0,1.0,1,2,True,False,False,1.0,1,1877,False
100000000437046100,coordinator,0.9,1,0.8209,получает 1.1 млн KZT (топ-5% графа) от 9 плательщиков; 3 из них сами собирают от 4+ плательщиков; отдаёт дальше 687% | 3 плательщика в один день; сквозной транзит за 0 дн. (87% суммы),"R6.coordinator: >= 2 плательщиков-сборщиков (in_deg >= 4) либо >= 2 seed-плательщиков, при in_kzt в топ-5% (614 тыс. KZT) и не seed",2,False,9,42,1107200.0,7606224.0,20,73,0.0007924860106097857,0.00219714849479704,0.0607395485,0.0004776194,6.86978323699422,0.0,6499024.0,0,False,observed_forwarder,0.0,0.0,0.8674551262229458,3,2,True,True,False,1.0,1595,1877,True
100000008765494100,terminal,0.65,0,0.2653,"получил 24 тыс. KZT, 1 перевод от 1 плательщика; исходящих переводов 0, они проверены обходом на колене 2; сумма ниже медианы графа 50 тыс. KZT — мелкий получатель","R4a.terminal: исходящих переводов нет, они проверены обходом (depth <= 3)",2,False,1,0,24000.0,0.0,1,0,0.0002937205896716869,0.0,-0.0,0.0,0.0,24000.0,0.0,0,False,observed_sink,1.0,,,1,1,False,False,False,0.0,0,270,False
100000008713270100,transit,0.6,7,0.477,отдал 190 тыс. KZT на 3 получателей при поступлениях 30 тыс. KZT: 160 тыс. KZT пришло вне выборки (собраны только исходящие); удержания нет | сквозной транзит за 2 дн. (79% суммы),"R3b.transit: pass_through > 1.2 — отдал больше, чем получил по данным, приток извне выборки",2,False,1,3,30000.0,190000.0,1,3,0.0002912552172830988,1.1888811083225246e-06,0.0,2.87214e-05,6.333333333333333,0.0,160000.0,0,False,observed_forwarder,0.0,2.0,0.7894736842105263,1,1,True,False,False,0.7894736842105263,3,1877,True
100000003603979100,terminal,0.9,24,0.4609,"получил 165 тыс. KZT, 3 перевода от 1 плательщика; исходящих переводов 0, они проверены обходом на колене 2","R4a.terminal: исходящих переводов нет, они проверены обходом (depth <= 3)",2,False,1,0,165000.0,0.0,3,0,0.0005856463349534333,0.0,-0.0,0.0,0.0,165000.0,0.0,0,False,observed_sink,1.0,,,1,1,False,False,False,0.0,0,17,False
100000000943371100,terminal,0.65,10,0.2397,"получил 16 тыс. KZT, 1 перевод от 1 плательщика; исходящих переводов 0, они проверены обходом на колене 2; сумма ниже медианы графа 50 тыс. KZT — мелкий получатель","R4a.terminal: исходящих переводов нет, они проверены обходом (depth <= 3)",2,False,1,0,15500.0,0.0,1,0,0.0003059751638440235,0.0,-0.0,4.88e-08,0.0,15500.0,0.0,0,False,observed_sink,1.0,,,1,1,False,False,False,0.0,0,1877,False
100000008672480100,terminal,0.65,0,0.2081,"получил 13 тыс. KZT, 1 перевод от 1 плательщика; исходящих переводов 0, они проверены обходом на колене 2; сумма ниже медианы графа 50 тыс. KZT — мелкий получатель","R4a.terminal: исходящих переводов нет, они проверены обходом (depth <= 3)",2,False,1,0,13000.0,0.0,1,0,0.0002899845792550884,0.0,-0.0,0.0,0.0,13000.0,0.0,0,False,observed_sink,1.0,,,1,1,False,False,False,0.0,0,270,False
100000008691168100,terminal,0.65,0,0.2653,"получил 24 тыс. KZT, 1 перевод от 1 плательщика; исходящих переводов 0, они проверены обходом на колене 2; сумма ниже медианы графа 50 тыс. KZT — мелкий получатель","R4a.terminal: исходящих переводов нет, они проверены обходом (depth <= 3)",2,False,1,0,24000.0,0.0,1,0,0.0002937205896716869,0.0,-0.0,0.0,0.0,24000.0,0.0,0,False,observed_sink,1.0,,,1,1,False,False,False,0.0,0,270,False
100000003237045100,peripheral,0.5,3,0.5046,"вход 340 тыс. KZT от 1, выход 150 тыс. KZT на 1, пропуск 44% — смешанный профиль: плательщиков меньше 4, получателей меньше 11, пропуск вне зон транзита и осаждения",R5.peripheral,2,False,1,1,340200.0,150000.0,2,1,0.0003941344320653889,0.0,0.0001266671,1.88e-07,0.4409171075837742,190200.0,0.0,0,False,observed_forwarder,0.0,,,1,2,False,False,False,0.5,1595,1877,False
100000008736394100,terminal,0.65,0,0.2257,"получил 16 тыс. KZT, 1 перевод от 1 плательщика; исходящих переводов 0, они проверены обходом на колене 2; сумма ниже медианы графа 50 тыс. KZT — мелкий получатель","R4a.terminal: исходящих переводов нет, они проверены обходом (depth <= 3)",2,False,1,0,16000.0,0.0,1,0,0.000291003491186888,0.0,-0.0,0.0,0.0,16000.0,0.0,0,False,observed_sink,1.0,,,1,1,False,False,False,0.0,0,270,False
100000004160650100,transit,0.6,24,0.6625,отдал 1.5 млн KZT на 10 получателей при поступлениях 75 тыс. KZT: 1.4 млн KZT пришло вне выборки (собраны только исходящие); удержания нет | сквозной транзит за 1 дн. (82% суммы),"R3b.transit: pass_through > 1.2 — отдал больше, чем получил по данным, приток извне выборки",2,False,2,10,75100.0,1489827.0,4,40,0.00036922766671020936,5.34996498745136e-06,0.0,0.0,19.83790945406125,0.0,1414727.0,0,False,observed_forwarder,0.0,1.0,0.8165223210480143,1,1,True,False,False,0.8165223210480143,16,17,True
100000000629812100,terminal,0.65,54,0.3469,"получил 22 тыс. KZT, 2 перевода от 2 плательщиков; исходящих переводов 0, они проверены обходом на колене 2; сумма ниже медианы графа 50 тыс. KZT — мелкий получатель","R4a.terminal: исходящих переводов нет, они проверены обходом (depth <= 3)",2,False,2,0,22000.0,0.0,2,0,0.00029798400743920154,0.0,-0.0,4.0736e-06,0.0,22000.0,0.0,0,False,observed_sink,1.0,,,1,1,False,False,False,0.0,0,1877,False
100000000955444100,terminal,0.65,44,0.2147,"получил 7 тыс. KZT, 1 перевод от 1 плательщика; исходящих переводов 0, они проверены обходом на колене 2; сумма ниже медианы графа 50 тыс. KZT — мелкий получатель","R4a.terminal: исходящих переводов нет, они проверены обходом (depth <= 3)",2,False,1,0,6910.0,0.0,1,0,0.0003525283441776951,0.0,-0.0,0.0,0.0,6910.0,0.0,0,False,observed_sink,1.0,,,1,1,False,False,False,0.0,0,6,False
100000008731444100,transit,0.6,5,0.6659,отдал 880 тыс. KZT на 9 получателей при поступлениях 439 тыс. KZT: 441 тыс. KZT пришло вне выборки (собраны только исходящие); удержания нет | сквозной транзит за 0 дн. (70% суммы),"R3b.transit: pass_through > 1.2 — отдал больше, чем получил по данным, приток извне выборки",2,False,3,9,439000.0,879767.8,5,9,0.0003533618851938035,0.0001241168559002798,0.0086421334,0.0002137844,2.0040268792710707,0.0,440767.80000000005,0,False,observed_forwarder,0.0,0.0,0.6956014984863051,1,1,True,False,False,0.6956014984863051,142,1877,True
100000008413748100,distributor,0.818,15,0.6681,"веер на 18 получателей, 21 перевод на 1.4 млн KZT; отдал на 1.4 млн KZT больше, чем получил в выборке",R1.distributor: out_deg >= 11,2,False,2,18,26480.0,1377320.22,2,21,0.00039089149206356826,0.0006247167830790698,0.0250001809,2.04621e-05,52.01360347432024,0.0,1350840.22,0,False,observed_forwarder,0.0,1.0,0.33280925767574954,2,1,False,False,False,0.5,1595,1877,True
100000006787636100,terminal,0.65,3,0.276,"получил 20 тыс. KZT, 1 перевод от 1 плательщика; исходящих переводов 0, они проверены обходом на колене 2; сумма ниже медианы графа 50 тыс. KZT — мелкий получатель","R4a.terminal: исходящих переводов нет, они проверены обходом (depth <= 3)",2,False,1,0,20000.0,0.0,1,0,0.00035810339492313935,0.0,-0.0,0.0,0.0,20000.0,0.0,0,False,observed_sink,1.0,,,1,1,False,False,False,0.0,0,1877,False
100000005942793100,consolidator,0.6,1,0.5747,"сходятся 4 плательщика на 0 получателей; получено 55 тыс. KZT, отдано дальше 0%, осело 55 тыс. KZT","R2.consolidator: in_deg >= 4 и out_deg <= max(2, in_deg/2)",2,False,4,0,55000.0,0.0,4,0,0.00033223226815400065,0.0,-0.0,0.0002833515,0.0,55000.0,0.0,0,False,observed_sink,1.0,,,2,1,False,False,False,0.5,0,1877,False
100000008730846100,consolidator,0.875,9,0.7465,"сходятся 7 плательщиков на 3 получателей; получено 155 тыс. KZT, отдано дальше 234%, осело 0 KZT | 4 плательщика в один день; сквозной транзит за 0 дн. (100% суммы)","R2.consolidator: in_deg >= 4 и out_deg <= max(2, in_deg/2)",2,False,7,3,155042.0,363370.0,11,4,0.0005360575471707999,0.0001409126051421448,0.0021665665,0.0002490763,2.343687516930896,0.0,208328.0,0,False,observed_forwarder,0.0,0.0,1.0,4,2,True,True,True,1.0,12,1877,True
100000002570206100,terminal,0.9,15,0.5207,"получил 167 тыс. KZT, 2 перевода от 2 плательщиков; исходящих переводов 0, они проверены обходом на колене 2","R4a.terminal: исходящих переводов нет, они проверены обходом (depth <= 3)",2,False,2,0,166959.6,0.0,2,0,0.00031851046572736367,0.0,-0.0,0.0005280204,0.0,166959.6,0.0,0,False,observed_sink,1.0,,,1,1,False,False,False,0.0,0,1877,False
100000000785800100,transit,1.0,55,0.379,"пропускает 100% полученного: вход 19 тыс. KZT от 1, выход 19 тыс. KZT на 1, деньги лежат 0 дн. | сквозной транзит за 0 дн. (100% суммы)","R3a.transit: pass_through в [0.8, 1.2] — прошло почти всё полученное",2,False,1,1,19000.0,19000.0,1,1,0.00035669797856313927,0.0,0.0,0.0,1.0,0.0,0.0,0,False,observed_forwarder,0.0,0.0,1.0,1,1,True,False,False,1.0,3,4,False
100000007382152100,terminal,0.65,1,0.1671,"получил 6 тыс. KZT, 1 перевод от 1 плательщика; исходящих переводов 0, они проверены обходом на колене 2; сумма ниже медианы графа 50 тыс. KZT — мелкий получатель","R4a.terminal: исходящих переводов нет, они проверены обходом (depth <= 3)",2,False,1,0,5860.0,0.0,1,0,0.0002864808806193,0.0,-0.0,5.17213e-05,0.0,5860.0,0.0,0,False,observed_sink,1.0,,,1,1,False,False,False,0.0,0,1877,False
100000000910216100,peripheral,0.5,2,0.3679,"вход 71 тыс. KZT от 1, выход 52 тыс. KZT на 1, пропуск 73% — смешанный профиль: плательщиков меньше 4, получателей меньше 11, пропуск вне зон транзита и осаждения",R5.peripheral,2,False,1,1,71000.0,52010.0,3,1,0.0003232395491094316,0.0004801618458481234,1.6371e-06,0.0001594807,0.7325352112676057,18990.0,0.0,0,False,observed_forwarder,0.0,6.0,0.0,1,1,False,False,False,0.0,335,1877,False
100000003131016100,peripheral,0.5,1,0.5371,"вход 406 тыс. KZT от 1, выход 126 тыс. KZT на 1, пропуск 31% — смешанный профиль: плательщиков меньше 4, получателей меньше 11, пропуск вне зон транзита и осаждения",R5.peripheral,2,False,1,1,405700.0,126000.0,7,4,0.0016774572234080564,0.0,0.0033463293,0.0,0.31057431599704216,279700.0,0.0,0,False,observed_forwarder,0.0,2.0,0.3253968253968254,1,2,False,False,False,0.5,1595,1877,False
100000003221384100,terminal,0.9,14,0.5145,"получил 511 тыс. KZT, 1 перевод от 1 плательщика; исходящих переводов 0, они проверены обходом на колене 2","R4a.terminal: исходящих переводов нет, они проверены обходом (depth <= 3)",2,False,1,0,511200.0,0.0,1,0,0.0004482029353149161,0.0,-0.0,3.56763e-05,0.0,511200.0,0.0,0,False,observed_sink,1.0,,,1,1,False,False,False,0.0,0,1877,False
100000002156381100,peripheral,0.5,33,0.5363,"вход 61 тыс. KZT от 2, выход 22 тыс. KZT на 1, пропуск 36% — смешанный профиль: плательщиков меньше 4, получателей меньше 11 | дробление: 7 поступлений по 9 тыс. в среднем",R5.peripheral,2,False,2,1,61000.0,21800.0,7,3,0.0010807758307164056,4.240342619683671e-05,0.0,0.0,0.35737704918032787,39200.0,0.0,0,False,observed_forwarder,0.0,1.0,0.22935779816513763,2,2,False,False,True,0.5,2,1877,True
100000002779485100,terminal,0.9,5,0.4187,"получил 91 тыс. KZT, 2 перевода от 1 плательщика; исходящих переводов 0, они проверены обходом на колене 2","R4a.terminal: исходящих переводов нет, они проверены обходом (depth <= 3)",2,False,1,0,91000.0,0.0,2,0,0.0005469132844919454,0.0,-0.0,0.0,0.0,91000.0,0.0,0,False,observed_sink,1.0,,,1,1,False,False,False,0.0,0,1877,False
100000008774237100,terminal,0.8,24,0.4466,"из 50 тыс. KZT дальше ушло только 20% (10 тыс. KZT на 1 получателя), осело 40 тыс. KZT — сумма остановилась здесь | сквозной транзит за 1 дн. (100% суммы)",R4b.terminal: дальше уходит не более 26% полученного — сумма осела,2,False,1,1,50000.0,10000.0,1,1,0.00031034904672860115,0.0,0.0,0.0,0.2,40000.0,0.0,0,False,observed_forwarder,0.0,1.0,1.0,1,1,True,False,False,1.0,1,17,False
100000002628146100,terminal,0.65,32,0.362,"получил 30 тыс. KZT, 2 перевода от 1 плательщика; исходящих переводов 0, они проверены обходом на колене 2; сумма ниже медианы графа 50 тыс. KZT — мелкий получатель","R4a.terminal: исходящих переводов нет, они проверены обходом (depth <= 3)",2,False,1,0,30500.0,0.0,2,0,0.0003192156684704553,0.0,-0.0,0.0,0.0,30500.0,0.0,0,False,observed_sink,1.0,,,1,2,False,False,False,0.5,0,1877,False
100000002852402100,terminal,0.9,14,0.3666,"получил 55 тыс. KZT, 1 перевод от 1 плательщика; исходящих переводов 0, они проверены обходом на колене 2","R4a.terminal: исходящих переводов нет, они проверены обходом (depth <= 3)",2,False,1,0,55000.0,0.0,1,0,0.00032701738322827813,0.0,-0.0,0.0,0.0,55000.0,0.0,0,False,observed_sink,1.0,,,1,1,False,False,False,0.0,0,1877,False
100000006989106100,terminal,0.9,7,0.3908,"получил 64 тыс. KZT, 2 перевода от 1 плательщика; исходящих переводов 0, они проверены обходом на колене 2","R4a.terminal: исходящих переводов нет, они проверены обходом (depth <= 3)",2,False,1,0,64000.0,0.0,2,0,0.0004956408524122065,0.0,-0.0,0.0,0.0,64000.0,0.0,0,False,observed_sink,1.0,,,1,1,False,False,False,0.0,0,1877,False
100000002958343100,peripheral,0.5,7,0.5525,"вход 2.9 млн KZT от 1, выход 1.4 млн KZT на 2, пропуск 48% — смешанный профиль: плательщиков меньше 4, получателей меньше 11, пропуск вне зон транзита и осаждения",R5.peripheral,2,False,1,2,2900000.0,1390000.0,4,17,0.0006295066258876736,3.962937027741748e-07,1.8776e-06,0.0,0.4793103448275862,1510000.0,0.0,0,False,observed_forwarder,0.0,9.0,0.1079136690647482,1,1,False,False,False,0.0,4,1877,True
100000008461532100,transit,0.6,26,0.7188,отдал 2.5 млн KZT на 8 получателей при поступлениях 565 тыс. KZT: 2 млн KZT пришло вне выборки (собраны только исходящие); удержания нет | сквозной транзит за 0 дн. (100% суммы),"R3b.transit: pass_through > 1.2 — отдал больше, чем получил по данным, приток извне выборки",2,False,2,8,565300.0,2530090.0,2,9,0.0007452506208527052,0.00027126303954892267,0.0,5.0048e-06,4.475658942154608,0.0,1964790.0,0,False,observed_forwarder,0.0,0.0,0.9954033255733986,1,1,True,False,False,0.9954033255733986,14,1877,True
100000004400305100,distributor,1.0,1,0.7424,"веер на 82 получателей, 101 перевод на 5.8 млн KZT; отдал на 5.6 млн KZT больше, чем получил в выборке | сквозной транзит за 1 дн. (79% суммы)",R1.distributor: out_deg >= 11,2,False,7,82,222800.0,5830181.0,9,101,0.0003858174534932498,0.002609149922720263,0.1559235546,0.0003913619,26.167778276481148,0.0,5607381.0,0,False,observed_forwarder,0.0,1.0,0.7857224329742079,2,2,True,False,False,0.7857224329742079,1595,1877,True
100000000297649100,transit,0.6,11,0.3685,отдал 71 тыс. KZT на 1 получателя при поступлениях 40 тыс. KZT: 31 тыс. KZT пришло вне выборки (собраны только исходящие); удержания нет,"R3b.transit: pass_through > 1.2 — отдал больше, чем получил по данным, приток извне выборки",2,False,1,1,40000.0,70600.0,1,2,0.0008091385858414682,0.0,5.41411e-05,0.0,1.765,0.0,30600.0,0,False,observed_forwarder,0.0,8.0,0.0,1,1,False,False,False,0.0,6,1877,False
100000003191430100,terminal,0.9,3,0.4601,"получил 180 тыс. KZT, 1 перевод от 1 плательщика; исходящих переводов 0, они проверены обходом на колене 2","R4a.terminal: исходящих переводов нет, они проверены обходом (depth <= 3)",2,False,1,0,180000.0,0.0,1,0,0.0005307375952815085,0.0,-0.0,0.0,0.0,180000.0,0.0,0,False,observed_sink,1.0,,,1,1,False,False,False,0.0,0,1877,False
100000003275398100,terminal,0.85,24,0.4862,"из 300 тыс. KZT дальше ушло только 7% (20 тыс. KZT на 1 получателя), осело 280 тыс. KZT — сумма остановилась здесь",R4b.terminal: дальше уходит не более 26% полученного — сумма осела,2,False,1,1,300000.0,20000.0,1,1,0.0004342478092851559,0.0,0.0,0.0,0.06666666666666667,280000.0,0.0,0,False,observed_forwarder,0.0,,,1,1,False,False,False,0.0,2,17,False
100000005203590100,terminal,0.9,7,0.3863,"получил 90 тыс. KZT, 1 перевод от 1 плательщика; исходящих переводов 0, они проверены обходом на колене 2","R4a.terminal: исходящих переводов нет, они проверены обходом (depth <= 3)",2,False,1,0,90000.0,0.0,1,0,0.00030262706341471605,0.0,-0.0,2.87214e-05,0.0,90000.0,0.0,0,False,observed_sink,1.0,,,1,1,False,False,False,0.0,0,1877,False
100000008672603100,terminal,0.65,2,0.261,"получил 21 тыс. KZT, 1 перевод от 1 плательщика; исходящих переводов 0, они проверены обходом на колене 2; сумма ниже медианы графа 50 тыс. KZT — мелкий получатель","R4a.terminal: исходящих переводов нет, они проверены обходом (depth <= 3)",2,False,1,0,21200.0,0.0,1,0,0.00029721303813419714,0.0,-0.0,0.0,0.0,21200.0,0.0,0,False,observed_sink,1.0,,,1,1,False,False,False,0.0,0,1877,False
100000000718427100,terminal,0.65,0,0.1705,"получил 6 тыс. KZT, 1 перевод от 1 плательщика; исходящих переводов 0, они проверены обходом на колене 2; сумма ниже медианы графа 50 тыс. KZT — мелкий получатель","R4a.terminal: исходящих переводов нет, они проверены обходом (depth <= 3)",2,False,1,0,6000.0,0.0,1,0,0.00028760711808088936,0.0,-0.0,0.0,0.0,6000.0,0.0,0,False,observed_sink,1.0,,,1,1,False,False,False,0.0,0,270,False
100000003104347100,terminal,0.85,22,0.5277,"из 418 тыс. KZT дальше ушло только 8% (32 тыс. KZT на 1 получателя), осело 386 тыс. KZT — сумма остановилась здесь",R4b.terminal: дальше уходит не более 26% полученного — сумма осела,2,False,1,1,418000.0,32000.0,1,1,0.00036431706006781543,1.922024458454748e-05,0.0,9.19076e-05,0.07655502392344497,386000.0,0.0,0,False,observed_forwarder,0.0,21.0,0.0,1,1,False,False,False,0.0,1,1877,True
100000002974256100,terminal,0.65,11,0.2294,"получил 7 тыс. KZT, 1 перевод от 1 плательщика; исходящих переводов 0, они проверены обходом на колене 2; сумма ниже медианы графа 50 тыс. KZT — мелкий получатель","R4a.terminal: исходящих переводов нет, они проверены обходом (depth <= 3)",2,False,1,0,7200.0,0.0,1,0,0.0005319059485796723,0.0,-0.0,0.0,0.0,7200.0,0.0,0,False,observed_sink,1.0,,,1,1,False,False,False,0.0,0,1877,False
100000007173936100,terminal,0.65,30,0.1853,"получил 10 тыс. KZT, 1 перевод от 1 плательщика; исходящих переводов 0, они проверены обходом на колене 2; сумма ниже медианы графа 50 тыс. KZT — мелкий получатель","R4a.terminal: исходящих переводов нет, они проверены обходом (depth <= 3)",2,False,1,0,10000.0,0.0,1,0,0.00028681863055512584,0.0,-0.0,3.877e-07,0.0,10000.0,0.0,0,False,observed_sink,1.0,,,1,1,False,False,False,0.0,0,1877,False
100000002744581100,terminal,0.65,7,0.2326,"получил 12 тыс. KZT, 1 перевод от 1 плательщика; исходящих переводов 0, они проверены обходом на колене 2; сумма ниже медианы графа 50 тыс. KZT — мелкий получатель","R4a.terminal: исходящих переводов нет, они проверены обходом (depth <= 3)",2,False,1,0,12000.0,0.0,1,0,0.000324957711378837,0.0,-0.0,0.0,0.0,12000.0,0.0,0,False,observed_sink,1.0,,,1,1,False,False,False,0.0,0,1877,False
100000000596954100,peripheral,0.5,2,0.5401,"вход 120 тыс. KZT от 1, выход 48 тыс. KZT на 2, пропуск 40% — смешанный профиль: плательщиков меньше 4, получателей меньше 11 | сквозной транзит за 2 дн. (100% суммы)",R5.peripheral,2,False,1,2,120000.0,48100.0,1,2,0.0005156144546495886,4.834783173844933e-05,0.0,0.0,0.4008333333333333,71900.0,0.0,0,False,observed_forwarder,0.0,2.0,1.0,1,1,True,False,False,1.0,2,1877,True
100000004950490100,terminal,0.65,7,0.2244,"получил 10 тыс. KZT, 1 перевод от 1 плательщика; исходящих переводов 0, они проверены обходом на колене 2; сумма ниже медианы графа 50 тыс. KZT — мелкий получатель","R4a.terminal: исходящих переводов нет, они проверены обходом (depth <= 3)",2,False,1,0,10000.0,0.0,1,0,0.00033064166313549905,0.0,-0.0,0.0,0.0,10000.0,0.0,0,False,observed_sink,1.0,,,1,1,False,False,False,0.0,0,1877,False
100000008772058100,terminal,0.9,0,0.3444,"получил 50 тыс. KZT, 1 перевод от 1 плательщика; исходящих переводов 0, они проверены обходом на колене 2","R4a.terminal: исходящих переводов нет, они проверены обходом (depth <= 3)",2,False,1,0,50000.0,0.0,1,0,0.00030255115974728324,0.0,-0.0,0.0,0.0,50000.0,0.0,0,False,observed_sink,1.0,,,1,1,False,False,False,0.0,0,270,False
100000000971908100,terminal,0.9,7,0.3849,"получил 89 тыс. KZT, 1 перевод от 1 плательщика; исходящих переводов 0, они проверены обходом на колене 2","R4a.terminal: исходящих переводов нет, они проверены обходом (depth <= 3)",2,False,1,0,89000.0,0.0,1,0,0.00030243753264585577,0.0,-0.0,2.87214e-05,0.0,89000.0,0.0,0,False,observed_sink,1.0,,,1,1,False,False,False,0.0,0,1877,False
100000008687492100,terminal,0.65,0,0.2181,"получил 15 тыс. KZT, 1 перевод от 1 плательщика; исходящих переводов 0, они проверены обходом на колене 2; сумма ниже медианы графа 50 тыс. KZT — мелкий получатель","R4a.terminal: исходящих переводов нет, они проверены обходом (depth <= 3)",2,False,1,0,15000.0,0.0,1,0,0.0002906638538762881,0.0,-0.0,0.0,0.0,15000.0,0.0,0,False,observed_sink,1.0,,,1,1,False,False,False,0.0,0,270,False
100000003159641100,consolidator,0.5,57,0.6629,"сходятся 4 плательщика на 1 получателя; получено 64 тыс. KZT, отдано дальше 309%, осело 0 KZT | сквозной транзит за 2 дн. (100% суммы); дробление: 7 поступлений по 9 тыс. в среднем","R2.consolidator: in_deg >= 4 и out_deg <= max(2, in_deg/2)",2,False,4,1,64000.0,197800.0,7,1,0.0003052153968344306,5.8849614861964964e-05,0.0,0.0014254346,3.090625,0.0,133800.0,0,False,observed_forwarder,0.0,2.0,1.0,1,2,True,False,True,1.0,3,1877,True
100000005326681100,terminal,0.65,14,0.2949,"получил 31 тыс. KZT, 1 перевод от 1 плательщика; исходящих переводов 0, они проверены обходом на колене 2; сумма ниже медианы графа 50 тыс. KZT — мелкий получатель","R4a.terminal: исходящих переводов нет, они проверены обходом (depth <= 3)",2,False,1,0,31228.0,0.0,1,0,0.0002955041990377062,0.0,-0.0,3.56763e-05,0.0,31228.0,0.0,0,False,observed_sink,1.0,,,1,1,False,False,False,0.0,0,1877,False
100000006888238100,transit,0.6,58,0.3404,отдал 30 тыс. KZT на 1 получателя при поступлениях 18 тыс. KZT: 12 тыс. KZT пришло вне выборки (собраны только исходящие); удержания нет,"R3b.transit: pass_through > 1.2 — отдал больше, чем получил по данным, приток извне выборки",2,False,1,1,18000.0,30000.0,1,1,0.0006097535591566906,3.962937027741748e-07,0.0,0.0,1.6666666666666667,0.0,12000.0,0,False,observed_forwarder,0.0,,,1,1,False,False,False,0.0,1,4,True
100000001290243100,terminal,0.65,3,0.2217,"получил 10 тыс. KZT, 1 перевод от 1 плательщика; исходящих переводов 0, они проверены обходом на колене 2; сумма ниже медианы графа 50 тыс. KZT — мелкий получатель","R4a.terminal: исходящих переводов нет, они проверены обходом (depth <= 3)",2,False,1,0,10000.0,0.0,1,0,0.0003199489735535746,0.0,-0.0,1.25965e-05,0.0,10000.0,0.0,0,False,observed_sink,1.0,,,1,1,False,False,False,0.0,0,1877,False
100000008289539100,terminal,0.65,14,0.2148,"получил 15 тыс. KZT, 1 перевод от 1 плательщика; исходящих переводов 0, они проверены обходом на колене 2; сумма ниже медианы графа 50 тыс. KZT — мелкий получатель","R4a.terminal: исходящих переводов нет, они проверены обходом (depth <= 3)",2,False,1,0,14912.0,0.0,1,0,0.0002903134116978219,0.0,-0.0,3.56763e-05,0.0,14912.0,0.0,0,False,observed_sink,1.0,,,1,1,False,False,False,0.0,0,1877,False
100000000821507100,terminal,0.9,30,0.4908,"получил 400 тыс. KZT, 1 перевод от 1 плательщика; исходящих переводов 0, они проверены обходом на колене 2","R4a.terminal: исходящих переводов нет, они проверены обходом (depth <= 3)",2,False,1,0,400000.0,0.0,1,0,0.0003355427477307156,0.0,-0.0,3.877e-07,0.0,400000.0,0.0,0,False,observed_sink,1.0,,,1,1,False,False,False,0.0,0,1877,False
100000003086040100,terminal,0.65,1,0.2494,"получил 10 тыс. KZT, 1 перевод от 1 плательщика; исходящих переводов 0, они проверены обходом на колене 2; сумма ниже медианы графа 50 тыс. KZT — мелкий получатель","R4a.terminal: исходящих переводов нет, они проверены обходом (depth <= 3)",2,False,1,0,10500.0,0.0,1,0,0.0005480623170204768,0.0,-0.0,5.181e-06,0.0,10500.0,0.0,0,False,observed_sink,1.0,,,1,1,False,False,False,0.0,0,1877,False
100000002969048100,terminal,0.9,7,0.4046,"получил 108 тыс. KZT, 1 перевод от 1 плательщика; исходящих переводов 0, они проверены обходом на колене 2","R4a.terminal: исходящих переводов нет, они проверены обходом (depth <= 3)",2,False,1,0,108470.0,0.0,1,0,0.00030612769671556556,0.0,-0.0,2.87214e-05,0.0,108470.0,0.0,0,False,observed_sink,1.0,,,1,1,False,False,False,0.0,0,1877,False
100000002826669100,terminal,0.9,1,0.45,"получил 160 тыс. KZT, 4 перевода от 1 плательщика; исходящих переводов 0, они проверены обходом на колене 2","R4a.terminal: исходящих переводов нет, они проверены обходом (depth <= 3)",2,False,1,0,159900.0,0.0,4,0,0.0004762394546257387,0.0,-0.0,3.53765e-05,0.0,159900.0,0.0,0,False,observed_sink,1.0,,,1,1,False,False,False,0.0,0,1877,False
100000002293421100,transit,0.634,1,0.5145,"пропускает 115% полученного: вход 41 тыс. KZT от 2, выход 47 тыс. KZT на 2, деньги лежат 0 дн.","R3a.transit: pass_through в [0.8, 1.2] — прошло почти всё полученное",2,False,2,2,41000.0,47000.0,6,5,0.0009748338691844273,1.9616538287321655e-05,0.0009381348,1.76262e-05,1.146341463414634,0.0,6000.0,0,False,observed_forwarder,0.0,0.0,0.3191489361702128,1,2,False,False,False,0.5,18,1877,True
100000004732589100,terminal,0.9,9,0.4666,"получил 228 тыс. KZT, 1 перевод от 1 плательщика; исходящих переводов 0, они проверены обходом на колене 2","R4a.terminal: исходящих переводов нет, они проверены обходом (depth <= 3)",2,False,1,0,227520.0,0.0,1,0,0.00039397292658312265,0.0,-0.0,2.32281e-05,0.0,227520.0,0.0,0,False,observed_sink,1.0,,,1,1,False,False,False,0.0,0,1877,False
100000003003821100,terminal,0.65,2,0.3421,"получил 40 тыс. KZT, 1 перевод от 1 плательщика; исходящих переводов 0, они проверены обходом на колене 2; сумма ниже медианы графа 50 тыс. KZT — мелкий получатель","R4a.terminal: исходящих переводов нет, они проверены обходом (depth <= 3)",2,False,1,0,40000.0,0.0,1,0,0.00043793729055400355,0.0,-0.0,0.0,0.0,40000.0,0.0,0,False,observed_sink,1.0,,,1,1,False,False,False,0.0,0,1877,False
100000005237935150,terminal,0.65,12,0.3032,"получил 35 тыс. KZT, 1 перевод от 1 плательщика; исходящих переводов 0, они проверены обходом на колене 2; сумма ниже медианы графа 50 тыс. KZT — мелкий получатель","R4a.terminal: исходящих переводов нет, они проверены обходом (depth <= 3)",2,False,1,0,34508.0,0.0,1,0,0.0002979773495560404,0.0,-0.0,4.09e-08,0.0,34508.0,0.0,0,False,observed_sink,1.0,,,1,1,False,False,False,0.0,0,1877,False
100000004463277100,terminal,0.65,29,0.346,"получил 35 тыс. KZT, 1 перевод от 1 плательщика; исходящих переводов 0, они проверены обходом на колене 2; сумма ниже медианы графа 50 тыс. KZT — мелкий получатель","R4a.terminal: исходящих переводов нет, они проверены обходом (depth <= 3)",2,False,1,0,35000.0,0.0,1,0,0.0006919245189792441,0.0,-0.0,0.0,0.0,35000.0,0.0,0,False,observed_sink,1.0,,,1,1,False,False,False,0.0,0,13,False
100000006523053100,terminal,0.65,2,0.2185,"получил 5 тыс. KZT, 1 перевод от 1 плательщика; исходящих переводов 0, они проверены обходом на колене 2; сумма ниже медианы графа 50 тыс. KZT — мелкий получатель","R4a.terminal: исходящих переводов нет, они проверены обходом (depth <= 3)",2,False,1,0,5000.0,0.0,1,0,0.0005386541417252811,0.0,-0.0,0.0,0.0,5000.0,0.0,0,False,observed_sink,1.0,,,1,1,False,False,False,0.0,0,1877,False
100000001954903100,terminal,0.65,9,0.2863,"получил 27 тыс. KZT, 1 перевод от 1 плательщика; исходящих переводов 0, они проверены обходом на колене 2; сумма ниже медианы графа 50 тыс. KZT — мелкий получатель","R4a.terminal: исходящих переводов нет, они проверены обходом (depth <= 3)",2,False,1,0,27118.0,0.0,1,0,0.00029848987132038724,0.0,-0.0,2.32281e-05,0.0,27118.0,0.0,0,False,observed_sink,1.0,,,1,1,False,False,False,0.0,0,1877,False
100000005328215100,terminal,0.65,9,0.2852,"получил 27 тыс. KZT, 1 перевод от 1 плательщика; исходящих переводов 0, они проверены обходом на колене 2; сумма ниже медианы графа 50 тыс. KZT — мелкий получатель","R4a.terminal: исходящих переводов нет, они проверены обходом (depth <= 3)",2,False,1,0,27000.0,0.0,1,0,0.000298433649323995,0.0,-0.0,2.32281e-05,0.0,27000.0,0.0,0,False,observed_sink,1.0,,,1,1,False,False,False,0.0,0,1877,False
100000004424023100,transit,0.6,7,0.4245,отдал 100 тыс. KZT на 1 получателя при поступлениях 50 тыс. KZT: 50 тыс. KZT пришло вне выборки (собраны только исходящие); удержания нет,"R3b.transit: pass_through > 1.2 — отдал больше, чем получил по данным, приток извне выборки",2,False,1,1,50000.0,100000.0,1,1,0.000971714391152958,2.0409125692870002e-05,0.0,0.0,2.0,0.0,50000.0,0,False,observed_forwarder,0.0,,,1,1,False,False,False,0.0,1,1877,True
100000002299948100,terminal,0.65,32,0.1867,"получил 7 тыс. KZT, 1 перевод от 1 плательщика; исходящих переводов 0, они проверены обходом на колене 2; сумма ниже медианы графа 50 тыс. KZT — мелкий получатель","R4a.terminal: исходящих переводов нет, они проверены обходом (depth <= 3)",2,False,1,0,6750.0,0.0,1,0,0.0002930156229454497,0.0,-0.0,0.0,0.0,6750.0,0.0,0,False,observed_sink,1.0,,,1,1,False,False,False,0.0,0,1877,False
100000005105153100,terminal,0.65,1,0.3191,"получил 30 тыс. KZT, 1 перевод от 1 плательщика; исходящих переводов 0, они проверены обходом на колене 2; сумма ниже медианы графа 50 тыс. KZT — мелкий получатель","R4a.terminal: исходящих переводов нет, они проверены обходом (depth <= 3)",2,False,1,0,30000.0,0.0,1,0,0.00040101696682756774,0.0,-0.0,0.0,0.0,30000.0,0.0,0,False,observed_sink,1.0,,,1,1,False,False,False,0.0,0,1877,False
100000001985793100,terminal,0.9,27,0.4979,"получил 420 тыс. KZT, 1 перевод от 1 плательщика; исходящих переводов 0, они проверены обходом на колене 2","R4a.terminal: исходящих переводов нет, они проверены обходом (depth <= 3)",2,False,1,0,420000.0,0.0,1,0,0.0003726610761384919,0.0,-0.0,4.283e-07,0.0,420000.0,0.0,0,False,observed_sink,1.0,,,1,1,False,False,False,0.0,0,1877,False
100000003134934100,consolidator,0.6,5,0.7046,"сходятся 4 плательщика на 0 получателей; получено 379 тыс. KZT, отдано дальше 0%, осело 379 тыс. KZT","R2.consolidator: in_deg >= 4 и out_deg <= max(2, in_deg/2)",2,False,4,0,379354.0,0.0,4,0,0.00042447911385230347,0.0,-0.0,0.0019927141,0.0,379354.0,0.0,0,False,observed_sink,1.0,,,2,1,False,False,False,0.5,0,1877,False
100000006240939100,transit,0.6,27,0.4728,отдал 778 тыс. KZT на 5 получателей при поступлениях 160 тыс. KZT: 618 тыс. KZT пришло вне выборки (собраны только исходящие); удержания нет,"R3b.transit: pass_through > 1.2 — отдал больше, чем получил по данным, приток извне выборки",2,False,1,5,160000.0,778015.0,1,5,0.00031874711590155753,4.161083879128836e-06,2.53654e-05,4.283e-07,4.86259375,0.0,618015.0,0,False,observed_forwarder,0.0,0.0,0.2120331870208158,1,1,False,False,False,0.0,13,1877,True
100000008656043100,terminal,0.65,0,0.2782,"получил 26 тыс. KZT, 1 перевод от 1 плательщика; исходящих переводов 0, они проверены обходом на колене 2; сумма ниже медианы графа 50 тыс. KZT — мелкий получатель","R4a.terminal: исходящих переводов нет, они проверены обходом (depth <= 3)",2,False,1,0,26200.0,0.0,1,0,0.0002944677917550065,0.0,-0.0,0.0,0.0,26200.0,0.0,0,False,observed_sink,1.0,,,1,1,False,False,False,0.0,0,270,False
100000002605184100,terminal,0.9,14,0.4365,"получил 140 тыс. KZT, 1 перевод от 1 плательщика; исходящих переводов 0, они проверены обходом на колене 2","R4a.terminal: исходящих переводов нет, они проверены обходом (depth <= 3)",2,False,1,0,140000.0,0.0,1,0,0.00039107352079071413,0.0,-0.0,0.0,0.0,140000.0,0.0,0,False,observed_sink,1.0,,,1,1,False,False,False,0.0,0,1877,False
100000003157333100,terminal,0.65,7,0.2829,"получил 30 тыс. KZT, 1 перевод от 1 плательщика; исходящих переводов 0, они проверены обходом на колене 2; сумма ниже медианы графа 50 тыс. KZT — мелкий получатель","R4a.terminal: исходящих переводов нет, они проверены обходом (depth <= 3)",2,False,1,0,30000.0,0.0,1,0,0.0002912552172830988,0.0,-0.0,2.87214e-05,0.0,30000.0,0.0,0,False,observed_sink,1.0,,,1,1,False,False,False,0.0,0,1877,False
100000007898453100,transit,0.6,2,0.4547,отдал 320 тыс. KZT на 2 получателей при поступлениях 25 тыс. KZT: 295 тыс. KZT пришло вне выборки (собраны только исходящие); удержания нет,"R3b.transit: pass_through > 1.2 — отдал больше, чем получил по данным, приток извне выборки",2,False,1,2,24750.0,320000.0,1,2,0.0003330161085564517,2.3975769017837576e-05,0.0001994489,0.0,12.929292929292929,0.0,295250.0,0,False,observed_forwarder,0.0,4.5,0.9375,1,1,False,False,False,0.0,5,1877,True
100000002710570100,terminal,0.9,31,0.4759,"получил 225 тыс. KZT, 1 перевод от 1 плательщика; исходящих переводов 0, они проверены обходом на колене 2","R4a.terminal: исходящих переводов нет, они проверены обходом (depth <= 3)",2,False,1,0,225015.0,0.0,1,0,0.0005391306175502192,0.0,-0.0,0.0,0.0,225015.0,0.0,0,False,observed_sink,1.0,,,1,1,False,False,False,0.0,0,1877,False
100000004979498100,peripheral,0.5,52,0.6111,"вход 700 тыс. KZT от 1, выход 200 тыс. KZT на 1, пропуск 29% — смешанный профиль: плательщиков меньше 4, получателей меньше 11 | сквозной транзит за 0 дн. (100% суммы)",R5.peripheral,2,False,1,1,700000.0,200000.0,2,1,0.001318982766627467,0.0,0.0,0.0,0.2857142857142857,500000.0,0.0,0,False,observed_forwarder,0.0,0.0,1.0,1,1,True,False,False,1.0,4,5,False
100000001541418100,terminal,0.9,8,0.4769,"получил 97 тыс. KZT, 2 перевода от 2 плательщиков; исходящих переводов 0, они проверены обходом на колене 2","R4a.terminal: исходящих переводов нет, они проверены обходом (depth <= 3)",2,False,2,0,96900.0,0.0,2,0,0.0003035306386081866,0.0,-0.0,2.49151e-05,0.0,96900.0,0.0,0,False,observed_sink,1.0,,,1,1,False,False,False,0.0,0,1877,False
100000007797290100,terminal,0.8,1,0.4214,"из 100 тыс. KZT дальше ушло только 20% (20 тыс. KZT на 1 получателя), осело 80 тыс. KZT — сумма остановилась здесь",R4b.terminal: дальше уходит не более 26% полученного — сумма осела,2,False,1,1,100000.0,20000.0,1,1,0.00030112537616284985,1.922024458454748e-05,0.0,5.17213e-05,0.2,80000.0,0.0,0,False,observed_forwarder,0.0,9.0,0.0,1,1,False,False,False,0.0,1,1877,True
100000008683818100,terminal,0.65,0,0.2329,"получил 17 тыс. KZT, 1 перевод от 1 плательщика; исходящих переводов 0, они проверены обходом на колене 2; сумма ниже медианы графа 50 тыс. KZT — мелкий получатель","R4a.terminal: исходящих переводов нет, они проверены обходом (depth <= 3)",2,False,1,0,17400.0,0.0,1,0,0.00029147898342172775,0.0,-0.0,0.0,0.0,17400.0,0.0,0,False,observed_sink,1.0,,,1,1,False,False,False,0.0,0,270,False
100000006567935100,terminal,0.9,30,0.4444,"получил 200 тыс. KZT, 1 перевод от 1 плательщика; исходящих переводов 0, они проверены обходом на колене 2","R4a.terminal: исходящих переводов нет, они проверены обходом (depth <= 3)",2,False,1,0,200000.0,0.0,1,0,0.0003105560209740029,0.0,-0.0,3.877e-07,0.0,200000.0,0.0,0,False,observed_sink,1.0,,,1,1,False,False,False,0.0,0,1877,False
100000002132479100,peripheral,0.5,13,0.2838,"вход 30 тыс. KZT от 1, выход 20 тыс. KZT на 1, пропуск 67% — смешанный профиль: плательщиков меньше 4, получателей меньше 11, пропуск вне зон транзита и осаждения",R5.peripheral,2,False,1,1,30000.0,20000.0,2,1,0.0006060232510344723,0.0,2.23023e-05,0.0,0.6666666666666666,10000.0,0.0,0,False,observed_forwarder,0.0,7.0,0.0,1,1,False,False,False,0.0,5,1877,False
100000002170580100,terminal,0.9,9,0.4374,"получил 150 тыс. KZT, 1 перевод от 1 плательщика; исходящих переводов 0, они проверены обходом на колене 2","R4a.terminal: исходящих переводов нет, они проверены обходом (depth <= 3)",2,False,1,0,150000.0,0.0,1,0,0.0003570379336989835,0.0,-0.0,2.32281e-05,0.0,150000.0,0.0,0,False,observed_sink,1.0,,,1,1,False,False,False,0.0,0,1877,False
100000001232297100,transit,0.6,10,0.2871,отдал 45 тыс. KZT на 2 получателей при поступлениях 5 тыс. KZT: 40 тыс. KZT пришло вне выборки (собраны только исходящие); удержания нет,"R3b.transit: pass_through > 1.2 — отдал больше, чем получил по данным, приток извне выборки",2,False,1,2,5000.0,45000.0,1,2,0.000292151832806559,0.0,0.000314195,4.88e-08,9.0,0.0,40000.0,0,False,observed_forwarder,0.0,3.0,0.0,1,1,False,False,False,0.0,9,1877,False
100000002028158100,terminal,0.65,14,0.3028,"получил 35 тыс. KZT, 1 перевод от 1 плательщика; исходящих переводов 0, они проверены обходом на колене 2; сумма ниже медианы графа 50 тыс. KZT — мелкий получатель","R4a.terminal: исходящих переводов нет, они проверены обходом (depth <= 3)",2,False,1,0,34800.0,0.0,1,0,0.00029664059842346663,0.0,-0.0,3.56763e-05,0.0,34800.0,0.0,0,False,observed_sink,1.0,,,1,1,False,False,False,0.0,0,1877,False
100000005519998100,transit,0.918,34,0.5643,"пропускает 103% полученного: вход 182 тыс. KZT от 3, выход 188 тыс. KZT на 3, деньги лежат 1 дн.","R3a.transit: pass_through в [0.8, 1.2] — прошло почти всё полученное",2,False,3,3,182000.0,188000.0,5,8,0.0006524582538824888,5.98403491189004e-05,0.0009458229,2.938e-07,1.032967032967033,0.0,6000.0,0,False,observed_forwarder,0.0,1.0,0.32978723404255317,1,1,False,False,False,0.0,23,1877,False
100000002335358100,terminal,0.9,3,0.4508,"получил 140 тыс. KZT, 2 перевода от 1 плательщика; исходящих переводов 0, они проверены обходом на колене 2","R4a.terminal: исходящих переводов нет, они проверены обходом (depth <= 3)",2,False,1,0,140000.0,0.0,2,0,0.0006124866171005871,0.0,-0.0,0.0,0.0,140000.0,0.0,0,False,observed_sink,1.0,,,1,1,False,False,False,0.0,0,1877,False
100000007289427100,terminal,0.65,2,0.2421,"получил 12 тыс. KZT, 1 перевод от 1 плательщика; исходящих переводов 0, они проверены обходом на колене 2; сумма ниже медианы графа 50 тыс. KZT — мелкий получатель","R4a.terminal: исходящих переводов нет, они проверены обходом (depth <= 3)",2,False,1,0,12300.0,0.0,1,0,0.0003736269529532959,0.0,-0.0,0.0,0.0,12300.0,0.0,0,False,observed_sink,1.0,,,1,1,False,False,False,0.0,0,1877,False
100000004592467100,terminal,0.65,2,0.1721,"получил 7 тыс. KZT, 1 перевод от 1 плательщика; исходящих переводов 0, они проверены обходом на колене 2; сумма ниже медианы графа 50 тыс. KZT — мелкий получатель","R4a.terminal: исходящих переводов нет, они проверены обходом (depth <= 3)",2,False,1,0,7000.0,0.0,1,0,0.0002866229494599155,0.0,-0.0,6.21186e-05,0.0,7000.0,0.0,0,False,observed_sink,1.0,,,1,1,False,False,False,0.0,0,1877,False
100000004993576100,terminal,0.9,14,0.442,"получил 167 тыс. KZT, 1 перевод от 1 плательщика; исходящих переводов 0, они проверены обходом на колене 2","R4a.terminal: исходящих переводов нет, они проверены обходом (depth <= 3)",2,False,1,0,167000.0,0.0,1,0,0.0003386988287699184,0.0,-0.0,3.56763e-05,0.0,167000.0,0.0,0,False,observed_sink,1.0,,,1,1,False,False,False,0.0,0,1877,False
100000001648936100,terminal,0.9,7,0.3889,"получил 93 тыс. KZT, 1 перевод от 1 плательщика; исходящих переводов 0, они проверены обходом на колене 2","R4a.terminal: исходящих переводов нет, они проверены обходом (depth <= 3)",2,False,1,0,92740.0,0.0,1,0,0.00030314637772139324,0.0,-0.0,2.87214e-05,0.0,92740.0,0.0,0,False,observed_sink,1.0,,,1,1,False,False,False,0.0,0,1877,False
100000008512552100,transit,0.6,15,0.7186,отдал 1.3 млн KZT на 6 получателей при поступлениях 394 тыс. KZT: 908 тыс. KZT пришло вне выборки (собраны только исходящие); удержания нет | сквозной транзит за 0 дн. (100% суммы),"R3b.transit: pass_through > 1.2 — отдал больше, чем получил по данным, приток извне выборки",2,False,4,6,394360.0,1302275.0,9,11,0.0004258788196805501,0.00043072956564757015,0.0010030184,0.0003380089,3.3022492139162187,0.0,907915.0,0,False,observed_forwarder,0.0,0.0,1.0,2,2,True,False,False,1.0,1595,1877,True
100000007629096100,coordinator,0.9,5,0.8606,получает 1.1 млн KZT (топ-5% графа) от 4 плательщиков; 3 из них сами собирают от 4+ плательщиков; отдаёт дальше 71% | сквозной транзит за 1 дн. (93% суммы),"R6.coordinator: >= 2 плательщиков-сборщиков (in_deg >= 4) либо >= 2 seed-плательщиков, при in_kzt в топ-5% (614 тыс. KZT) и не seed",2,False,4,1,1075170.0,765205.0,5,5,0.00247240594710724,1.525730755680573e-05,0.0001019776,0.0002846349,0.7117060557865268,309965.0,0.0,0,False,observed_forwarder,0.0,1.0,0.9346122934377062,2,1,True,False,False,0.9346122934377062,7,1877,False
100000001601320100,transit,0.845,7,0.4599,"пропускает 106% полученного: вход 44 тыс. KZT от 2, выход 46 тыс. KZT на 1, деньги лежат 8 дн.","R3a.transit: pass_through в [0.8, 1.2] — прошло почти всё полученное",2,False,2,1,43500.0,46200.0,2,1,0.0008117637398617537,9.90734256935437e-07,0.0,0.0,1.0620689655172413,0.0,2700.0,0,False,observed_forwarder,0.0,8.0,0.0,1,1,False,False,False,0.0,1,1877,True
100000005782781100,transit,0.6,7,0.725,отдал 1.3 млн KZT на 10 получателей при поступлениях 172 тыс. KZT: 1.1 млн KZT пришло вне выборки (собраны только исходящие); удержания нет | 3 плательщика в один день,"R3b.transit: pass_through > 1.2 — отдал больше, чем получил по данным, приток извне выборки",2,False,6,10,171888.0,1263597.0,10,10,0.0004875096527600837,0.0005683243291461322,0.0058119909,0.0003718042,7.351281066741134,0.0,1091709.0,0,False,observed_forwarder,0.0,0.0,1.0,3,2,True,True,False,1.0,1595,1877,True
100000002723538100,distributor,0.545,5,0.5915,"веер на 12 получателей, 14 переводов на 560 тыс. KZT; отдал на 455 тыс. KZT больше, чем получил в выборке",R1.distributor: out_deg >= 11,2,False,3,12,105647.0,560499.0,3,14,0.00032031316061285913,0.0002908863985638697,0.0065249888,0.004580931,5.305394379395534,0.0,454852.0,0,False,observed_forwarder,0.0,0.0,0.5698493663681826,1,1,False,False,False,0.0,1595,1877,True
100000002340562100,terminal,0.65,7,0.3411,"получил 37 тыс. KZT, 2 перевода от 1 плательщика; исходящих переводов 0, они проверены обходом на колене 2; сумма ниже медианы графа 50 тыс. KZT — мелкий получатель","R4a.terminal: исходящих переводов нет, они проверены обходом (depth <= 3)",2,False,1,0,36650.0,0.0,2,0,0.0005308569205030113,0.0,-0.0,0.0,0.0,36650.0,0.0,0,False,observed_sink,1.0,,,1,1,False,False,False,0.0,0,1877,False
100000005939154100,terminal,0.65,3,0.2575,"получил 22 тыс. KZT, 2 перевода от 1 плательщика; исходящих переводов 0, они проверены обходом на колене 2; сумма ниже медианы графа 50 тыс. KZT — мелкий получатель","R4a.terminal: исходящих переводов нет, они проверены обходом (depth <= 3)",2,False,1,0,22000.0,0.0,2,0,0.00029369666480402615,0.0,-0.0,2.6036e-06,0.0,22000.0,0.0,0,False,observed_sink,1.0,,,1,1,False,False,False,0.0,0,1877,False
100000004386258100,transit,0.65,11,0.6054,"пропускает 65% полученного: вход 62 тыс. KZT от 3, выход 40 тыс. KZT на 3, деньги лежат 0 дн. | сквозной транзит за 0 дн. (75% суммы)",R3d.transit: >=60% исходящих в пределах 2 суток после поступления,2,False,3,3,61700.0,40000.0,3,3,0.0005336690126056135,0.00012047328564334914,0.0,0.0,0.6482982171799028,21700.0,0.0,0,False,observed_forwarder,0.0,0.0,0.75,2,1,True,False,False,0.75,6,1877,True
100000008406609100,terminal,0.65,18,0.3304,"получил 34 тыс. KZT, 1 перевод от 1 плательщика; исходящих переводов 0, они проверены обходом на колене 2; сумма ниже медианы графа 50 тыс. KZT — мелкий получатель","R4a.terminal: исходящих переводов нет, они проверены обходом (depth <= 3)",2,False,1,0,34000.0,0.0,1,0,0.00043050382065094726,0.0,-0.0,0.0,0.0,34000.0,0.0,0,False,observed_sink,1.0,,,1,1,False,False,False,0.0,0,1877,False
100000007242833100,peripheral,0.5,11,0.5289,"вход 108 тыс. KZT от 1, выход 45 тыс. KZT на 1, пропуск 42% — смешанный профиль: плательщиков меньше 4, получателей меньше 11 | сквозной транзит за 1 дн. (100% суммы)",R5.peripheral,2,False,1,1,107500.0,45000.0,3,2,0.0005138001156911164,1.981468513870874e-05,0.0,0.0,0.4186046511627907,62500.0,0.0,0,False,observed_forwarder,0.0,1.0,1.0,1,3,True,False,True,1.0,1,1877,True
100000004698193100,terminal,0.829,7,0.6442,"из 223 тыс. KZT дальше ушло только 17% (38 тыс. KZT на 3 получателей), осело 185 тыс. KZT — сумма остановилась здесь | дробление: 15 поступлений по 15 тыс. в среднем",R4b.terminal: дальше уходит не более 26% полученного — сумма осела,2,False,2,3,222700.0,38000.0,15,5,0.0008254145941905135,1.5851748110966993e-06,0.0,2.89511e-05,0.17063313875168387,184700.0,0.0,0,False,observed_forwarder,0.0,3.0,0.3157894736842105,1,2,False,False,True,0.5,3,1877,True
100000002733905100,transit,0.6,0,0.6552,отдал 718 тыс. KZT на 2 получателей при поступлениях 100 тыс. KZT: 618 тыс. KZT пришло вне выборки (собраны только исходящие); удержания нет,"R3b.transit: pass_through > 1.2 — отдал больше, чем получил по данным, приток извне выборки",2,False,3,2,100000.0,717839.0,5,3,0.0029169603294352192,1.7833216624837866e-06,0.0,0.0,7.17839,0.0,617839.0,0,False,observed_forwarder,0.0,0.0,0.3273714579453053,2,1,False,False,False,0.5,2,270,True
100000006912294100,transit,0.6,8,0.3327,отдал 30 тыс. KZT на 2 получателей при поступлениях 6 тыс. KZT: 24 тыс. KZT пришло вне выборки (собраны только исходящие); удержания нет,"R3b.transit: pass_through > 1.2 — отдал больше, чем получил по данным, приток извне выборки",2,False,1,2,6335.09,30000.0,1,2,0.000498922067320617,5.944405541612623e-07,9.9174e-06,0.0,4.7355286191672095,0.0,23664.91,0,False,observed_forwarder,0.0,,,1,1,False,False,False,0.0,3,1877,True
100000003036198100,terminal,0.65,2,0.2096,"получил 15 тыс. KZT, 1 перевод от 1 плательщика; исходящих переводов 0, они проверены обходом на колене 2; сумма ниже медианы графа 50 тыс. KZT — мелкий получатель","R4a.terminal: исходящих переводов нет, они проверены обходом (depth <= 3)",2,False,1,0,15000.0,0.0,1,0,0.0002879340067316291,0.0,-0.0,0.0001421682,0.0,15000.0,0.0,0,False,observed_sink,1.0,,,1,1,False,False,False,0.0,0,1877,False
100000004687099100,terminal,0.65,7,0.3104,"получил 30 тыс. KZT, 1 перевод от 1 плательщика; исходящих переводов 0, они проверены обходом на колене 2; сумма ниже медианы графа 50 тыс. KZT — мелкий получатель","R4a.terminal: исходящих переводов нет, они проверены обходом (depth <= 3)",2,False,1,0,30000.0,0.0,1,0,0.00033422473963996775,0.0,-0.0,0.0,0.0,30000.0,0.0,0,False,observed_sink,1.0,,,1,1,False,False,False,0.0,0,1877,False
100000005242320100,distributor,0.955,12,0.631,"веер на 21 получателя, 29 переводов на 8.9 млн KZT; отдал на 8.6 млн KZT больше, чем получил в выборке",R1.distributor: out_deg >= 11,2,False,2,21,365700.0,8936295.0,2,29,0.00050012413141856,2.9722027708063113e-05,2.03592e-05,4.521e-07,24.43613617719442,0.0,8570595.0,0,False,observed_forwarder,0.0,2.0,0.19270178524768933,1,1,False,False,False,0.0,25,1877,True
100000008762832100,peripheral,0.5,2,0.381,"вход 150 тыс. KZT от 1, выход 85 тыс. KZT на 1, пропуск 57% — смешанный профиль: плательщиков меньше 4, получателей меньше 11, пропуск вне зон транзита и осаждения",R5.peripheral,2,False,1,1,150000.0,85000.0,1,4,0.00030814762084497525,0.0,0.0,6.21186e-05,0.5666666666666667,65000.0,0.0,0,False,observed_forwarder,0.0,,,1,1,False,False,False,0.0,1617,1877,False
100000002489253100,terminal,0.9,3,0.3479,"получил 51 тыс. KZT, 1 перевод от 1 плательщика; исходящих переводов 0, они проверены обходом на колене 2","R4a.terminal: исходящих переводов нет, они проверены обходом (depth <= 3)",2,False,1,0,51000.0,0.0,1,0,0.0003018444912491921,0.0,-0.0,1.88e-07,0.0,51000.0,0.0,0,False,observed_sink,1.0,,,1,1,False,False,False,0.0,0,1877,False
100000004756901100,terminal,0.9,3,0.428,"получил 153 тыс. KZT, 1 перевод от 1 плательщика; исходящих переводов 0, они проверены обходом на колене 2","R4a.terminal: исходящих переводов нет, они проверены обходом (depth <= 3)",2,False,1,0,153248.0,0.0,1,0,0.0003109522914570356,0.0,-0.0,4.0408e-06,0.0,153248.0,0.0,0,False,observed_sink,1.0,,,1,1,False,False,False,0.0,0,1877,False
100000008749989100,terminal,0.65,0,0.2257,"получил 16 тыс. KZT, 1 перевод от 1 плательщика; исходящих переводов 0, они проверены обходом на колене 2; сумма ниже медианы графа 50 тыс. KZT — мелкий получатель","R4a.terminal: исходящих переводов нет, они проверены обходом (depth <= 3)",2,False,1,0,16000.0,0.0,1,0,0.000291003491186888,0.0,-0.0,0.0,0.0,16000.0,0.0,0,False,observed_sink,1.0,,,1,1,False,False,False,0.0,0,270,False
100000001380986100,terminal,0.9,8,0.3582,"получил 70 тыс. KZT, 1 перевод от 1 плательщика; исходящих переводов 0, они проверены обходом на колене 2","R4a.terminal: исходящих переводов нет, они проверены обходом (depth <= 3)",2,False,1,0,70170.0,0.0,1,0,0.00029217226654781626,0.0,-0.0,5.013e-07,0.0,70170.0,0.0,0,False,observed_sink,1.0,,,1,1,False,False,False,0.0,0,1877,False
100000003089018100,terminal,0.9,8,0.4494,"получил 230 тыс. KZT, 1 перевод от 1 плательщика; исходящих переводов 0, они проверены обходом на колене 2","R4a.terminal: исходящих переводов нет, они проверены обходом (depth <= 3)",2,False,1,0,230000.0,0.0,1,0,0.0003072122133568228,0.0,-0.0,5.013e-07,0.0,230000.0,0.0,0,False,observed_sink,1.0,,,1,1,False,False,False,0.0,0,1877,False
100000008742266100,terminal,0.65,0,0.2536,"получил 21 тыс. KZT, 1 перевод от 1 плательщика; исходящих переводов 0, они проверены обходом на колене 2; сумма ниже медианы графа 50 тыс. KZT — мелкий получатель","R4a.terminal: исходящих переводов нет, они проверены обходом (depth <= 3)",2,False,1,0,21000.0,0.0,1,0,0.0002927016777398873,0.0,-0.0,0.0,0.0,21000.0,0.0,0,False,observed_sink,1.0,,,1,1,False,False,False,0.0,0,270,False
100000003044431100,terminal,0.9,2,0.4449,"получил 60 тыс. KZT, 2 перевода от 2 плательщиков; исходящих переводов 0, они проверены обходом на колене 2","R4a.terminal: исходящих переводов нет, они проверены обходом (depth <= 3)",2,False,2,0,60000.0,0.0,2,0,0.0003024585785488682,0.0,-0.0,0.0030996548,0.0,60000.0,0.0,0,False,observed_sink,1.0,,,1,1,False,False,False,0.0,0,1877,False
100000003321423100,terminal,0.9,33,0.432,"получил 100 тыс. KZT, 2 перевода от 1 плательщика; исходящих переводов 0, они проверены обходом на колене 2","R4a.terminal: исходящих переводов нет, они проверены обходом (depth <= 3)",2,False,1,0,100000.0,0.0,2,0,0.0006711029646605598,0.0,-0.0,0.0,0.0,100000.0,0.0,0,False,observed_sink,1.0,,,1,1,False,False,False,0.0,0,1877,False
100000002540623100,terminal,0.9,9,0.4087,"получил 100 тыс. KZT, 1 перевод от 1 плательщика; исходящих переводов 0, они проверены обходом на колене 2","R4a.terminal: исходящих переводов нет, они проверены обходом (depth <= 3)",2,False,1,0,100000.0,0.0,1,0,0.00033321505387175237,0.0,-0.0,2.32281e-05,0.0,100000.0,0.0,0,False,observed_sink,1.0,,,1,1,False,False,False,0.0,0,1877,False
100000004225615100,terminal,0.9,8,0.429,"получил 90 тыс. KZT, 2 перевода от 1 плательщика; исходящих переводов 0, они проверены обходом на колене 2","R4a.terminal: исходящих переводов нет, они проверены обходом (depth <= 3)",2,False,1,0,90000.0,0.0,2,0,0.0002940382625762377,0.0,-0.0,5.013e-07,0.0,90000.0,0.0,0,False,observed_sink,1.0,,,1,2,False,False,False,0.5,0,1877,False
100000004820260100,transit,0.799,14,0.6031,"пропускает 92% полученного: вход 234 тыс. KZT от 1, выход 215 тыс. KZT на 3, деньги лежат 0 дн. | сквозной транзит за 0 дн. (100% суммы)","R3a.transit: pass_through в [0.8, 1.2] — прошло почти всё полученное",2,False,1,3,234200.0,215350.0,12,10,0.0014014565775826925,1.9616538287321655e-05,0.0001464889,2.3978e-06,0.9195132365499573,18850.0,0.0,0,False,observed_forwarder,0.0,0.0,1.0,1,2,True,False,False,1.0,78,1877,True
100000000795129100,terminal,0.9,14,0.4891,"получил 332 тыс. KZT, 1 перевод от 1 плательщика; исходящих переводов 0, они проверены обходом на колене 2","R4a.terminal: исходящих переводов нет, они проверены обходом (depth <= 3)",2,False,1,0,332000.0,0.0,1,0,0.0003911920814716169,0.0,-0.0,3.56763e-05,0.0,332000.0,0.0,0,False,observed_sink,1.0,,,1,1,False,False,False,0.0,0,1877,False
100000008213966100,transit,0.6,28,0.7008,отдал 437 тыс. KZT на 1 получателя при поступлениях 187 тыс. KZT: 250 тыс. KZT пришло вне выборки (собраны только исходящие); удержания нет | сквозной транзит за 0 дн. (85% суммы),"R3b.transit: pass_through > 1.2 — отдал больше, чем получил по данным, приток извне выборки",2,False,3,1,187004.0,436900.0,7,8,0.001933551952419576,4.319601360238506e-05,0.0,0.0,2.336313661739856,0.0,249896.0,0,False,observed_forwarder,0.0,0.0,0.8498512245365072,1,3,True,False,True,1.0,2,1877,True
100000008478414100,terminal,0.65,0,0.1916,"получил 10 тыс. KZT, 1 перевод от 1 плательщика; исходящих переводов 0, они проверены обходом на колене 2; сумма ниже медианы графа 50 тыс. KZT — мелкий получатель","R4a.terminal: исходящих переводов нет, они проверены обходом (depth <= 3)",2,False,1,0,10000.0,0.0,1,0,0.00028896566732328877,0.0,-0.0,0.0,0.0,10000.0,0.0,0,False,observed_sink,1.0,,,1,1,False,False,False,0.0,0,270,False
100000001330595100,transit,0.6,24,0.5872,отдал 154 тыс. KZT на 1 получателя при поступлениях 87 тыс. KZT: 67 тыс. KZT пришло вне выборки (собраны только исходящие); удержания нет,"R3b.transit: pass_through > 1.2 — отдал больше, чем получил по данным, приток извне выборки",2,False,3,1,87000.0,154000.0,6,1,0.0006755694259219595,1.1888811083225246e-06,0.0,0.0,1.7701149425287357,0.0,67000.0,0,False,observed_forwarder,0.0,4.0,0.0,2,1,False,False,False,0.5,1,17,True
100000000076451100,peripheral,0.5,14,0.5664,"вход 88 тыс. KZT от 3, выход 58 тыс. KZT на 4, пропуск 66% — смешанный профиль: плательщиков меньше 4, получателей меньше 11, пропуск вне зон транзита и осаждения",R5.peripheral,2,False,3,4,87707.0,58000.0,4,4,0.0013962008641423907,9.76863977338341e-05,0.0,3.62514e-05,0.661292713238396,29707.0,0.0,0,False,observed_forwarder,0.0,2.0,0.25862068965517243,2,1,False,False,False,0.5,5,1877,True
100000005664632100,terminal,0.9,65,0.5603,"получил 199 тыс. KZT, 18 переводов от 1 плательщика; исходящих переводов 0, они проверены обходом на колене 2 | дробление: 8 переводов от одного плательщика за день","R4a.terminal: исходящих переводов нет, они проверены обходом (depth <= 3)",2,False,1,0,198620.0,0.0,18,0,0.0003651420399228022,0.0,-0.0,0.0,0.0,198620.0,0.0,0,False,observed_sink,1.0,,,1,8,False,False,True,1.0,0,1877,False
100000002457464100,terminal,0.9,2,0.3774,"получил 67 тыс. KZT, 1 перевод от 1 плательщика; исходящих переводов 0, они проверены обходом на колене 2","R4a.terminal: исходящих переводов нет, они проверены обходом (depth <= 3)",2,False,1,0,66647.0,0.0,1,0,0.0003221740395394645,0.0,-0.0,0.0,0.0,66647.0,0.0,0,False,observed_sink,1.0,,,1,1,False,False,False,0.0,0,1877,False
100000002757240100,terminal,0.9,2,0.357,"получил 51 тыс. KZT, 1 перевод от 1 плательщика; исходящих переводов 0, они проверены обходом на колене 2","R4a.terminal: исходящих переводов нет, они проверены обходом (depth <= 3)",2,False,1,0,51183.0,0.0,1,0,0.00031684650947480335,0.0,-0.0,0.0001427673,0.0,51183.0,0.0,0,False,observed_sink,1.0,,,1,1,False,False,False,0.0,0,1877,False
100000003718221100,transit,0.6,22,0.661,отдал 424 тыс. KZT на 4 получателей при поступлениях 350 тыс. KZT: 74 тыс. KZT пришло вне выборки (собраны только исходящие); удержания нет | сквозной транзит за 1 дн. (80% суммы),"R3b.transit: pass_through > 1.2 — отдал больше, чем получил по данным, приток извне выборки",2,False,2,4,350000.0,423500.0,6,8,0.0010434682866013757,3.923307657464331e-05,0.0001715971,3.2239e-06,1.21,0.0,73500.0,0,False,observed_forwarder,0.0,1.0,0.8028335301062574,1,1,True,False,False,0.8028335301062574,11,1877,True
100000008629581100,terminal,0.9,2,0.3616,"получил 54 тыс. KZT, 1 перевод от 1 плательщика; исходящих переводов 0, они проверены обходом на колене 2","R4a.terminal: исходящих переводов нет, они проверены обходом (depth <= 3)",2,False,1,0,54184.0,0.0,1,0,0.0003153289461226527,0.0,-0.0,0.0,0.0,54184.0,0.0,0,False,observed_sink,1.0,,,1,1,False,False,False,0.0,0,1877,False
100000004806903100,terminal,0.65,2,0.2804,"получил 18 тыс. KZT, 1 перевод от 1 плательщика; исходящих переводов 0, они проверены обходом на колене 2; сумма ниже медианы графа 50 тыс. KZT — мелкий получатель","R4a.terminal: исходящих переводов нет, они проверены обходом (depth <= 3)",2,False,1,0,18000.0,0.0,1,0,0.000533538904999333,0.0,-0.0,0.0,0.0,18000.0,0.0,0,False,observed_sink,1.0,,,1,1,False,False,False,0.0,0,1877,False
100000000913911100,transit,0.6,2,0.6226,отдал 600 тыс. KZT на 1 получателя при поступлениях 467 тыс. KZT: 133 тыс. KZT пришло вне выборки (собраны только исходящие); удержания нет,"R3b.transit: pass_through > 1.2 — отдал больше, чем получил по данным, приток извне выборки",2,False,2,1,467000.0,600000.0,2,1,0.00045944318623889006,1.9418391435934565e-05,0.0,6.26233e-05,1.284796573875803,0.0,133000.0,0,False,observed_forwarder,0.0,3.0,0.0,2,1,False,False,False,0.5,1,1877,True
100000004905207100,terminal,0.9,13,0.4989,"получил 380 тыс. KZT, 1 перевод от 1 плательщика; исходящих переводов 0, они проверены обходом на колене 2","R4a.terminal: исходящих переводов нет, они проверены обходом (depth <= 3)",2,False,1,0,380000.0,0.0,1,0,0.0004347034731912381,0.0,-0.0,4.3e-09,0.0,380000.0,0.0,0,False,observed_sink,1.0,,,1,1,False,False,False,0.0,0,1877,False
100000003831201100,terminal,0.65,1,0.35,"получил 40 тыс. KZT, 3 перевода от 1 плательщика; исходящих переводов 0, они проверены обходом на колене 2; сумма ниже медианы графа 50 тыс. KZT — мелкий получатель","R4a.terminal: исходящих переводов нет, они проверены обходом (depth <= 3)",2,False,1,0,40500.0,0.0,3,0,0.0005343335334517973,0.0,-0.0,0.0,0.0,40500.0,0.0,0,False,observed_sink,1.0,,,1,1,False,False,False,0.0,0,1877,False
100000003073398100,terminal,0.9,7,0.3893,"получил 93 тыс. KZT, 1 перевод от 1 плательщика; исходящих переводов 0, они проверены обходом на колене 2","R4a.terminal: исходящих переводов нет, они проверены обходом (depth <= 3)",2,False,1,0,92960.0,0.0,1,0,0.0003031880744905425,0.0,-0.0,2.87214e-05,0.0,92960.0,0.0,0,False,observed_sink,1.0,,,1,1,False,False,False,0.0,0,1877,False
100000008418934100,terminal,0.9,8,0.4821,"получил 360 тыс. KZT, 1 перевод от 1 плательщика; исходящих переводов 0, они проверены обходом на колене 2","R4a.terminal: исходящих переводов нет, они проверены обходом (depth <= 3)",2,False,1,0,360000.0,0.0,1,0,0.00031944516765308024,0.0,-0.0,5.013e-07,0.0,360000.0,0.0,0,False,observed_sink,1.0,,,1,1,False,False,False,0.0,0,1877,False
100000002741024100,coordinator,0.8,5,0.8196,получает 818 тыс. KZT (топ-5% графа) от 5 плательщиков; 2 из них сами собирают от 4+ плательщиков; отдаёт дальше 53%,"R6.coordinator: >= 2 плательщиков-сборщиков (in_deg >= 4) либо >= 2 seed-плательщиков, при in_kzt в топ-5% (614 тыс. KZT) и не seed",2,False,5,6,817980.85,434989.0,9,7,0.002855186532890205,0.00011868996398086536,0.000126151,0.0002395947,0.5317838431058625,382991.85,0.0,0,False,observed_forwarder,0.0,1.0,0.06483612229274763,1,2,False,False,False,0.5,7,1877,True
100000008106997100,peripheral,0.5,2,0.4881,"вход 36 тыс. KZT от 2, выход 21 тыс. KZT на 1, пропуск 58% — смешанный профиль: плательщиков меньше 4, получателей меньше 11 | сквозной транзит за 0 дн. (100% суммы)",R5.peripheral,2,False,2,1,35600.0,20600.0,2,1,0.0003053704876347339,1.922024458454748e-05,0.0,0.0002125825,0.5786516853932584,15000.0,0.0,0,False,observed_forwarder,0.0,0.0,1.0,1,1,True,False,False,1.0,1,1877,True
100000007998965100,consolidator,0.725,9,0.7336,"сходятся 5 плательщиков на 1 получателя; получено 278 тыс. KZT, отдано дальше 9%, осело 252 тыс. KZT","R2.consolidator: in_deg >= 4 и out_deg <= max(2, in_deg/2)",2,False,5,1,278000.0,26000.0,7,3,0.0004719217907251249,1.981468513870874e-05,0.0,3.05608e-05,0.09352517985611511,252000.0,0.0,0,False,observed_forwarder,0.0,9.0,0.38461538461538464,2,1,False,False,False,0.5,1,1877,True
100000001822623100,terminal,0.9,22,0.4518,"получил 201 тыс. KZT, 1 перевод от 1 плательщика; исходящих переводов 0, они проверены обходом на колене 2","R4a.terminal: исходящих переводов нет, они проверены обходом (depth <= 3)",2,False,1,0,201300.0,0.0,1,0,0.00032349256040320104,0.0,-0.0,9.19076e-05,0.0,201300.0,0.0,0,False,observed_sink,1.0,,,1,1,False,False,False,0.0,0,1877,False
100000006424479100,peripheral,0.5,10,0.5312,"вход 500 тыс. KZT от 1, выход 220 тыс. KZT на 2, пропуск 44% — смешанный профиль: плательщиков меньше 4, получателей меньше 11, пропуск вне зон транзита и осаждения",R5.peripheral,2,False,1,2,500000.0,220000.0,2,3,0.0009438231531441708,7.311618816183526e-05,0.0,4.88e-08,0.44,280000.0,0.0,0,False,observed_forwarder,0.0,14.0,0.0,1,1,False,False,False,0.0,3,1877,True
100000008696692100,terminal,0.65,0,0.2406,"получил 19 тыс. KZT, 1 перевод от 1 плательщика; исходящих переводов 0, они проверены обходом на колене 2; сумма ниже медианы графа 50 тыс. KZT — мелкий получатель","R4a.terminal: исходящих переводов нет, они проверены обходом (depth <= 3)",2,False,1,0,19000.0,0.0,1,0,0.0002920224031186876,0.0,-0.0,0.0,0.0,19000.0,0.0,0,False,observed_sink,1.0,,,1,1,False,False,False,0.0,0,270,False
100000002748532100,transit,0.6,20,0.5792,отдал 647 тыс. KZT на 2 получателей при поступлениях 356 тыс. KZT: 291 тыс. KZT пришло вне выборки (собраны только исходящие); удержания нет,"R3b.transit: pass_through > 1.2 — отдал больше, чем получил по данным, приток извне выборки",2,False,3,2,355575.0,646685.0,3,7,0.00033910551994433967,3.110905566777272e-05,8.504e-07,2.5271e-05,1.8187021022287844,0.0,291110.0,0,False,observed_forwarder,0.0,4.0,0.0,1,1,False,False,False,0.0,2,1877,True
100000004456564100,terminal,0.65,13,0.233,"получил 10 тыс. KZT, 2 перевода от 1 плательщика; исходящих переводов 0, они проверены обходом на колене 2; сумма ниже медианы графа 50 тыс. KZT — мелкий получатель","R4a.terminal: исходящих переводов нет, они проверены обходом (depth <= 3)",2,False,1,0,10000.0,0.0,2,0,0.0003923872798230175,0.0,-0.0,0.0,0.0,10000.0,0.0,0,False,observed_sink,1.0,,,1,1,False,False,False,0.0,0,1877,False
100000001530740100,terminal,0.65,3,0.2623,"получил 15 тыс. KZT, 1 перевод от 1 плательщика; исходящих переводов 0, они проверены обходом на колене 2; сумма ниже медианы графа 50 тыс. KZT — мелкий получатель","R4a.terminal: исходящих переводов нет, они проверены обходом (depth <= 3)",2,False,1,0,15000.0,0.0,1,0,0.000529819702440915,0.0,-0.0,0.0,0.0,15000.0,0.0,0,False,observed_sink,1.0,,,1,1,False,False,False,0.0,0,1877,False
100000001386612100,terminal,0.9,18,0.3872,"получил 62 тыс. KZT, 1 перевод от 1 плательщика; исходящих переводов 0, они проверены обходом на колене 2","R4a.terminal: исходящих переводов нет, они проверены обходом (depth <= 3)",2,False,1,0,62264.0,0.0,1,0,0.00043377009568121175,0.0,-0.0,1.8751e-06,0.0,62264.0,0.0,0,False,observed_sink,1.0,,,1,1,False,False,False,0.0,0,1877,False
100000003360542100,terminal,0.837,9,0.6169,"из 317 тыс. KZT дальше ушло только 16% (52 тыс. KZT на 2 получателей), осело 265 тыс. KZT — сумма остановилась здесь",R4b.terminal: дальше уходит не более 26% полученного — сумма осела,2,False,2,2,317000.0,51800.0,3,5,0.001456432548006546,9.90734256935437e-07,0.0021493826,3.254e-07,0.16340694006309148,265200.0,0.0,0,False,observed_forwarder,0.0,4.0,0.29922779922779924,1,1,False,False,False,0.0,5,1877,False
100000008352542100,terminal,0.9,2,0.3596,"получил 50 тыс. KZT, 1 перевод от 1 плательщика; исходящих переводов 0, они проверены обходом на колене 2","R4a.terminal: исходящих переводов нет, они проверены обходом (depth <= 3)",2,False,1,0,50220.0,0.0,1,0,0.0003314754198712513,0.0,-0.0,9.978e-07,0.0,50220.0,0.0,0,False,observed_sink,1.0,,,1,1,False,False,False,0.0,0,1877,False
100000001138376100,terminal,0.65,14,0.2204,"получил 15 тыс. KZT, 1 перевод от 1 плательщика; исходящих переводов 0, они проверены обходом на колене 2; сумма ниже медианы графа 50 тыс. KZT — мелкий получатель","R4a.terminal: исходящих переводов нет, они проверены обходом (depth <= 3)",2,False,1,0,15300.0,0.0,1,0,0.00029043685037690223,0.0,-0.0,3.56763e-05,0.0,15300.0,0.0,0,False,observed_sink,1.0,,,1,1,False,False,False,0.0,0,1877,False
100000003246024100,terminal,0.8,1,0.4461,"из 25 тыс. KZT дальше ушло только 20% (5 тыс. KZT на 1 получателя), осело 20 тыс. KZT — сумма остановилась здесь | сквозной транзит за 0 дн. (100% суммы)",R4b.terminal: дальше уходит не более 26% полученного — сумма осела,2,False,1,1,25000.0,5000.0,1,1,0.00037134005643017944,0.0016116905777033756,0.0,0.0,0.2,20000.0,0.0,0,False,observed_forwarder,0.0,0.0,1.0,1,1,True,False,False,1.0,1595,1877,False
100000002680477100,terminal,0.65,12,0.2713,"получил 25 тыс. KZT, 1 перевод от 1 плательщика; исходящих переводов 0, они проверены обходом на колене 2; сумма ниже медианы графа 50 тыс. KZT — мелкий получатель","R4a.terminal: исходящих переводов нет, они проверены обходом (depth <= 3)",2,False,1,0,25000.0,0.0,1,0,0.00029455855419957707,0.0,-0.0,4.09e-08,0.0,25000.0,0.0,0,False,observed_sink,1.0,,,1,1,False,False,False,0.0,0,1877,False
100000005882013100,terminal,0.85,10,0.6279,"из 135 тыс. KZT дальше ушло только 7% (10 тыс. KZT на 1 получателя), осело 125 тыс. KZT — сумма остановилась здесь | сквозной транзит за 1 дн. (100% суммы)",R4b.terminal: дальше уходит не более 26% полученного — сумма осела,2,False,2,1,135000.0,10000.0,3,1,0.0005264244942722093,0.0,0.0003116821,5.9041e-06,0.07407407407407407,125000.0,0.0,0,False,observed_forwarder,0.0,1.0,1.0,1,1,True,False,False,1.0,9,1877,False
100000005665181100,distributor,0.5,6,0.6115,"веер на 11 получателей, 11 переводов на 182 тыс. KZT; отдал на 136 тыс. KZT больше, чем получил в выборке",R1.distributor: out_deg >= 11,2,False,4,11,45498.0,181915.0,5,11,0.0003985397345805526,0.0002683210247526526,0.0057385033,0.0001321555,3.998307617917271,0.0,136417.0,0,False,observed_forwarder,0.0,5.0,0.07695901932221093,2,1,False,False,False,0.5,39,1877,True
100000008141170100,terminal,0.65,3,0.2543,"получил 11 тыс. KZT, 1 перевод от 1 плательщика; исходящих переводов 0, они проверены обходом на колене 2; сумма ниже медианы графа 50 тыс. KZT — мелкий получатель","R4a.terminal: исходящих переводов нет, они проверены обходом (depth <= 3)",2,False,1,0,11000.0,0.0,1,0,0.0006219001408928689,0.0,-0.0,0.0,0.0,11000.0,0.0,0,False,observed_sink,1.0,,,1,1,False,False,False,0.0,0,1877,False
100000001382002100,transit,0.932,1,0.3663,"пропускает 103% полученного: вход 55 тыс. KZT от 1, выход 56 тыс. KZT на 1, деньги лежат 9 дн.","R3a.transit: pass_through в [0.8, 1.2] — прошло почти всё полученное",2,False,1,1,55000.0,56500.0,2,3,0.0006633074267595711,0.0,0.0009231328,0.0,1.0272727272727273,0.0,1500.0,0,False,observed_forwarder,0.0,9.0,0.0,1,1,False,False,False,0.0,2,1877,False
100000002481735100,terminal,0.65,3,0.2864,"получил 22 тыс. KZT, 2 перевода от 1 плательщика; исходящих переводов 0, они проверены обходом на колене 2; сумма ниже медианы графа 50 тыс. KZT — мелкий получатель","R4a.terminal: исходящих переводов нет, они проверены обходом (depth <= 3)",2,False,1,0,22436.0,0.0,2,0,0.00036270354277617787,0.0,-0.0,1.25965e-05,0.0,22436.0,0.0,0,False,observed_sink,1.0,,,1,1,False,False,False,0.0,0,1877,False
100000000806727100,terminal,0.85,2,0.3434,"из 45 тыс. KZT дальше ушло только 11% (5 тыс. KZT на 1 получателя), осело 40 тыс. KZT — сумма остановилась здесь",R4b.terminal: дальше уходит не более 26% полученного — сумма осела,2,False,1,1,45000.0,5000.0,1,1,0.0003458595620044746,0.0,0.0,0.0,0.1111111111111111,40000.0,0.0,0,False,observed_forwarder,0.0,21.0,0.0,1,1,False,False,False,0.0,2,1877,False
100000003039473100,terminal,0.65,3,0.2758,"получил 23 тыс. KZT, 1 перевод от 1 плательщика; исходящих переводов 0, они проверены обходом на колене 2; сумма ниже медианы графа 50 тыс. KZT — мелкий получатель","R4a.terminal: исходящих переводов нет, они проверены обходом (depth <= 3)",2,False,1,0,23000.0,0.0,1,0,0.000312213895660518,0.0,-0.0,0.0,0.0,23000.0,0.0,0,False,observed_sink,1.0,,,1,1,False,False,False,0.0,0,1877,False
100000005205745100,terminal,0.65,7,0.2014,"получил 6 тыс. KZT, 1 перевод от 1 плательщика; исходящих переводов 0, они проверены обходом на колене 2; сумма ниже медианы графа 50 тыс. KZT — мелкий получатель","R4a.terminal: исходящих переводов нет, они проверены обходом (depth <= 3)",2,False,1,0,6000.0,0.0,1,0,0.00031226140044596435,0.0,-0.0,2.353e-07,0.0,6000.0,0.0,0,False,observed_sink,1.0,,,1,1,False,False,False,0.0,0,1877,False
100000004356593100,terminal,0.8,2,0.3594,"из 50 тыс. KZT дальше ушло только 20% (10 тыс. KZT на 1 получателя), осело 40 тыс. KZT — сумма остановилась здесь",R4b.terminal: дальше уходит не более 26% полученного — сумма осела,2,False,1,1,50000.0,10000.0,1,1,0.0002934516692650865,1.922024458454748e-05,0.0,0.0001421682,0.2,40000.0,0.0,0,False,observed_forwarder,0.0,7.0,0.0,1,1,False,False,False,0.0,1,1877,True
100000008688881100,terminal,0.65,0,0.3225,"получил 44 тыс. KZT, 1 перевод от 1 плательщика; исходящих переводов 0, они проверены обходом на колене 2; сумма ниже медианы графа 50 тыс. KZT — мелкий получатель","R4a.terminal: исходящих переводов нет, они проверены обходом (depth <= 3)",2,False,1,0,44211.0,0.0,1,0,0.00030058499935622067,0.0,-0.0,0.0,0.0,44211.0,0.0,0,False,observed_sink,1.0,,,1,1,False,False,False,0.0,0,270,False
100000008111003100,consolidator,0.85,2,0.7884,"сходятся 6 плательщиков на 1 получателя; получено 223 тыс. KZT, отдано дальше 16%, осело 188 тыс. KZT | сквозной транзит за 0 дн. (100% суммы)","R2.consolidator: in_deg >= 4 и out_deg <= max(2, in_deg/2)",2,False,6,1,222716.0,35000.0,9,1,0.0004696217007352448,0.0008819050437118924,0.0,0.0003151792,0.15715081089818422,187716.0,0.0,0,False,observed_forwarder,0.0,0.0,1.0,2,2,True,False,False,1.0,1595,1877,False
100000003016773100,terminal,0.65,4,0.3379,"получил 47 тыс. KZT, 1 перевод от 1 плательщика; исходящих переводов 0, они проверены обходом на колене 2; сумма ниже медианы графа 50 тыс. KZT — мелкий получатель","R4a.terminal: исходящих переводов нет, они проверены обходом (depth <= 3)",2,False,1,0,46555.0,0.0,1,0,0.0003147956646990744,0.0,-0.0,2.2953e-06,0.0,46555.0,0.0,0,False,observed_sink,1.0,,,1,1,False,False,False,0.0,0,1877,False
100000004674799100,terminal,0.9,1,0.506,"получил 140 тыс. KZT, 5 переводов от 1 плательщика; исходящих переводов 0, они проверены обходом на колене 2","R4a.terminal: исходящих переводов нет, они проверены обходом (depth <= 3)",2,False,1,0,140000.0,0.0,5,0,0.000790673193306168,0.0,-0.0,8.65137e-05,0.0,140000.0,0.0,0,False,observed_sink,1.0,,,1,2,False,False,False,0.5,0,1877,False
100000005834479100,transit,0.6,5,0.2307,отдал 14 тыс. KZT на 2 получателей при поступлениях 8 тыс. KZT: 7 тыс. KZT пришло вне выборки (собраны только исходящие); удержания нет,"R3b.transit: pass_through > 1.2 — отдал больше, чем получил по данным, приток извне выборки",2,False,1,2,7500.0,14470.0,1,2,0.00028675165047445963,1.9811752130374257e-06,0.0027141375,0.0001421682,1.9293333333333333,0.0,6970.0,0,False,observed_forwarder,0.0,,,1,1,False,False,False,0.0,127,1877,False
100000003278020100,terminal,0.9,1,0.4458,"получил 190 тыс. KZT, 1 перевод от 1 плательщика; исходящих переводов 0, они проверены обходом на колене 2","R4a.terminal: исходящих переводов нет, они проверены обходом (depth <= 3)",2,False,1,0,190000.0,0.0,1,0,0.00032455129303952463,0.0,-0.0,3.12912e-05,0.0,190000.0,0.0,0,False,observed_sink,1.0,,,1,1,False,False,False,0.0,0,1877,False
100000000831684100,transit,0.6,11,0.4459,отдал 50 тыс. KZT на 1 получателя при поступлениях 15 тыс. KZT: 35 тыс. KZT пришло вне выборки (собраны только исходящие); удержания нет | сквозной транзит за 0 дн. (90% суммы),"R3b.transit: pass_through > 1.2 — отдал больше, чем получил по данным, приток извне выборки",2,False,1,1,15000.0,50000.0,2,3,0.0018906089223340327,0.0,4.3332e-06,0.0,3.3333333333333335,0.0,35000.0,0,False,observed_forwarder,0.0,0.5,0.9,1,2,True,False,False,0.9,1,1877,False
100000000307908100,terminal,0.65,43,0.1819,"получил 5 тыс. KZT, 1 перевод от 1 плательщика; исходящих переводов 0, они проверены обходом на колене 2; сумма ниже медианы графа 50 тыс. KZT — мелкий получатель","R4a.terminal: исходящих переводов нет, они проверены обходом (depth <= 3)",2,False,1,0,5000.0,0.0,1,0,0.0002964337747494588,0.0,-0.0,0.0,0.0,5000.0,0.0,0,False,observed_sink,1.0,,,1,1,False,False,False,0.0,0,6,False
100000001782980100,transit,0.6,29,0.4739,отдал 596 тыс. KZT на 1 получателя при поступлениях 50 тыс. KZT: 546 тыс. KZT пришло вне выборки (собраны только исходящие); удержания нет,"R3b.transit: pass_through > 1.2 — отдал больше, чем получил по данным, приток извне выборки",2,False,1,1,50000.0,596200.0,1,3,0.00037028315078489494,5.944405541612623e-07,0.0,0.0,11.924,0.0,546200.0,0,False,observed_forwarder,0.0,12.0,0.0,1,1,False,False,False,0.0,1,13,True
100000002454724100,terminal,0.9,30,0.409,"получил 125 тыс. KZT, 3 перевода от 1 плательщика; исходящих переводов 0, они проверены обходом на колене 2","R4a.terminal: исходящих переводов нет, они проверены обходом (depth <= 3)",2,False,1,0,125000.0,0.0,3,0,0.00030118599844023564,0.0,-0.0,3.877e-07,0.0,125000.0,0.0,0,False,observed_sink,1.0,,,1,1,False,False,False,0.0,0,1877,False
100000005904580100,terminal,0.9,11,0.536,"получил 72 тыс. KZT, 2 перевода от 2 плательщиков; исходящих переводов 0, они проверены обходом на колене 2","R4a.terminal: исходящих переводов нет, они проверены обходом (depth <= 3)",2,False,2,0,72000.0,0.0,2,0,0.0005227099859368683,0.0,-0.0,6.8454e-06,0.0,72000.0,0.0,0,False,observed_sink,1.0,,,2,1,False,False,False,0.5,0,1877,False
100000008474308100,peripheral,0.5,1,0.2148,"вход 14 тыс. KZT от 1, выход 10 тыс. KZT на 1, пропуск 71% — смешанный профиль: плательщиков меньше 4, получателей меньше 11, пропуск вне зон транзита и осаждения",R5.peripheral,2,False,1,1,14000.0,10000.0,2,1,0.00044502203600991423,0.0,0.0009231328,4.4756e-06,0.7142857142857143,4000.0,0.0,0,False,observed_forwarder,0.0,,,1,1,False,False,False,0.0,1595,1877,False
100000000795033100,terminal,0.65,1,0.2817,"получил 18 тыс. KZT, 1 перевод от 1 плательщика; исходящих переводов 0, они проверены обходом на колене 2; сумма ниже медианы графа 50 тыс. KZT — мелкий получатель","R4a.terminal: исходящих переводов нет, они проверены обходом (depth <= 3)",2,False,1,0,18200.0,0.0,1,0,0.0005330176535576364,0.0,-0.0,0.0,0.0,18200.0,0.0,0,False,observed_sink,1.0,,,1,1,False,False,False,0.0,0,1877,False
100000000861294100,terminal,0.9,7,0.4275,"получил 150 тыс. KZT, 1 перевод от 1 плательщика; исходящих переводов 0, они проверены обходом на колене 2","R4a.terminal: исходящих переводов нет, они проверены обходом (depth <= 3)",2,False,1,0,150000.0,0.0,1,0,0.0003139989095463333,0.0,-0.0,2.87214e-05,0.0,150000.0,0.0,0,False,observed_sink,1.0,,,1,1,False,False,False,0.0,0,1877,False
100000006557763100,terminal,0.65,2,0.2276,"получил 10 тыс. KZT, 1 перевод от 1 плательщика; исходящих переводов 0, они проверены обходом на колене 2; сумма ниже медианы графа 50 тыс. KZT — мелкий получатель","R4a.terminal: исходящих переводов нет, они проверены обходом (depth <= 3)",2,False,1,0,10000.0,0.0,1,0,0.00034717518817528457,0.0,-0.0,0.0,0.0,10000.0,0.0,0,False,observed_sink,1.0,,,1,1,False,False,False,0.0,0,1877,False
100000005608515100,terminal,0.9,7,0.4055,"получил 64 тыс. KZT, 4 перевода от 1 плательщика; исходящих переводов 0, они проверены обходом на колене 2","R4a.terminal: исходящих переводов нет, они проверены обходом (depth <= 3)",2,False,1,0,64000.0,0.0,4,0,0.0002931596353300159,0.0,-0.0,0.0,0.0,64000.0,0.0,0,False,observed_sink,1.0,,,1,2,False,False,False,0.5,0,1877,False
100000003922499100,terminal,0.9,11,0.3742,"получил 50 тыс. KZT, 1 перевод от 1 плательщика; исходящих переводов 0, они проверены обходом на колене 2","R4a.terminal: исходящих переводов нет, они проверены обходом (depth <= 3)",2,False,1,0,50000.0,0.0,1,0,0.0005352399237782638,0.0,-0.0,0.0,0.0,50000.0,0.0,0,False,observed_sink,1.0,,,1,1,False,False,False,0.0,0,1877,False
100000008603629100,coordinator,0.9,5,0.8241,получает 1.8 млн KZT (топ-5% графа) от 19 плательщиков; 7 из них сами собирают от 4+ плательщиков; отдаёт дальше 274% | 4 плательщика в один день; сквозной транзит за 0 дн. (99% суммы),"R6.coordinator: >= 2 плательщиков-сборщиков (in_deg >= 4) либо >= 2 seed-плательщиков, при in_kzt в топ-5% (614 тыс. KZT) и не seed",2,False,19,61,1817300.0,4986156.0,45,74,0.0011918072731347809,0.005760528742267877,0.0860923567,0.0024573947,2.7437165025037142,0.0,3168856.0,0,False,observed_forwarder,0.0,0.0,0.9888378943619093,4,3,True,True,True,1.0,1595,1877,True
100000004825069100,terminal,0.65,0,0.3428,"получил 30 тыс. KZT, 4 перевода от 1 плательщика; исходящих переводов 0, они проверены обходом на колене 2; сумма ниже медианы графа 50 тыс. KZT — мелкий получатель","R4a.terminal: исходящих переводов нет, они проверены обходом (depth <= 3)",2,False,1,0,30000.0,0.0,4,0,0.000295758413535286,0.0,-0.0,0.0,0.0,30000.0,0.0,0,False,observed_sink,1.0,,,1,2,False,False,False,0.5,0,270,False
100000004331458100,terminal,0.9,49,0.5773,"получил 250 тыс. KZT, 2 перевода от 2 плательщиков; исходящих переводов 0, они проверены обходом на колене 2","R4a.terminal: исходящих переводов нет, они проверены обходом (depth <= 3)",2,False,2,0,250000.0,0.0,2,0,0.0013234381164598658,0.0,-0.0,0.0,0.0,250000.0,0.0,0,False,observed_sink,1.0,,,1,1,False,False,False,0.0,0,6,False
100000002911170100,terminal,0.9,30,0.4747,"получил 300 тыс. KZT, 2 перевода от 1 плательщика; исходящих переводов 0, они проверены обходом на колене 2","R4a.terminal: исходящих переводов нет, они проверены обходом (depth <= 3)",2,False,1,0,300000.0,0.0,2,0,0.00032304938435235924,0.0,-0.0,3.877e-07,0.0,300000.0,0.0,0,False,observed_sink,1.0,,,1,1,False,False,False,0.0,0,1877,False
100000008011159100,peripheral,0.5,42,0.6026,"вход 363 тыс. KZT от 3, выход 153 тыс. KZT на 5, пропуск 42% — смешанный профиль: плательщиков меньше 4, получателей меньше 11, пропуск вне зон транзита и осаждения",R5.peripheral,2,False,3,5,363000.0,153037.0,6,5,0.0004861091667224914,0.00012211295083857732,0.0013030934,0.000149785,0.4215895316804408,209963.0,0.0,0,False,observed_forwarder,0.0,6.0,0.3593902128243497,1,1,False,False,False,0.0,7,1877,True
100000003854444100,distributor,0.636,16,0.6133,"веер на 14 получателей, 14 переводов на 2.3 млн KZT; отдал на 2.1 млн KZT больше, чем получил в выборке | сквозной транзит за 2 дн. (74% суммы)",R1.distributor: out_deg >= 11,2,False,1,14,210000.0,2322909.0,4,14,0.0004667616271471915,0.0010752598119040178,0.0045332162,0.0,11.061471428571428,0.0,2112909.0,0,False,observed_forwarder,0.0,2.0,0.7448307273337009,1,1,True,False,False,0.7448307273337009,1595,1877,True
100000008547948100,distributor,1.0,4,0.766,"веер на 26 получателей, 31 перевод на 5.2 млн KZT; отдал на 5 млн KZT больше, чем получил в выборке | 4 плательщика в один день",R1.distributor: out_deg >= 11,2,False,6,26,212665.0,5185600.0,7,31,0.00042770372491676006,0.0011322141374262578,0.0001055066,5.6494e-06,24.383890155878966,0.0,4972935.0,0,False,observed_forwarder,0.0,5.0,0.21627198395556926,4,1,False,True,False,1.0,334,1877,True
100000005175148100,terminal,0.81,14,0.5983,"из 79 тыс. KZT дальше ушло только 19% (15 тыс. KZT на 1 получателя), осело 64 тыс. KZT — сумма остановилась здесь | сквозной транзит за 1 дн. (100% суммы)",R4b.terminal: дальше уходит не более 26% полученного — сумма осела,2,False,2,1,79000.0,15000.0,4,1,0.0007181459635567809,0.0,0.0001431445,5.1277e-06,0.189873417721519,64000.0,0.0,0,False,observed_forwarder,0.0,1.0,1.0,1,2,True,False,False,1.0,78,1877,False
100000002087788100,terminal,0.9,6,0.4345,"получил 100 тыс. KZT, 1 перевод от 1 плательщика; исходящих переводов 0, они проверены обходом на колене 2","R4a.terminal: исходящих переводов нет, они проверены обходом (depth <= 3)",2,False,1,0,100500.0,0.0,1,0,0.0006585724738436659,0.0,-0.0,0.0,0.0,100500.0,0.0,0,False,observed_sink,1.0,,,1,1,False,False,False,0.0,0,1877,False
100000004150593100,distributor,0.5,3,0.5777,"веер на 11 получателей, 16 переводов на 871 тыс. KZT; отдал на 814 тыс. KZT больше, чем получил в выборке | сквозной транзит за 0 дн. (82% суммы)",R1.distributor: out_deg >= 11,2,False,1,11,57000.0,871165.0,2,16,0.0003066265725556516,0.00022164097899513536,0.002820885,2.6036e-06,15.28359649122807,0.0,814165.0,0,False,observed_forwarder,0.0,0.5,0.815867258211705,1,2,True,False,False,0.815867258211705,1595,1877,True
100000001597505100,peripheral,0.5,32,0.2844,"вход 26 тыс. KZT от 1, выход 13 тыс. KZT на 1, пропуск 49% — смешанный профиль: плательщиков меньше 4, получателей меньше 11, пропуск вне зон транзита и осаждения",R5.peripheral,2,False,1,1,26460.0,12920.0,1,1,0.00031475890283167536,9.788454458522118e-06,2.15234e-05,0.0,0.48828420256991684,13540.0,0.0,0,False,observed_forwarder,0.0,,,1,1,False,False,False,0.0,7,1877,False
100000007629121100,terminal,0.65,2,0.3149,"получил 29 тыс. KZT, 1 перевод от 1 плательщика; исходящих переводов 0, они проверены обходом на колене 2; сумма ниже медианы графа 50 тыс. KZT — мелкий получатель","R4a.terminal: исходящих переводов нет, они проверены обходом (depth <= 3)",2,False,1,0,29000.0,0.0,1,0,0.00039603609156140733,0.0,-0.0,0.0,0.0,29000.0,0.0,0,False,observed_sink,1.0,,,1,1,False,False,False,0.0,0,1877,False
100000005614315100,terminal,0.9,3,0.5169,"получил 455 тыс. KZT, 1 перевод от 1 плательщика; исходящих переводов 0, они проверены обходом на колене 2","R4a.terminal: исходящих переводов нет, они проверены обходом (depth <= 3)",2,False,1,0,455000.0,0.0,1,0,0.0005750924282981921,0.0,-0.0,0.0,0.0,455000.0,0.0,0,False,observed_sink,1.0,,,1,1,False,False,False,0.0,0,1877,False
100000008324800100,transit,0.926,70,0.7355,"пропускает 97% полученного: вход 526 тыс. KZT от 3, выход 511 тыс. KZT на 1, деньги лежат 1 дн. | сквозной транзит за 1 дн. (100% суммы); дробление: 7 переводов от одного плательщика за день","R3a.transit: pass_through в [0.8, 1.2] — прошло почти всё полученное",2,False,3,1,526500.0,511000.0,17,13,0.0018517826355651432,1.922024458454748e-05,0.0,0.0031069867,0.9705603038936372,15500.0,0.0,0,False,observed_forwarder,0.0,1.0,1.0,2,7,True,False,True,1.0,1,1877,True
100000005030592100,terminal,0.65,14,0.1907,"получил 10 тыс. KZT, 1 перевод от 1 плательщика; исходящих переводов 0, они проверены обходом на колене 2; сумма ниже медианы графа 50 тыс. KZT — мелкий получатель","R4a.terminal: исходящих переводов нет, они проверены обходом (depth <= 3)",2,False,1,0,10000.0,0.0,1,0,0.0002887507034719386,0.0,-0.0,3.56763e-05,0.0,10000.0,0.0,0,False,observed_sink,1.0,,,1,1,False,False,False,0.0,0,1877,False
100000001633685100,terminal,0.65,1,0.4281,"получил 45 тыс. KZT, 3 перевода от 3 плательщиков; исходящих переводов 0, они проверены обходом на колене 2; сумма ниже медианы графа 50 тыс. KZT — мелкий получатель","R4a.terminal: исходящих переводов нет, они проверены обходом (depth <= 3)",2,False,3,0,45000.0,0.0,3,0,0.0003061866332400327,0.0,-0.0,0.0001368852,0.0,45000.0,0.0,0,False,observed_sink,1.0,,,1,1,False,False,False,0.0,0,1877,False
100000001848426100,terminal,0.9,7,0.3924,"получил 96 тыс. KZT, 1 перевод от 1 плательщика; исходящих переводов 0, они проверены обходом на колене 2","R4a.terminal: исходящих переводов нет, они проверены обходом (depth <= 3)",2,False,1,0,95530.0,0.0,1,0,0.00030367516856651344,0.0,-0.0,2.87214e-05,0.0,95530.0,0.0,0,False,observed_sink,1.0,,,1,1,False,False,False,0.0,0,1877,False
100000004580202100,transit,0.6,22,0.35,отдал 45 тыс. KZT на 3 получателей при поступлениях 9 тыс. KZT: 36 тыс. KZT пришло вне выборки (собраны только исходящие); удержания нет,"R3b.transit: pass_through > 1.2 — отдал больше, чем получил по данным, приток извне выборки",2,False,1,3,9000.0,45000.0,1,4,0.00032162328322811484,5.9444055416126226e-05,0.0,5.18e-08,5.0,0.0,36000.0,0,False,observed_forwarder,0.0,5.0,0.1111111111111111,1,1,False,False,False,0.0,3,1877,True
100000008717375100,terminal,0.65,2,0.2942,"получил 30 тыс. KZT, 1 перевод от 1 плательщика; исходящих переводов 0, они проверены обходом на колене 2; сумма ниже медианы графа 50 тыс. KZT — мелкий получатель","R4a.terminal: исходящих переводов нет, они проверены обходом (depth <= 3)",2,False,1,0,29506.0,0.0,1,0,0.00030177496912352865,0.0,-0.0,0.0,0.0,29506.0,0.0,0,False,observed_sink,1.0,,,1,1,False,False,False,0.0,0,1877,False
100000007861311100,terminal,0.65,7,0.3438,"получил 45 тыс. KZT, 1 перевод от 1 плательщика; исходящих переводов 0, они проверены обходом на колене 2; сумма ниже медианы графа 50 тыс. KZT — мелкий получатель","R4a.terminal: исходящих переводов нет, они проверены обходом (depth <= 3)",2,False,1,0,45000.0,0.0,1,0,0.0003585524623513066,0.0,-0.0,0.0,0.0,45000.0,0.0,0,False,observed_sink,1.0,,,1,1,False,False,False,0.0,0,1877,False
100000005578559100,distributor,0.955,8,0.6153,"веер на 21 получателя, 23 перевода на 893 тыс. KZT; отдал на 762 тыс. KZT больше, чем получил в выборке",R1.distributor: out_deg >= 11,2,False,2,21,131000.0,893163.6699999999,2,23,0.00039101511323013396,0.0009667514112443349,3.43799e-05,2.141e-06,6.818043282442748,0.0,762163.6699999999,0,False,observed_forwarder,0.0,0.0,0.4550061916423448,1,1,False,False,False,0.0,1595,1877,True
100000008764436100,terminal,0.65,0,0.2091,"получил 13 тыс. KZT, 1 перевод от 1 плательщика; исходящих переводов 0, они проверены обходом на колене 2; сумма ниже медианы графа 50 тыс. KZT — мелкий получатель","R4a.terminal: исходящих переводов нет, они проверены обходом (depth <= 3)",2,False,1,0,13100.0,0.0,1,0,0.00029001854298614835,0.0,-0.0,0.0,0.0,13100.0,0.0,0,False,observed_sink,1.0,,,1,1,False,False,False,0.0,0,270,False
100000000190228100,transit,0.6,8,0.3443,отдал 29 тыс. KZT на 1 получателя при поступлениях 5 тыс. KZT: 24 тыс. KZT пришло вне выборки (собраны только исходящие); удержания нет,"R3b.transit: pass_through > 1.2 — отдал больше, чем получил по данным, приток извне выборки",2,False,1,1,5000.0,28560.0,1,1,0.0005820068181865632,2.159800680119253e-05,0.0,0.0,5.712,0.0,23560.0,0,False,observed_forwarder,0.0,,,1,1,False,False,False,0.0,1,1877,True
100000003971049100,terminal,0.9,1,0.3474,"получил 56 тыс. KZT, 7 переводов от 1 плательщика; исходящих переводов 0, они проверены обходом на колене 2 | дробление: 7 поступлений по 8 тыс. в среднем","R4a.terminal: исходящих переводов нет, они проверены обходом (depth <= 3)",2,False,1,0,55900.0,0.0,7,0,0.00029426514402485806,0.0,-0.0,5.17213e-05,0.0,55900.0,0.0,0,False,observed_sink,1.0,,,1,1,False,False,True,0.0,0,1877,False
100000008743913100,distributor,0.591,20,0.6689,"веер на 13 получателей, 13 переводов на 1.9 млн KZT; отдал на 1.7 млн KZT больше, чем получил в выборке",R1.distributor: out_deg >= 11,2,False,3,13,149300.0,1850600.0,3,13,0.0003321078123765368,0.00030606507803785635,1.90982e-05,2.2845e-06,12.395177494976558,0.0,1701300.0,0,False,observed_forwarder,0.0,3.0,0.44796282286825895,2,1,False,False,False,0.5,21,1877,True
100000004400361100,terminal,0.65,3,0.1861,"получил 10 тыс. KZT, 1 перевод от 1 плательщика; исходящих переводов 0, они проверены обходом на колене 2; сумма ниже медианы графа 50 тыс. KZT — мелкий получатель","R4a.terminal: исходящих переводов нет, они проверены обходом (depth <= 3)",2,False,1,0,10000.0,0.0,1,0,0.0002872256288669917,0.0,-0.0,4.0408e-06,0.0,10000.0,0.0,0,False,observed_sink,1.0,,,1,1,False,False,False,0.0,0,1877,False
100000002175422100,transit,0.6,31,0.6774,отдал 1.6 млн KZT на 6 получателей при поступлениях 68 тыс. KZT: 1.6 млн KZT пришло вне выборки (собраны только исходящие); удержания нет,"R3b.transit: pass_through > 1.2 — отдал больше, чем получил по данным, приток извне выборки",2,False,3,6,68500.0,1621188.0,5,14,0.0008458861317816005,0.00015871562796105702,0.00254742,0.0,23.66697810218978,0.0,1552688.0,0,False,observed_forwarder,0.0,3.0,0.497282239937626,2,1,False,False,False,0.5,10,1877,True
100000004544958100,terminal,0.85,9,0.5538,"из 168 тыс. KZT дальше ушло только 14% (23 тыс. KZT на 2 получателей), осело 145 тыс. KZT — сумма остановилась здесь",R4b.terminal: дальше уходит не более 26% полученного — сумма осела,2,False,1,2,168000.0,23200.0,3,2,0.001214607508891013,2.0805419395644178e-05,5.31092e-05,0.0,0.1380952380952381,144800.0,0.0,0,False,observed_forwarder,0.0,3.0,0.22413793103448276,1,2,False,False,False,0.5,2,1877,True
100000008466579100,distributor,0.773,4,0.614,"веер на 17 получателей, 20 переводов на 1.9 млн KZT; отдал на 1.9 млн KZT больше, чем получил в выборке",R1.distributor: out_deg >= 11,2,False,2,17,36952.0,1933000.0,2,20,0.0003534138885849347,0.0005056322361854107,9.92531e-05,5.411e-07,52.31110630006495,0.0,1896048.0,0,False,observed_forwarder,0.0,0.5,0.06466632177961718,1,1,False,False,False,0.0,334,1877,True
100000001184915100,terminal,0.9,14,0.509,"получил 201 тыс. KZT, 2 перевода от 1 плательщика; исходящих переводов 0, они проверены обходом на колене 2","R4a.terminal: исходящих переводов нет, они проверены обходом (depth <= 3)",2,False,1,0,201000.0,0.0,2,0,0.0003495156202357229,0.0,-0.0,3.56763e-05,0.0,201000.0,0.0,0,False,observed_sink,1.0,,,1,2,False,False,False,0.5,0,1877,False
100000004435304100,terminal,0.65,0,0.2782,"получил 26 тыс. KZT, 1 перевод от 1 плательщика; исходящих переводов 0, они проверены обходом на колене 2; сумма ниже медианы графа 50 тыс. KZT — мелкий получатель","R4a.terminal: исходящих переводов нет, они проверены обходом (depth <= 3)",2,False,1,0,26200.0,0.0,1,0,0.0002944677917550065,0.0,-0.0,0.0,0.0,26200.0,0.0,0,False,observed_sink,1.0,,,1,1,False,False,False,0.0,0,270,False
100000008762728100,terminal,0.65,3,0.2532,"получил 17 тыс. KZT, 1 перевод от 1 плательщика; исходящих переводов 0, они проверены обходом на колене 2; сумма ниже медианы графа 50 тыс. KZT — мелкий получатель","R4a.terminal: исходящих переводов нет, они проверены обходом (depth <= 3)",2,False,1,0,17026.0,0.0,1,0,0.00031770106594377587,0.0,-0.0,1.7908e-06,0.0,17026.0,0.0,0,False,observed_sink,1.0,,,1,1,False,False,False,0.0,0,1877,False
100000004285800100,transit,0.6,1,0.2456,отдал 15 тыс. KZT на 1 получателя при поступлениях 5 тыс. KZT: 10 тыс. KZT пришло вне выборки (собраны только исходящие); удержания нет,"R3b.transit: pass_through > 1.2 — отдал больше, чем получил по данным, приток извне выборки",2,False,1,1,5000.0,15000.0,1,1,0.0003442181347832994,0.0,0.0,0.0,3.0,0.0,10000.0,0,False,observed_forwarder,0.0,,,1,1,False,False,False,0.0,1,1877,False
100000008557672100,terminal,0.65,0,0.3359,"получил 49 тыс. KZT, 1 перевод от 1 плательщика; исходящих переводов 0, они проверены обходом на колене 2; сумма ниже медианы графа 50 тыс. KZT — мелкий получатель","R4a.terminal: исходящих переводов нет, они проверены обходом (depth <= 3)",2,False,1,0,49125.0,0.0,1,0,0.0003022539771005084,0.0,-0.0,0.0,0.0,49125.0,0.0,0,False,observed_sink,1.0,,,1,1,False,False,False,0.0,0,270,False
100000005142589100,terminal,0.9,1,0.4012,"получил 50 тыс. KZT, 2 перевода от 1 плательщика; исходящих переводов 0, они проверены обходом на колене 2","R4a.terminal: исходящих переводов нет, они проверены обходом (depth <= 3)",2,False,1,0,50000.0,0.0,2,0,0.0003103697710860747,0.0,-0.0,5.34685e-05,0.0,50000.0,0.0,0,False,observed_sink,1.0,,,1,2,False,False,False,0.5,0,1877,False
100000003747133100,consolidator,0.625,47,0.6944,"сходятся 5 плательщиков на 2 получателей; получено 237 тыс. KZT, отдано дальше 105%, осело 0 KZT | сквозной транзит за 2 дн. (92% суммы)","R2.consolidator: in_deg >= 4 и out_deg <= max(2, in_deg/2)",2,False,5,2,237068.0,250000.0,8,2,0.00037807073413400786,9.610122292273739e-05,0.0,0.0005056699,1.0545497494389795,0.0,12932.0,0,False,observed_forwarder,0.0,1.5,0.92,2,1,True,False,False,0.92,5,1877,True
100000003289405100,terminal,0.9,2,0.4862,"получил 355 тыс. KZT, 1 перевод от 1 плательщика; исходящих переводов 0, они проверены обходом на колене 2","R4a.terminal: исходящих переводов нет, они проверены обходом (depth <= 3)",2,False,1,0,355000.0,0.0,1,0,0.0003390046672361447,0.0,-0.0,6.21186e-05,0.0,355000.0,0.0,0,False,observed_sink,1.0,,,1,1,False,False,False,0.0,0,1877,False
100000002691858100,terminal,0.9,32,0.3637,"получил 52 тыс. KZT, 1 перевод от 1 плательщика; исходящих переводов 0, они проверены обходом на колене 2","R4a.terminal: исходящих переводов нет, они проверены обходом (depth <= 3)",2,False,1,0,51500.0,0.0,1,0,0.0003423820245136182,0.0,-0.0,0.0,0.0,51500.0,0.0,0,False,observed_sink,1.0,,,1,1,False,False,False,0.0,0,1877,False
100000007534354100,transit,0.6,9,0.399,отдал 148 тыс. KZT на 3 получателей при поступлениях 50 тыс. KZT: 98 тыс. KZT пришло вне выборки (собраны только исходящие); удержания нет,"R3b.transit: pass_through > 1.2 — отдал больше, чем получил по данным, приток извне выборки",2,False,1,3,50000.0,147810.0,1,3,0.00030354781418186395,2.377762216645049e-06,1.32171e-05,4.09e-08,2.9562,0.0,97810.0,0,False,observed_forwarder,0.0,,,1,1,False,False,False,0.0,6,1877,True
100000000765628100,terminal,0.65,3,0.1957,"получил 5 тыс. KZT, 1 перевод от 1 плательщика; исходящих переводов 0, они проверены обходом на колене 2; сумма ниже медианы графа 50 тыс. KZT — мелкий получатель","R4a.terminal: исходящих переводов нет, они проверены обходом (depth <= 3)",2,False,1,0,5000.0,0.0,1,0,0.00031542416946217386,0.0,-0.0,2.475e-06,0.0,5000.0,0.0,0,False,observed_sink,1.0,,,1,1,False,False,False,0.0,0,1877,False
100000004962193100,coordinator,0.8,1,0.833,получает 900 тыс. KZT (топ-5% графа) от 8 плательщиков; 2 из них сами собирают от 4+ плательщиков; отдаёт дальше 0% | 5 плательщиков в один день,"R6.coordinator: >= 2 плательщиков-сборщиков (in_deg >= 4) либо >= 2 seed-плательщиков, при in_kzt в топ-5% (614 тыс. KZT) и не seed",2,False,8,0,900468.0,0.0,11,0,0.00065731504427257,0.0,-0.0,0.0004994172,0.0,900468.0,0.0,0,False,observed_sink,1.0,,,5,2,False,True,False,1.0,0,1877,False
100000005032294100,terminal,0.65,13,0.233,"получил 10 тыс. KZT, 1 перевод от 1 плательщика; исходящих переводов 0, они проверены обходом на колене 2; сумма ниже медианы графа 50 тыс. KZT — мелкий получатель","R4a.terminal: исходящих переводов нет, они проверены обходом (depth <= 3)",2,False,1,0,10000.0,0.0,1,0,0.0003923872798230175,0.0,-0.0,0.0,0.0,10000.0,0.0,0,False,observed_sink,1.0,,,1,1,False,False,False,0.0,0,1877,False
100000001251686100,terminal,0.65,2,0.245,"получил 18 тыс. KZT, 1 перевод от 1 плательщика; исходящих переводов 0, они проверены обходом на колене 2; сумма ниже медианы графа 50 тыс. KZT — мелкий получатель","R4a.terminal: исходящих переводов нет, они проверены обходом (depth <= 3)",2,False,1,0,18000.0,0.0,1,0,0.00029656884239999225,0.0,-0.0,0.0001427673,0.0,18000.0,0.0,0,False,observed_sink,1.0,,,1,1,False,False,False,0.0,0,1877,False
100000002398779100,coordinator,0.9,1,0.8796,получает 1.1 млн KZT (топ-5% графа) от 13 плательщиков; 3 из них сами собирают от 4+ плательщиков; отдаёт дальше 6% | 7 плательщиков в один день; сквозной транзит за 0 дн. (100% суммы),"R6.coordinator: >= 2 плательщиков-сборщиков (in_deg >= 4) либо >= 2 seed-плательщиков, при in_kzt в топ-5% (614 тыс. KZT) и не seed",2,False,13,1,1095690.0,66000.0,28,3,0.0016005031258790202,1.2780471914467137e-05,3.93462e-05,0.0005927895,0.06023601566136407,1029690.0,0.0,0,False,observed_forwarder,0.0,0.0,1.0,7,5,True,True,True,1.0,1,1877,False
100000008512827100,transit,0.6,12,0.6852,отдал 1.9 млн KZT на 10 получателей при поступлениях 108 тыс. KZT: 1.8 млн KZT пришло вне выборки (собраны только исходящие); удержания нет | сквозной транзит за 2 дн. (80% суммы),"R3b.transit: pass_through > 1.2 — отдал больше, чем получил по данным, приток извне выборки",2,False,3,10,107949.0,1944500.0,3,10,0.0003352561979240567,0.00013726544500137548,0.0001459692,3.912e-07,18.01313583266172,0.0,1836551.0,0,False,observed_forwarder,0.0,2.0,0.7986628953458472,1,1,True,False,False,0.7986628953458472,13,1877,True
100000003943483100,terminal,0.65,11,0.224,"получил 10 тыс. KZT, 1 перевод от 1 плательщика; исходящих переводов 0, они проверены обходом на колене 2; сумма ниже медианы графа 50 тыс. KZT — мелкий получатель","R4a.terminal: исходящих переводов нет, они проверены обходом (depth <= 3)",2,False,1,0,10000.0,0.0,1,0,0.00032896498623384866,0.0,-0.0,0.0,0.0,10000.0,0.0,0,False,observed_sink,1.0,,,1,1,False,False,False,0.0,0,1877,False
100000005031696100,transit,0.6,51,0.4297,отдал 115 тыс. KZT на 2 получателей при поступлениях 5 тыс. KZT: 110 тыс. KZT пришло вне выборки (собраны только исходящие); удержания нет,"R3b.transit: pass_through > 1.2 — отдал больше, чем получил по данным, приток извне выборки",2,False,1,2,5000.0,115000.0,1,3,0.0005397118809391441,9.59030760713503e-05,0.0,0.0,23.0,0.0,110000.0,0,False,observed_forwarder,0.0,4.0,0.043478260869565216,1,1,False,False,False,0.0,4,1877,True
100000002703376100,terminal,0.65,1,0.3186,"получил 47 тыс. KZT, 1 перевод от 1 плательщика; исходящих переводов 0, они проверены обходом на колене 2; сумма ниже медианы графа 50 тыс. KZT — мелкий получатель","R4a.terminal: исходящих переводов нет, они проверены обходом (depth <= 3)",2,False,1,0,46501.0,0.0,1,0,0.0002928030278827949,0.0,-0.0,5.17213e-05,0.0,46501.0,0.0,0,False,observed_sink,1.0,,,1,1,False,False,False,0.0,0,1877,False
100000003617552100,terminal,0.65,29,0.3119,"получил 25 тыс. KZT, 1 перевод от 1 плательщика; исходящих переводов 0, они проверены обходом на колене 2; сумма ниже медианы графа 50 тыс. KZT — мелкий получатель","R4a.terminal: исходящих переводов нет, они проверены обходом (depth <= 3)",2,False,1,0,25000.0,0.0,1,0,0.0005510452542740746,0.0,-0.0,0.0,0.0,25000.0,0.0,0,False,observed_sink,1.0,,,1,1,False,False,False,0.0,0,13,False
100000007617808100,terminal,0.9,3,0.4999,"получил 450 тыс. KZT, 1 перевод от 1 плательщика; исходящих переводов 0, они проверены обходом на колене 2","R4a.terminal: исходящих переводов нет, они проверены обходом (depth <= 3)",2,False,1,0,450000.0,0.0,1,0,0.0003601043534538573,0.0,-0.0,4.0408e-06,0.0,450000.0,0.0,0,False,observed_sink,1.0,,,1,1,False,False,False,0.0,0,1877,False
100000002613776100,terminal,0.65,2,0.2968,"получил 30 тыс. KZT, 2 перевода от 1 плательщика; исходящих переводов 0, они проверены обходом на колене 2; сумма ниже медианы графа 50 тыс. KZT — мелкий получатель","R4a.terminal: исходящих переводов нет, они проверены обходом (depth <= 3)",2,False,1,0,30000.0,0.0,2,0,0.0003014863033266457,0.0,-0.0,0.0001594807,0.0,30000.0,0.0,0,False,observed_sink,1.0,,,1,1,False,False,False,0.0,0,1877,False
100000002578405100,distributor,1.0,0,0.7127,"веер на 116 получателей, 120 переводов на 3.1 млн KZT; отдал на 1.9 млн KZT больше, чем получил в выборке | сквозной транзит за 1 дн. (67% суммы)",R1.distributor: out_deg >= 11,2,False,2,116,1200351.0,3108352.0,7,120,0.0005700071256448117,0.00017100073274705643,0.0,0.0,2.589535894084314,0.0,1908001.0,0,False,observed_forwarder,0.0,1.0,0.6693176963226816,1,2,True,False,False,0.6693176963226816,269,270,True
100000006161893100,terminal,0.65,3,0.2579,"получил 14 тыс. KZT, 1 перевод от 1 плательщика; исходящих переводов 0, они проверены обходом на колене 2; сумма ниже медианы графа 50 тыс. KZT — мелкий получатель","R4a.terminal: исходящих переводов нет, они проверены обходом (depth <= 3)",2,False,1,0,14000.0,0.0,1,0,0.0005318535188146666,0.0,-0.0,0.0,0.0,14000.0,0.0,0,False,observed_sink,1.0,,,1,1,False,False,False,0.0,0,1877,False
100000002633701100,terminal,0.9,8,0.4612,"получил 267 тыс. KZT, 1 перевод от 1 плательщика; исходящих переводов 0, они проверены обходом на колене 2","R4a.terminal: исходящих переводов нет, они проверены обходом (depth <= 3)",2,False,1,0,266850.0,0.0,1,0,0.0003106797854015696,0.0,-0.0,5.013e-07,0.0,266850.0,0.0,0,False,observed_sink,1.0,,,1,1,False,False,False,0.0,0,1877,False
100000002432143100,terminal,0.9,2,0.3923,"получил 81 тыс. KZT, 1 перевод от 1 плательщика; исходящих переводов 0, они проверены обходом на колене 2","R4a.terminal: исходящих переводов нет, они проверены обходом (depth <= 3)",2,False,1,0,81310.0,0.0,1,0,0.0003352566977025957,0.0,-0.0,0.0001427673,0.0,81310.0,0.0,0,False,observed_sink,1.0,,,1,1,False,False,False,0.0,0,1877,False
100000000490383100,transit,0.6,3,0.5889,отдал 461 тыс. KZT на 8 получателей при поступлениях 63 тыс. KZT: 399 тыс. KZT пришло вне выборки (собраны только исходящие); удержания нет,"R3b.transit: pass_through > 1.2 — отдал больше, чем получил по данным, приток извне выборки",2,False,3,8,62600.0,461375.0,3,9,0.0005480373500605425,5.1650279261567445e-05,0.0013133308,2.814e-06,7.37020766773163,0.0,398775.0,0,False,observed_forwarder,0.0,8.5,0.01083717149823896,1,1,False,False,False,0.0,15,1877,True
100000005809252100,terminal,0.65,6,0.3132,"получил 25 тыс. KZT, 1 перевод от 1 плательщика; исходящих переводов 0, они проверены обходом на колене 2; сумма ниже медианы графа 50 тыс. KZT — мелкий получатель","R4a.terminal: исходящих переводов нет, они проверены обходом (depth <= 3)",2,False,1,0,25000.0,0.0,1,0,0.0005671286342298138,0.0,-0.0,0.0,0.0,25000.0,0.0,0,False,observed_sink,1.0,,,1,1,False,False,False,0.0,0,1877,False
100000006612238100,terminal,0.844,0,0.5401,"из 160 тыс. KZT дальше ушло только 16% (25 тыс. KZT на 1 получателя), осело 135 тыс. KZT — сумма остановилась здесь | сквозной транзит за 0 дн. (100% суммы)",R4b.terminal: дальше уходит не более 26% полученного — сумма осела,2,False,1,1,160000.0,25000.0,1,1,0.00033991126391326795,0.0,0.0,0.0,0.15625,135000.0,0.0,0,False,observed_forwarder,0.0,0.0,1.0,1,1,True,False,False,1.0,269,270,False
100000002593038100,terminal,0.65,11,0.3285,"получил 28 тыс. KZT, 1 перевод от 1 плательщика; исходящих переводов 0, они проверены обходом на колене 2; сумма ниже медианы графа 50 тыс. KZT — мелкий получатель","R4a.terminal: исходящих переводов нет, они проверены обходом (depth <= 3)",2,False,1,0,28500.0,0.0,1,0,0.000658612414499517,0.0,-0.0,0.0,0.0,28500.0,0.0,0,False,observed_sink,1.0,,,1,1,False,False,False,0.0,0,1877,False
100000002947299100,terminal,0.9,2,0.3959,"получил 85 тыс. KZT, 1 перевод от 1 плательщика; исходящих переводов 0, они проверены обходом на колене 2","R4a.terminal: исходящих переводов нет, они проверены обходом (depth <= 3)",2,False,1,0,85000.0,0.0,1,0,0.0003375116050800497,0.0,-0.0,0.0001427673,0.0,85000.0,0.0,0,False,observed_sink,1.0,,,1,1,False,False,False,0.0,0,1877,False
100000004336312100,transit,0.509,34,0.6435,"пропускает 80% полученного: вход 90 тыс. KZT от 3, выход 73 тыс. KZT на 2, деньги лежат 5 дн. | 3 плательщика в один день; дробление: 7 поступлений по 13 тыс. в среднем","R3a.transit: pass_through в [0.8, 1.2] — прошло почти всё полученное",2,False,3,2,90415.0,72650.0,7,3,0.0006960070275624496,3.37840381614984e-05,7.6882e-06,1.517e-07,0.8035171155228668,17765.0,0.0,0,False,observed_forwarder,0.0,5.0,0.5182381280110117,3,1,False,True,True,1.0,23,1877,False
100000001308856100,terminal,0.65,0,0.2811,"получил 27 тыс. KZT, 1 перевод от 1 плательщика; исходящих переводов 0, они проверены обходом на колене 2; сумма ниже медианы графа 50 тыс. KZT — мелкий получатель","R4a.terminal: исходящих переводов нет, они проверены обходом (depth <= 3)",2,False,1,0,27000.0,0.0,1,0,0.0002947395016034864,0.0,-0.0,0.0,0.0,27000.0,0.0,0,False,observed_sink,1.0,,,1,1,False,False,False,0.0,0,270,False
100000008238989100,terminal,0.9,22,0.4502,"получил 200 тыс. KZT, 2 перевода от 1 плательщика; исходящих переводов 0, они проверены обходом на колене 2","R4a.terminal: исходящих переводов нет, они проверены обходом (depth <= 3)",2,False,1,0,200000.0,0.0,2,0,0.0003232476510835702,0.0,-0.0,9.19076e-05,0.0,200000.0,0.0,0,False,observed_sink,1.0,,,1,1,False,False,False,0.0,0,1877,False
100000005561741100,terminal,0.65,8,0.292,"получил 25 тыс. KZT, 1 перевод от 1 плательщика; исходящих переводов 0, они проверены обходом на колене 2; сумма ниже медианы графа 50 тыс. KZT — мелкий получатель","R4a.terminal: исходящих переводов нет, они проверены обходом (depth <= 3)",2,False,1,0,25000.0,0.0,1,0,0.0003298457193194186,0.0,-0.0,0.0,0.0,25000.0,0.0,0,False,observed_sink,1.0,,,1,1,False,False,False,0.0,0,1877,False
100000006248077100,terminal,0.9,3,0.3346,"получил 50 тыс. KZT, 1 перевод от 1 плательщика; исходящих переводов 0, они проверены обходом на колене 2","R4a.terminal: исходящих переводов нет, они проверены обходом (depth <= 3)",2,False,1,0,50000.0,0.0,1,0,0.00029385096746579765,0.0,-0.0,4.0408e-06,0.0,50000.0,0.0,0,False,observed_sink,1.0,,,1,1,False,False,False,0.0,0,1877,False
100000000646541100,terminal,0.65,1,0.4089,"получил 25 тыс. KZT, 4 перевода от 3 плательщиков; исходящих переводов 0, они проверены обходом на колене 2; сумма ниже медианы графа 50 тыс. KZT — мелкий получатель","R4a.terminal: исходящих переводов нет, они проверены обходом (depth <= 3)",2,False,3,0,25300.0,0.0,4,0,0.0005058630830440042,0.0,-0.0,4.57758e-05,0.0,25300.0,0.0,0,False,observed_sink,1.0,,,1,1,False,False,False,0.0,0,1877,False
100000006595426100,terminal,0.9,2,0.3949,"получил 85 тыс. KZT, 3 перевода от 1 плательщика; исходящих переводов 0, они проверены обходом на колене 2","R4a.terminal: исходящих переводов нет, они проверены обходом (depth <= 3)",2,False,1,0,84800.0,0.0,3,0,0.000334319780409647,0.0,-0.0,5.31019e-05,0.0,84800.0,0.0,0,False,observed_sink,1.0,,,1,1,False,False,False,0.0,0,1877,False
100000002956898100,terminal,0.9,14,0.565,"получил 290 тыс. KZT, 2 перевода от 2 плательщиков; исходящих переводов 0, они проверены обходом на колене 2","R4a.terminal: исходящих переводов нет, они проверены обходом (depth <= 3)",2,False,2,0,290240.0,0.0,2,0,0.0003768413148122,0.0,-0.0,8.82462e-05,0.0,290240.0,0.0,0,False,observed_sink,1.0,,,1,1,False,False,False,0.0,0,1877,False
100000001262647100,terminal,0.65,14,0.2737,"получил 24 тыс. KZT, 1 перевод от 1 плательщика; исходящих переводов 0, они проверены обходом на колене 2; сумма ниже медианы графа 50 тыс. KZT — мелкий получатель","R4a.terminal: исходящих переводов нет, они проверены обходом (depth <= 3)",2,False,1,0,23650.0,0.0,1,0,0.000303391972492015,0.0,-0.0,0.0,0.0,23650.0,0.0,0,False,observed_sink,1.0,,,1,1,False,False,False,0.0,0,1877,False
100000005849100100,terminal,0.65,2,0.3321,"получил 33 тыс. KZT, 1 перевод от 1 плательщика; исходящих переводов 0, они проверены обходом на колене 2; сумма ниже медианы графа 50 тыс. KZT — мелкий получатель","R4a.terminal: исходящих переводов нет, они проверены обходом (depth <= 3)",2,False,1,0,33300.0,0.0,1,0,0.0004907169210974114,0.0,-0.0,0.0,0.0,33300.0,0.0,0,False,observed_sink,1.0,,,1,1,False,False,False,0.0,0,1877,False
100000000533217100,terminal,0.9,1,0.3882,"получил 54 тыс. KZT, 1 перевод от 1 плательщика; исходящих переводов 0, они проверены обходом на колене 2","R4a.terminal: исходящих переводов нет, они проверены обходом (depth <= 3)",2,False,1,0,53587.0,0.0,1,0,0.0006536029907362576,0.0,-0.0,0.0,0.0,53587.0,0.0,0,False,observed_sink,1.0,,,1,1,False,False,False,0.0,0,1877,False
100000002812641100,transit,0.7,8,0.3736,"пропускает 70% полученного: вход 10 тыс. KZT от 1, выход 7 тыс. KZT на 1, деньги лежат 1 дн. | сквозной транзит за 1 дн. (100% суммы)",R3d.transit: >=60% исходящих в пределах 2 суток после поступления,2,False,1,1,10000.0,7023.95,1,1,0.002063853851346023,0.0,1.30803e-05,0.0,0.702395,2976.05,0.0,0,False,observed_forwarder,0.0,1.0,1.0,1,1,True,False,False,1.0,1,1877,False
100000008647905100,transit,0.6,16,0.4571,отдал 344 тыс. KZT на 2 получателей при поступлениях 50 тыс. KZT: 294 тыс. KZT пришло вне выборки (собраны только исходящие); удержания нет,"R3b.transit: pass_through > 1.2 — отдал больше, чем получил по данным, приток извне выборки",2,False,1,2,50000.0,344222.0,1,2,0.00032871032586726667,3.844048916909496e-05,0.0,0.0,6.88444,0.0,294222.0,0,False,observed_forwarder,0.0,3.5,0.670497527758249,1,1,False,False,False,0.0,2,1877,True
100000002842337100,terminal,0.9,7,0.3625,"получил 50 тыс. KZT, 1 перевод от 1 плательщика; исходящих переводов 0, они проверены обходом на колене 2","R4a.terminal: исходящих переводов нет, они проверены обходом (depth <= 3)",2,False,1,0,50000.0,0.0,1,0,0.0003666617032550862,0.0,-0.0,0.0,0.0,50000.0,0.0,0,False,observed_sink,1.0,,,1,1,False,False,False,0.0,0,1877,False
100000002445750100,terminal,0.85,1,0.4307,"из 70 тыс. KZT дальше ушло только 14% (10 тыс. KZT на 1 получателя), осело 60 тыс. KZT — сумма остановилась здесь",R4b.terminal: дальше уходит не более 26% полученного — сумма осела,2,False,1,1,70000.0,10000.0,1,1,0.0005372906870343836,1.9418391435934565e-05,0.0,0.0,0.14285714285714285,60000.0,0.0,0,False,observed_forwarder,0.0,,,1,1,False,False,False,0.0,1,1877,True
100000005619339100,transit,0.779,3,0.2161,"пропускает 109% полученного: вход 5 тыс. KZT от 1, выход 5 тыс. KZT на 1","R3a.transit: pass_through в [0.8, 1.2] — прошло почти всё полученное",2,False,1,1,5000.0,5442.6,1,1,0.00032082585348585106,0.0,2.3145e-06,2.052e-07,1.0885200000000002,0.0,442.60000000000036,0,False,observed_forwarder,0.0,,,1,1,False,False,False,0.0,1,1877,False
100000006844768100,transit,0.673,1,0.5396,"пропускает 67% полученного: вход 282 тыс. KZT от 1, выход 188 тыс. KZT на 2, деньги лежат 16 дн.",R3d.transit: >=60% исходящих в пределах 2 суток после поступления,2,False,1,2,282000.0,188000.0,5,5,0.0013707774167538995,3.883678287186913e-05,0.0044405471,0.0,0.6666666666666666,94000.0,0.0,0,False,observed_forwarder,0.0,16.0,0.8670212765957447,1,1,False,False,False,0.0,4,1877,True
100000002488629100,terminal,0.9,7,0.3695,"получил 73 тыс. KZT, 1 перевод от 1 плательщика; исходящих переводов 0, они проверены обходом на колене 2","R4a.terminal: исходящих переводов нет, они проверены обходом (depth <= 3)",2,False,1,0,73050.0,0.0,1,0,0.0002994145168825342,0.0,-0.0,2.87214e-05,0.0,73050.0,0.0,0,False,observed_sink,1.0,,,1,1,False,False,False,0.0,0,1877,False
100000002796853100,terminal,0.768,62,0.5676,"из 199 тыс. KZT дальше ушло только 23% (46 тыс. KZT на 1 получателя), осело 153 тыс. KZT — сумма остановилась здесь | сквозной транзит за 0 дн. (89% суммы)",R4b.terminal: дальше уходит не более 26% полученного — сумма осела,2,False,1,1,199000.0,46167.62,8,5,0.0021135984327106993,0.0,0.0,4.95e-08,0.23199809045226133,152832.38,0.0,0,False,observed_forwarder,0.0,0.0,0.8916989872988904,1,2,True,False,False,0.8916989872988904,336,1877,False
100000006755850100,terminal,0.9,6,0.5695,"получил 443 тыс. KZT, 3 перевода от 1 плательщика; исходящих переводов 0, они проверены обходом на колене 2","R4a.terminal: исходящих переводов нет, они проверены обходом (depth <= 3)",2,False,1,0,443475.8,0.0,3,0,0.0006492085817124307,0.0,-0.0,0.0,0.0,443475.8,0.0,0,False,observed_sink,1.0,,,1,2,False,False,False,0.5,0,1877,False
100000008733194100,transit,0.642,10,0.7024,"пропускает 64% полученного: вход 251 тыс. KZT от 4, выход 160 тыс. KZT на 8, деньги лежат 1 дн. | сквозной транзит за 1 дн. (71% суммы)",R3d.transit: >=60% исходящих в пределах 2 суток после поступления,2,False,4,8,251424.0,159695.0,4,8,0.0004707255944091275,0.00020045361098198542,2.2859e-06,0.0005194386,0.6351621165839378,91729.0,0.0,0,False,observed_forwarder,0.0,1.0,0.711481261154075,2,1,True,False,False,0.711481261154075,11,1877,True
100000001904863100,terminal,0.9,13,0.5142,"получил 500 тыс. KZT, 1 перевод от 1 плательщика; исходящих переводов 0, они проверены обходом на колене 2","R4a.terminal: исходящих переводов нет, они проверены обходом (depth <= 3)",2,False,1,0,500000.0,0.0,1,0,0.0004817984770777479,0.0,-0.0,4.3e-09,0.0,500000.0,0.0,0,False,observed_sink,1.0,,,1,1,False,False,False,0.0,0,1877,False
100000001641951100,terminal,0.65,2,0.2891,"получил 25 тыс. KZT, 4 перевода от 1 плательщика; исходящих переводов 0, они проверены обходом на колене 2; сумма ниже медианы графа 50 тыс. KZT — мелкий получатель","R4a.terminal: исходящих переводов нет, они проверены обходом (depth <= 3)",2,False,1,0,25000.0,0.0,4,0,0.00031906388743239267,0.0,-0.0,0.0,0.0,25000.0,0.0,0,False,observed_sink,1.0,,,1,1,False,False,False,0.0,0,1877,False
100000004816564100,terminal,0.85,14,0.6157,"из 285 тыс. KZT дальше ушло только 2% (5 тыс. KZT на 1 получателя), осело 280 тыс. KZT — сумма остановилась здесь | сквозной транзит за 1 дн. (100% суммы)",R4b.terminal: дальше уходит не более 26% полученного — сумма осела,2,False,1,1,285480.0,5000.0,1,1,0.00037639216561899256,1.922024458454748e-05,0.0,3.56763e-05,0.01751436177665686,280480.0,0.0,0,False,observed_forwarder,0.0,1.0,1.0,1,1,True,False,False,1.0,1,1877,True
100000002205022100,transit,0.6,54,0.4944,отдал 518 тыс. KZT на 3 получателей при поступлениях 7 тыс. KZT: 511 тыс. KZT пришло вне выборки (собраны только исходящие); удержания нет,"R3b.transit: pass_through > 1.2 — отдал больше, чем получил по данным, приток извне выборки",2,False,1,3,7100.0,518000.0,1,3,0.0005456370301467006,5.451240044826982e-05,1.7618e-06,0.0,72.95774647887323,0.0,510900.0,0,False,observed_forwarder,0.0,5.0,0.011583011583011582,1,1,False,False,False,0.0,3,1877,True
100000002267998100,transit,0.6,22,0.6816,отдал 1.1 млн KZT на 3 получателей при поступлениях 420 тыс. KZT: 695 тыс. KZT пришло вне выборки (собраны только исходящие); удержания нет | сквозной транзит за 2 дн. (74% суммы),"R3b.transit: pass_through > 1.2 — отдал больше, чем получил по данным, приток извне выборки",2,False,2,3,420000.0,1115000.0,4,12,0.0015848317238056746,5.8849614861964964e-05,0.0001702141,3.2496e-06,2.6547619047619047,0.0,695000.0,0,False,observed_forwarder,0.0,2.0,0.7354260089686099,1,1,True,False,False,0.7354260089686099,11,1877,True
100000002199091100,terminal,0.9,0,0.3687,"получил 65 тыс. KZT, 1 перевод от 1 плательщика; исходящих переводов 0, они проверены обходом на колене 2","R4a.terminal: исходящих переводов нет, они проверены обходом (depth <= 3)",2,False,1,0,65000.0,0.0,1,0,0.0003076457194062812,0.0,-0.0,0.0,0.0,65000.0,0.0,0,False,observed_sink,1.0,,,1,1,False,False,False,0.0,0,270,False
100000008571443100,terminal,0.9,10,0.4567,"получил 65 тыс. KZT, 2 перевода от 2 плательщиков; исходящих переводов 0, они проверены обходом на колене 2","R4a.terminal: исходящих переводов нет, они проверены обходом (depth <= 3)",2,False,2,0,65000.0,0.0,2,0,0.00031474857317144846,0.0,-0.0,0.0003125619,0.0,65000.0,0.0,0,False,observed_sink,1.0,,,1,1,False,False,False,0.0,0,1877,False
100000002742067100,terminal,0.65,14,0.206,"получил 13 тыс. KZT, 1 перевод от 1 плательщика; исходящих переводов 0, они проверены обходом на колене 2; сумма ниже медианы графа 50 тыс. KZT — мелкий получатель","R4a.terminal: исходящих переводов нет, они проверены обходом (depth <= 3)",2,False,1,0,12730.0,0.0,1,0,0.0002896192281984576,0.0,-0.0,3.56763e-05,0.0,12730.0,0.0,0,False,observed_sink,1.0,,,1,1,False,False,False,0.0,0,1877,False
100000003292979100,terminal,0.65,2,0.3472,"получил 49 тыс. KZT, 1 перевод от 1 плательщика; исходящих переводов 0, они проверены обходом на колене 2; сумма ниже медианы графа 50 тыс. KZT — мелкий получатель","R4a.terminal: исходящих переводов нет, они проверены обходом (depth <= 3)",2,False,1,0,48950.0,0.0,1,0,0.0003303145122730726,0.0,-0.0,9.978e-07,0.0,48950.0,0.0,0,False,observed_sink,1.0,,,1,1,False,False,False,0.0,0,1877,False
100000002558173100,terminal,0.65,32,0.1992,"получил 9 тыс. KZT, 1 перевод от 1 плательщика; исходящих переводов 0, они проверены обходом на колене 2; сумма ниже медианы графа 50 тыс. KZT — мелкий получатель","R4a.terminal: исходящих переводов нет, они проверены обходом (depth <= 3)",2,False,1,0,9300.0,0.0,1,0,0.0002958286804649766,0.0,-0.0,0.0,0.0,9300.0,0.0,0,False,observed_sink,1.0,,,1,1,False,False,False,0.0,0,1877,False
100000004687282100,terminal,0.65,3,0.2716,"получил 20 тыс. KZT, 1 перевод от 1 плательщика; исходящих переводов 0, они проверены обходом на колене 2; сумма ниже медианы графа 50 тыс. KZT — мелкий получатель","R4a.terminal: исходящих переводов нет, они проверены обходом (depth <= 3)",2,False,1,0,20000.0,0.0,1,0,0.000332271768914904,0.0,-0.0,0.0,0.0,20000.0,0.0,0,False,observed_sink,1.0,,,1,1,False,False,False,0.0,0,1877,False
100000003034546100,terminal,0.9,8,0.4988,"получил 487 тыс. KZT, 2 перевода от 1 плательщика; исходящих переводов 0, они проверены обходом на колене 2","R4a.terminal: исходящих переводов нет, они проверены обходом (depth <= 3)",2,False,1,0,486715.0,0.0,2,0,0.0003313690046042362,0.0,-0.0,5.013e-07,0.0,486715.0,0.0,0,False,observed_sink,1.0,,,1,1,False,False,False,0.0,0,1877,False
100000003798151100,terminal,0.9,3,0.5049,"получил 350 тыс. KZT, 3 перевода от 1 плательщика; исходящих переводов 0, они проверены обходом на колене 2","R4a.terminal: исходящих переводов нет, они проверены обходом (depth <= 3)",2,False,1,0,350000.0,0.0,3,0,0.0005753929174195429,0.0,-0.0,0.0,0.0,350000.0,0.0,0,False,observed_sink,1.0,,,1,1,False,False,False,0.0,0,1877,False
100000008710791100,distributor,1.0,4,0.7138,"веер на 23 получателей, 25 переводов на 5.5 млн KZT; отдал на 5.3 млн KZT больше, чем получил в выборке | сквозной транзит за 1 дн. (70% суммы)",R1.distributor: out_deg >= 11,2,False,3,23,181510.0,5521511.0,3,25,0.0003342621960762564,0.00031460850776037077,0.0001728238,1.6642e-06,30.41987218335078,0.0,5340001.0,0,False,observed_forwarder,0.0,1.0,0.7006958783564862,1,1,True,False,False,0.7006958783564862,26,1877,True
100000008688476100,terminal,0.65,0,0.2653,"получил 24 тыс. KZT, 1 перевод от 1 плательщика; исходящих переводов 0, они проверены обходом на колене 2; сумма ниже медианы графа 50 тыс. KZT — мелкий получатель","R4a.terminal: исходящих переводов нет, они проверены обходом (depth <= 3)",2,False,1,0,24000.0,0.0,1,0,0.0002937205896716869,0.0,-0.0,0.0,0.0,24000.0,0.0,0,False,observed_sink,1.0,,,1,1,False,False,False,0.0,0,270,False
100000003242289100,distributor,1.0,15,0.7008,"веер на 23 получателей, 26 переводов на 2.4 млн KZT; отдал на 1.8 млн KZT больше, чем получил в выборке",R1.distributor: out_deg >= 11,2,False,3,23,550791.0,2377741.0,8,26,0.0004397217042853956,0.0010013456094342644,0.0125212173,0.0001920128,4.316956885642648,0.0,1826950.0,0,False,observed_forwarder,0.0,2.0,0.3309300718623265,2,2,False,False,False,0.5,1595,1877,True
100000006564102100,terminal,0.9,2,0.4705,"получил 233 тыс. KZT, 1 перевод от 1 плательщика; исходящих переводов 0, они проверены обходом на колене 2","R4a.terminal: исходящих переводов нет, они проверены обходом (depth <= 3)",2,False,1,0,233235.0,0.0,1,0,0.00042809593979465147,0.0,-0.0,0.0001427673,0.0,233235.0,0.0,0,False,observed_sink,1.0,,,1,1,False,False,False,0.0,0,1877,False
100000001526235100,transit,0.6,25,0.5975,отдал 433 тыс. KZT на 8 получателей при поступлениях 82 тыс. KZT: 351 тыс. KZT пришло вне выборки (собраны только исходящие); удержания нет,"R3b.transit: pass_through > 1.2 — отдал больше, чем получил по данным, приток извне выборки",2,False,3,8,82000.0,432750.0,4,9,0.0008778562267377667,0.0002566001725462782,0.000134186,2.1e-08,5.277439024390244,0.0,350750.0,0,False,observed_forwarder,0.0,8.0,0.1346042749855575,1,1,False,False,False,0.0,14,1877,True
100000004398811100,transit,0.6,2,0.4834,отдал 1 млн KZT на 3 получателей при поступлениях 426 тыс. KZT: 615 тыс. KZT пришло вне выборки (собраны только исходящие); удержания нет,"R3b.transit: pass_through > 1.2 — отдал больше, чем получил по данным, приток извне выборки",2,False,1,3,426000.0,1040672.0,1,4,0.0003496917418399157,1.4861013854031556e-06,0.0002028312,6.21186e-05,2.4428920187793426,0.0,614672.0,0,False,observed_forwarder,0.0,2.0,0.39493711755481076,1,1,False,False,False,0.0,3,1877,True
100000002957787100,distributor,1.0,1,0.738,"веер на 34 получателей, 41 перевод на 1.3 млн KZT; отдал на 1.2 млн KZT больше, чем получил в выборке | сквозной транзит за 0 дн. (76% суммы); дробление: 7 поступлений по 12 тыс. в среднем",R1.distributor: out_deg >= 11,2,False,4,34,84956.0,1276153.96,7,41,0.0006138323786231593,0.004276645426207853,0.0344933372,0.0001915383,15.02135175855737,0.0,1191197.96,0,False,observed_forwarder,0.0,0.0,0.7551235902602222,2,2,True,False,True,0.7551235902602222,1595,1877,True
100000002621915100,terminal,0.65,3,0.2171,"получил 5 тыс. KZT, 1 перевод от 1 плательщика; исходящих переводов 0, они проверены обходом на колене 2; сумма ниже медианы графа 50 тыс. KZT — мелкий получатель","R4a.terminal: исходящих переводов нет, они проверены обходом (depth <= 3)",2,False,1,0,5000.0,0.0,1,0,0.0005320392011730527,0.0,-0.0,0.0,0.0,5000.0,0.0,0,False,observed_sink,1.0,,,1,1,False,False,False,0.0,0,1877,False
100000008283183100,terminal,0.65,0,0.2861,"получил 29 тыс. KZT, 1 перевод от 1 плательщика; исходящих переводов 0, они проверены обходом на колене 2; сумма ниже медианы графа 50 тыс. KZT — мелкий получатель","R4a.terminal: исходящих переводов нет, они проверены обходом (depth <= 3)",2,False,1,0,29000.0,0.0,1,0,0.0002954187762246862,0.0,-0.0,0.0,0.0,29000.0,0.0,0,False,observed_sink,1.0,,,1,1,False,False,False,0.0,0,270,False
100000003843844100,transit,0.6,10,0.4097,отдал 238 тыс. KZT на 1 получателя при поступлениях 17 тыс. KZT: 221 тыс. KZT пришло вне выборки (собраны только исходящие); удержания нет,"R3b.transit: pass_through > 1.2 — отдал больше, чем получил по данным, приток извне выборки",3,False,1,1,16680.0,238000.0,1,1,0.0002917438481336822,1.922024458454748e-05,0.0,0.0002594601,14.268585131894485,0.0,221320.0,0,False,observed_forwarder,0.0,9.0,0.0,1,1,False,False,False,0.0,1,1877,True
100000000954884100,terminal,0.65,35,0.3124,"получил 34 тыс. KZT, 1 перевод от 1 плательщика; исходящих переводов 0, они проверены обходом на колене 3; сумма ниже медианы графа 50 тыс. KZT — мелкий получатель","R4a.terminal: исходящих переводов нет, они проверены обходом (depth <= 3)",3,False,1,0,34000.0,0.0,1,0,0.00031150191855239246,0.0,-0.0,0.0,0.0,34000.0,0.0,0,False,observed_sink,1.0,,,1,1,False,False,False,0.0,0,1877,False
100000005893892100,terminal,0.9,6,0.3789,"получил 103 тыс. KZT, 1 перевод от 1 плательщика; исходящих переводов 0, они проверены обходом на колене 3","R4a.terminal: исходящих переводов нет, они проверены обходом (depth <= 3)",3,False,1,0,102780.0,0.0,1,0,0.0002889003091286244,0.0,-0.0,0.0029401741,0.0,102780.0,0.0,0,False,observed_sink,1.0,,,1,1,False,False,False,0.0,0,1877,False
100000001819396100,terminal,0.9,26,0.4391,"получил 166 тыс. KZT, 1 перевод от 1 плательщика; исходящих переводов 0, они проверены обходом на колене 3","R4a.terminal: исходящих переводов нет, они проверены обходом (depth <= 3)",3,False,1,0,166080.0,0.0,1,0,0.0003272175623678329,0.0,-0.0,0.0,0.0,166080.0,0.0,0,False,observed_sink,1.0,,,1,1,False,False,False,0.0,0,1877,False
100000008472324100,terminal,0.9,6,0.4294,"получил 205 тыс. KZT, 1 перевод от 1 плательщика; исходящих переводов 0, они проверены обходом на колене 3","R4a.terminal: исходящих переводов нет, они проверены обходом (depth <= 3)",3,False,1,0,205200.0,0.0,1,0,0.000292219656737292,0.0,-0.0,0.0029401741,0.0,205200.0,0.0,0,False,observed_sink,1.0,,,1,1,False,False,False,0.0,0,1877,False
100000002646745100,terminal,0.65,0,0.1978,"получил 12 тыс. KZT, 1 перевод от 1 плательщика; исходящих переводов 0, они проверены обходом на колене 3; сумма ниже медианы графа 50 тыс. KZT — мелкий получатель","R4a.terminal: исходящих переводов нет, они проверены обходом (depth <= 3)",3,False,1,0,12300.0,0.0,1,0,0.0002874890509012393,0.0,-0.0,0.0,0.0,12300.0,0.0,0,False,observed_sink,1.0,,,1,1,False,False,False,0.0,0,270,False
100000008405209100,terminal,0.9,15,0.3449,"получил 54 тыс. KZT, 1 перевод от 1 плательщика; исходящих переводов 0, они проверены обходом на колене 3","R4a.terminal: исходящих переводов нет, они проверены обходом (depth <= 3)",3,False,1,0,54400.0,0.0,1,0,0.0002941318023751846,0.0,-0.0,0.0002333446,0.0,54400.0,0.0,0,False,observed_sink,1.0,,,1,1,False,False,False,0.0,0,1877,False
100000004417753100,terminal,0.9,2,0.5927,"получил 192 тыс. KZT, 2 перевода от 2 плательщиков; исходящих переводов 0, они проверены обходом на колене 3","R4a.terminal: исходящих переводов нет, они проверены обходом (depth <= 3)",3,False,2,0,192099.0,0.0,2,0,0.0003931467756499757,0.0,-0.0,0.0001335866,0.0,192099.0,0.0,0,False,observed_sink,1.0,,,2,1,False,False,False,0.5,0,1877,False
100000003457710100,transit,0.6,6,0.5724,отдал 1.3 млн KZT на 1 получателя при поступлениях 327 тыс. KZT: 979 тыс. KZT пришло вне выборки (собраны только исходящие); удержания нет | сквозной транзит за 0 дн. (100% суммы),"R3b.transit: pass_through > 1.2 — отдал больше, чем получил по данным, приток извне выборки",3,False,1,1,326555.0,1306000.0,1,2,0.0002961526720570524,1.922024458454748e-05,0.0,0.0029401741,3.999326300316945,0.0,979445.0,0,False,observed_forwarder,0.0,0.0,1.0,1,1,True,False,False,1.0,1,1877,True
100000007333038100,transit,0.6,12,0.3135,отдал 35 тыс. KZT на 2 получателей при поступлениях 18 тыс. KZT: 17 тыс. KZT пришло вне выборки (собраны только исходящие); удержания нет,"R3b.transit: pass_through > 1.2 — отдал больше, чем получил по данным, приток извне выборки",3,False,1,2,17500.0,34994.0,1,2,0.00029968918055683826,1.5851748110966993e-06,0.0,4.112e-07,1.9996571428571428,0.0,17494.0,0,False,observed_forwarder,0.0,,,1,1,False,False,False,0.0,2,1877,True
100000006444163100,terminal,0.65,5,0.2053,"получил 6 тыс. KZT, 1 перевод от 1 плательщика; исходящих переводов 0, они проверены обходом на колене 3; сумма ниже медианы графа 50 тыс. KZT — мелкий получатель","R4a.terminal: исходящих переводов нет, они проверены обходом (depth <= 3)",3,False,1,0,6026.0,0.0,1,0,0.00031891138227468983,0.0,-0.0,2.3509e-06,0.0,6026.0,0.0,0,False,observed_sink,1.0,,,1,1,False,False,False,0.0,0,1877,False
100000008706947100,terminal,0.65,0,0.2226,"получил 17 тыс. KZT, 1 перевод от 1 плательщика; исходящих переводов 0, они проверены обходом на колене 3; сумма ниже медианы графа 50 тыс. KZT — мелкий получатель","R4a.terminal: исходящих переводов нет, они проверены обходом (depth <= 3)",3,False,1,0,17200.0,0.0,1,0,0.00028825383201923533,0.0,-0.0,0.0,0.0,17200.0,0.0,0,False,observed_sink,1.0,,,1,1,False,False,False,0.0,0,270,False
100000008761219100,transit,0.6,48,0.6266,отдал 375 тыс. KZT на 2 получателей при поступлениях 50 тыс. KZT: 325 тыс. KZT пришло вне выборки (собраны только исходящие); удержания нет | сквозной транзит за 1 дн. (100% суммы),"R3b.transit: pass_through > 1.2 — отдал больше, чем получил по данным, приток извне выборки",3,False,2,2,50000.0,375000.0,2,2,0.0002928408331364549,4.172642445459749e-05,0.0,2.9815e-06,7.5,0.0,325000.0,0,False,observed_forwarder,0.0,1.0,1.0,1,1,True,False,False,1.0,2,1877,True
100000005022552100,terminal,0.85,3,0.4661,"из 241 тыс. KZT дальше ушло только 2% (5 тыс. KZT на 1 получателя), осело 236 тыс. KZT — сумма остановилась здесь",R4b.terminal: дальше уходит не более 26% полученного — сумма осела,3,False,1,1,241000.0,5000.0,3,1,0.0003577563937236867,0.0,2.2554e-05,5.25698e-05,0.02074688796680498,236000.0,0.0,0,False,observed_forwarder,0.0,12.0,0.0,1,1,False,False,False,0.0,2,1877,False
100000008735832100,terminal,0.65,0,0.2254,"получил 18 тыс. KZT, 1 перевод от 1 плательщика; исходящих переводов 0, они проверены обходом на колене 3; сумма ниже медианы графа 50 тыс. KZT — мелкий получатель","R4a.terminal: исходящих переводов нет, они проверены обходом (depth <= 3)",3,False,1,0,17600.0,0.0,1,0,0.00028831626313090844,0.0,-0.0,0.0,0.0,17600.0,0.0,0,False,observed_sink,1.0,,,1,1,False,False,False,0.0,0,270,False
100000005661528100,terminal,0.65,5,0.2649,"получил 25 тыс. KZT, 1 перевод от 1 плательщика; исходящих переводов 0, они проверены обходом на колене 3; сумма ниже медианы графа 50 тыс. KZT — мелкий получатель","R4a.terminal: исходящих переводов нет, они проверены обходом (depth <= 3)",3,False,1,0,25000.0,0.0,1,0,0.0002910914967995314,0.0,-0.0,0.0001302804,0.0,25000.0,0.0,0,False,observed_sink,1.0,,,1,1,False,False,False,0.0,0,1877,False
100000002529880100,terminal,0.9,4,0.5579,"получил 147 тыс. KZT, 2 перевода от 2 плательщиков; исходящих переводов 0, они проверены обходом на колене 3","R4a.terminal: исходящих переводов нет, они проверены обходом (depth <= 3)",3,False,2,0,147000.0,0.0,2,0,0.000306133548519856,0.0,-0.0,3.8159e-06,0.0,147000.0,0.0,0,False,observed_sink,1.0,,,2,1,False,False,False,0.5,0,1877,False
100000001969496100,terminal,0.65,13,0.2561,"получил 23 тыс. KZT, 1 перевод от 1 плательщика; исходящих переводов 0, они проверены обходом на колене 3; сумма ниже медианы графа 50 тыс. KZT — мелкий получатель","R4a.terminal: исходящих переводов нет, они проверены обходом (depth <= 3)",3,False,1,0,22740.0,0.0,1,0,0.0002919967925367134,0.0,-0.0,2.44138e-05,0.0,22740.0,0.0,0,False,observed_sink,1.0,,,1,1,False,False,False,0.0,0,1877,False
100000003215448100,transit,0.6,5,0.399,отдал 124 тыс. KZT на 2 получателей при поступлениях 91 тыс. KZT: 33 тыс. KZT пришло вне выборки (собраны только исходящие); удержания нет,"R3b.transit: pass_through > 1.2 — отдал больше, чем получил по данным, приток извне выборки",3,False,1,2,91309.0,124000.0,1,4,0.0003041469318708125,3.844048916909496e-05,0.0,0.0016044118,1.3580260434349298,0.0,32691.0,0,False,observed_forwarder,0.0,1.0,0.06451612903225806,1,1,False,False,False,0.0,2,1877,True
100000006894637100,terminal,0.9,1,0.3336,"получил 53 тыс. KZT, 1 перевод от 1 плательщика; исходящих переводов 0, они проверены обходом на колене 3","R4a.terminal: исходящих переводов нет, они проверены обходом (depth <= 3)",3,False,1,0,52831.0,0.0,1,0,0.0002902544663373186,0.0,-0.0,0.0011319384,0.0,52831.0,0.0,0,False,observed_sink,1.0,,,1,1,False,False,False,0.0,0,1877,False
100000002936322100,terminal,0.9,19,0.6044,"получил 787 тыс. KZT, 2 перевода от 2 плательщиков; исходящих переводов 0, они проверены обходом на колене 3","R4a.terminal: исходящих переводов нет, они проверены обходом (depth <= 3)",3,False,2,0,787133.0,0.0,2,0,0.00036638128696323056,0.0,-0.0,0.0016837722,0.0,787133.0,0.0,0,False,observed_sink,1.0,,,1,1,False,False,False,0.0,0,1877,False
100000005061890100,terminal,0.9,2,0.416,"получил 90 тыс. KZT, 1 перевод от 1 плательщика; исходящих переводов 0, они проверены обходом на колене 3","R4a.terminal: исходящих переводов нет, они проверены обходом (depth <= 3)",3,False,1,0,90000.0,0.0,1,0,0.0005346252088600015,0.0,-0.0,0.0,0.0,90000.0,0.0,0,False,observed_sink,1.0,,,1,1,False,False,False,0.0,0,1877,False
100000004017410100,transit,0.6,34,0.6572,отдал 1.3 млн KZT на 5 получателей при поступлениях 194 тыс. KZT: 1.1 млн KZT пришло вне выборки (собраны только исходящие); удержания нет,"R3b.transit: pass_through > 1.2 — отдал больше, чем получил по данным, приток извне выборки",3,False,2,5,193650.0,1330915.0,6,11,0.0011315419625793047,4.0587080059121736e-05,7.8793e-06,1.77696e-05,6.872785954040795,0.0,1137265.0,0,False,observed_forwarder,0.0,2.5,0.04132495313374633,2,1,False,False,False,0.5,23,1877,True
100000002983426100,terminal,0.9,8,0.3935,"получил 89 тыс. KZT, 1 перевод от 1 плательщика; исходящих переводов 0, они проверены обходом на колене 3","R4a.terminal: исходящих переводов нет, они проверены обходом (depth <= 3)",3,False,1,0,88945.0,0.0,1,0,0.00031870862226784333,0.0,-0.0,6.407e-07,0.0,88945.0,0.0,0,False,observed_sink,1.0,,,1,1,False,False,False,0.0,0,1877,False
100000005530114100,terminal,0.817,15,0.6559,"из 137 тыс. KZT дальше ушло только 18% (25 тыс. KZT на 1 получателя), осело 112 тыс. KZT — сумма остановилась здесь | сквозной транзит за 2 дн. (100% суммы)",R4b.terminal: дальше уходит не более 26% полученного — сумма осела,3,False,2,1,136970.0,25000.0,2,1,0.0004948738015345278,4.4583041562094666e-06,0.0012614186,0.0002379128,0.1825217200846901,111970.0,0.0,0,False,observed_forwarder,0.0,2.0,1.0,1,1,True,False,False,1.0,1,1877,False
100000001169666100,terminal,0.85,8,0.4871,"из 220 тыс. KZT дальше ушло только 11% (24 тыс. KZT на 1 получателя), осело 196 тыс. KZT — сумма остановилась здесь",R4b.terminal: дальше уходит не более 26% полученного — сумма осела,3,False,1,1,220000.0,24000.0,2,1,0.0003195447456388576,2.19943005039667e-05,0.0,5.69e-08,0.10909090909090909,196000.0,0.0,0,False,observed_forwarder,0.0,8.0,0.0,1,1,False,False,False,0.0,1,1877,True
100000001784279100,terminal,0.65,1,0.2895,"получил 36 тыс. KZT, 1 перевод от 1 плательщика; исходящих переводов 0, они проверены обходом на колене 3; сумма ниже медианы графа 50 тыс. KZT — мелкий получатель","R4a.terminal: исходящих переводов нет, они проверены обходом (depth <= 3)",3,False,1,0,35674.0,0.0,1,0,0.0002887329449187703,0.0,-0.0,0.0011319384,0.0,35674.0,0.0,0,False,observed_sink,1.0,,,1,1,False,False,False,0.0,0,1877,False
100000008744364100,terminal,0.65,0,0.2542,"получил 24 тыс. KZT, 1 перевод от 1 плательщика; исходящих переводов 0, они проверены обходом на колене 3; сумма ниже медианы графа 50 тыс. KZT — мелкий получатель","R4a.terminal: исходящих переводов нет, они проверены обходом (depth <= 3)",3,False,1,0,23700.0,0.0,1,0,0.00028926833758392384,0.0,-0.0,0.0,0.0,23700.0,0.0,0,False,observed_sink,1.0,,,1,1,False,False,False,0.0,0,270,False
100000008714412100,terminal,0.9,8,0.4348,"получил 169 тыс. KZT, 1 перевод от 1 плательщика; исходящих переводов 0, они проверены обходом на колене 3","R4a.terminal: исходящих переводов нет, они проверены обходом (depth <= 3)",3,False,1,0,169000.0,0.0,1,0,0.0003116686182638579,0.0,-0.0,5.69e-08,0.0,169000.0,0.0,0,False,observed_sink,1.0,,,1,1,False,False,False,0.0,0,1877,False
100000007754369100,terminal,0.9,1,0.3687,"получил 82 тыс. KZT, 1 перевод от 1 плательщика; исходящих переводов 0, они проверены обходом на колене 3","R4a.terminal: исходящих переводов нет, они проверены обходом (depth <= 3)",3,False,1,0,82424.0,0.0,1,0,0.0002928788402569491,0.0,-0.0,0.0011319384,0.0,82424.0,0.0,0,False,observed_sink,1.0,,,1,1,False,False,False,0.0,0,1877,False
100000003122817100,terminal,0.9,26,0.5031,"получил 445 тыс. KZT, 1 перевод от 1 плательщика; исходящих переводов 0, они проверены обходом на колене 3","R4a.terminal: исходящих переводов нет, они проверены обходом (depth <= 3)",3,False,1,0,444680.0,0.0,1,0,0.00039708273280823027,0.0,-0.0,0.0,0.0,444680.0,0.0,0,False,observed_sink,1.0,,,1,1,False,False,False,0.0,0,1877,False
100000003711830100,terminal,0.9,5,0.3372,"получил 50 тыс. KZT, 1 перевод от 1 плательщика; исходящих переводов 0, они проверены обходом на колене 3","R4a.terminal: исходящих переводов нет, они проверены обходом (depth <= 3)",3,False,1,0,50000.0,0.0,1,0,0.000295742244120105,0.0,-0.0,0.0016044118,0.0,50000.0,0.0,0,False,observed_sink,1.0,,,1,1,False,False,False,0.0,0,1877,False
100000001110358100,terminal,0.65,1,0.429,"получил 32 тыс. KZT, 2 перевода от 2 плательщиков; исходящих переводов 0, они проверены обходом на колене 3; сумма ниже медианы графа 50 тыс. KZT — мелкий получатель","R4a.terminal: исходящих переводов нет, они проверены обходом (depth <= 3)",3,False,2,0,32000.0,0.0,2,0,0.00029298593062142774,0.0,-0.0,0.0013712521,0.0,32000.0,0.0,0,False,observed_sink,1.0,,,2,1,False,False,False,0.5,0,1877,False
100000006530134100,terminal,0.9,6,0.4991,"получил 145 тыс. KZT, 2 перевода от 2 плательщиков; исходящих переводов 0, они проверены обходом на колене 3","R4a.terminal: исходящих переводов нет, они проверены обходом (depth <= 3)",3,False,2,0,144663.0,0.0,2,0,0.00029908777889777345,0.0,-0.0,0.0035829898,0.0,144663.0,0.0,0,False,observed_sink,1.0,,,1,1,False,False,False,0.0,0,1877,False
100000001639766100,terminal,0.65,7,0.2948,"получил 20 тыс. KZT, 1 перевод от 1 плательщика; исходящих переводов 0, они проверены обходом на колене 3; сумма ниже медианы графа 50 тыс. KZT — мелкий получатель","R4a.terminal: исходящих переводов нет, они проверены обходом (depth <= 3)",3,False,1,0,20000.0,0.0,1,0,0.0006506628579150633,0.0,-0.0,0.0,0.0,20000.0,0.0,0,False,observed_sink,1.0,,,1,1,False,False,False,0.0,0,1877,False
100000003242795100,terminal,0.9,6,0.3842,"получил 111 тыс. KZT, 1 перевод от 1 плательщика; исходящих переводов 0, они проверены обходом на колене 3","R4a.terminal: исходящих переводов нет, они проверены обходом (depth <= 3)",3,False,1,0,111000.0,0.0,1,0,0.00028916671253951344,0.0,-0.0,0.0029401741,0.0,111000.0,0.0,0,False,observed_sink,1.0,,,1,1,False,False,False,0.0,0,1877,False
100000004970752100,terminal,0.65,1,0.2494,"получил 10 тыс. KZT, 1 перевод от 1 плательщика; исходящих переводов 0, они проверены обходом на колене 3; сумма ниже медианы графа 50 тыс. KZT — мелкий получатель","R4a.terminal: исходящих переводов нет, они проверены обходом (depth <= 3)",3,False,1,0,10000.0,0.0,1,0,0.0007428614561261686,0.0,-0.0,0.0,0.0,10000.0,0.0,0,False,observed_sink,1.0,,,1,1,False,False,False,0.0,0,1877,False
100000004564736100,terminal,0.65,22,0.2534,"получил 15 тыс. KZT, 2 перевода от 1 плательщика; исходящих переводов 0, они проверены обходом на колене 3; сумма ниже медианы графа 50 тыс. KZT — мелкий получатель","R4a.terminal: исходящих переводов нет, они проверены обходом (depth <= 3)",3,False,1,0,15000.0,0.0,2,0,0.00037675536447064214,0.0,-0.0,0.0,0.0,15000.0,0.0,0,False,observed_sink,1.0,,,1,1,False,False,False,0.0,0,1877,False
100000005873152100,transit,1.0,9,0.2798,"пропускает 100% полученного: вход 10 тыс. KZT от 1, выход 10 тыс. KZT на 1","R3a.transit: pass_through в [0.8, 1.2] — прошло почти всё полученное",3,False,1,1,10000.0,10000.0,1,1,0.0004674555308962045,3.962937027741748e-07,1.385e-07,0.0,1.0,0.0,0.0,0,False,observed_forwarder,0.0,,,1,1,False,False,False,0.0,5,1877,False
100000001637376100,transit,0.6,6,0.4029,отдал 234 тыс. KZT на 1 получателя при поступлениях 117 тыс. KZT: 118 тыс. KZT пришло вне выборки (собраны только исходящие); удержания нет,"R3b.transit: pass_through > 1.2 — отдал больше, чем получил по данным, приток извне выборки",3,False,1,1,116700.0,234250.0,1,2,0.0002893514448317357,1.922024458454748e-05,0.0,0.0029401741,2.0072836332476434,0.0,117550.0,0,False,observed_forwarder,0.0,0.0,0.4951974386339381,1,1,False,False,False,0.0,1,1877,True
100000006710485100,terminal,0.65,0,0.2373,"получил 20 тыс. KZT, 1 перевод от 1 плательщика; исходящих переводов 0, они проверены обходом на колене 3; сумма ниже медианы графа 50 тыс. KZT — мелкий получатель","R4a.terminal: исходящих переводов нет, они проверены обходом (depth <= 3)",3,False,1,0,20000.0,0.0,1,0,0.0002886908498009473,0.0,-0.0,0.0,0.0,20000.0,0.0,0,False,observed_sink,1.0,,,1,1,False,False,False,0.0,0,270,False
100000003582677100,transit,0.6,2,0.4358,отдал 56 тыс. KZT на 4 получателей при поступлениях 30 тыс. KZT: 26 тыс. KZT пришло вне выборки (собраны только исходящие); удержания нет,"R3b.transit: pass_through > 1.2 — отдал больше, чем получил по данным, приток извне выборки",3,False,2,4,29756.989999999998,56000.0,2,5,0.0002932927091390007,0.00017888146244571468,0.0012625439,0.0022472275,1.881910771217116,0.0,26243.010000000002,0,False,observed_forwarder,0.0,10.0,0.0,1,1,False,False,False,0.0,1595,1877,False
100000008713685100,terminal,0.65,0,0.326,"получил 50 тыс. KZT, 1 перевод от 1 плательщика; исходящих переводов 0, они проверены обходом на колене 3; сумма ниже медианы графа 50 тыс. KZT — мелкий получатель","R4a.terminal: исходящих переводов нет, они проверены обходом (depth <= 3)",3,False,1,0,49700.0,0.0,1,0,0.00029332635984267806,0.0,-0.0,0.0,0.0,49700.0,0.0,0,False,observed_sink,1.0,,,1,1,False,False,False,0.0,0,270,False
100000008070101100,terminal,0.9,4,0.3839,"получил 100 тыс. KZT, 1 перевод от 1 плательщика; исходящих переводов 0, они проверены обходом на колене 3","R4a.terminal: исходящих переводов нет, они проверены обходом (depth <= 3)",3,False,1,0,100000.0,0.0,1,0,0.00029258785293762273,0.0,-0.0,1.9662e-06,0.0,100000.0,0.0,0,False,observed_sink,1.0,,,1,1,False,False,False,0.0,0,1877,False
100000004475818100,transit,0.6,6,0.4661,отдал 54 тыс. KZT на 3 получателей при поступлениях 13 тыс. KZT: 41 тыс. KZT пришло вне выборки (собраны только исходящие); удержания нет | сквозной транзит за 1 дн. (100% суммы),"R3b.transit: pass_through > 1.2 — отдал больше, чем получил по данным, приток извне выборки",3,False,1,3,13000.0,53989.0,1,3,0.0003098079503095031,6.940183893991107e-05,0.0002595023,0.0001069424,4.153,0.0,40989.0,0,False,observed_forwarder,0.0,1.0,1.0,1,1,True,False,False,1.0,39,1877,False
100000007197866100,transit,0.7,5,0.3804,"пропускает 75% полученного: вход 20 тыс. KZT от 1, выход 15 тыс. KZT на 1, деньги лежат 0 дн. | сквозной транзит за 0 дн. (100% суммы)",R3d.transit: >=60% исходящих в пределах 2 суток после поступления,3,False,1,1,20000.0,15000.0,1,1,0.0002896384741784161,1.922024458454748e-05,0.0,0.0016044118,0.75,5000.0,0.0,0,False,observed_forwarder,0.0,0.0,1.0,1,1,True,False,False,1.0,1,1877,True
100000006965162100,terminal,0.65,28,0.2163,"получил 10 тыс. KZT, 1 перевод от 1 плательщика; исходящих переводов 0, они проверены обходом на колене 3; сумма ниже медианы графа 50 тыс. KZT — мелкий получатель","R4a.terminal: исходящих переводов нет, они проверены обходом (depth <= 3)",3,False,1,0,10000.0,0.0,1,0,0.0003092890887695534,0.0,-0.0,0.0,0.0,10000.0,0.0,0,False,observed_sink,1.0,,,1,1,False,False,False,0.0,0,1877,False
100000005995391100,terminal,0.65,0,0.2226,"получил 17 тыс. KZT, 1 перевод от 1 плательщика; исходящих переводов 0, они проверены обходом на колене 3; сумма ниже медианы графа 50 тыс. KZT — мелкий получатель","R4a.terminal: исходящих переводов нет, они проверены обходом (depth <= 3)",3,False,1,0,17200.0,0.0,1,0,0.00028825383201923533,0.0,-0.0,0.0,0.0,17200.0,0.0,0,False,observed_sink,1.0,,,1,1,False,False,False,0.0,0,270,False
100000003834495100,terminal,0.85,1,0.763,"из 602 тыс. KZT дальше ушло только 3% (20 тыс. KZT на 1 получателя), осело 582 тыс. KZT — сумма остановилась здесь | сквозной транзит за 0 дн. (100% суммы)",R4b.terminal: дальше уходит не более 26% полученного — сумма осела,3,False,3,1,602441.0,20000.0,5,1,0.0006208601664329524,2.871714010460002e-06,0.0004856339,0.0022879941,0.0331982716979754,582441.0,0.0,0,False,observed_forwarder,0.0,0.0,1.0,2,1,True,False,False,1.0,1,1877,False
100000001223977100,transit,0.6,51,0.2817,отдал 18 тыс. KZT на 1 получателя при поступлениях 5 тыс. KZT: 13 тыс. KZT пришло вне выборки (собраны только исходящие); удержания нет,"R3b.transit: pass_through > 1.2 — отдал больше, чем получил по данным, приток извне выборки",3,False,1,1,5000.0,18000.0,1,1,0.0003055412798976374,2.4173915869224665e-05,0.0,0.0,3.6,0.0,13000.0,0,False,observed_forwarder,0.0,19.0,0.0,1,1,False,False,False,0.0,1,1877,True
100000001046057100,terminal,0.9,4,0.3898,"получил 83 тыс. KZT, 1 перевод от 1 плательщика; исходящих переводов 0, они проверены обходом на колене 3","R4a.terminal: исходящих переводов нет, они проверены обходом (depth <= 3)",3,False,1,0,83420.0,0.0,1,0,0.00031851488108134053,0.0,-0.0,4.87e-08,0.0,83420.0,0.0,0,False,observed_sink,1.0,,,1,1,False,False,False,0.0,0,1877,False
100000002989353100,transit,0.687,12,0.5276,"пропускает 64% полученного: вход 500 тыс. KZT от 1, выход 321 тыс. KZT на 2, деньги лежат 2 дн.",R3d.transit: >=60% исходящих в пределах 2 суток после поступления,3,False,1,2,500000.0,321160.0,2,2,0.00030938521828855153,2.774055919419224e-06,0.0,3.794e-07,0.64232,178840.0,0.0,0,False,observed_forwarder,0.0,2.5,0.9341138373396438,1,1,False,False,False,0.0,2,1877,True
100000006714366100,peripheral,0.5,10,0.3026,"вход 10 тыс. KZT от 1, выход 5 тыс. KZT на 1, пропуск 48% — смешанный профиль: плательщиков меньше 4, получателей меньше 11 | сквозной транзит за 0 дн. (100% суммы)",R5.peripheral,3,False,1,1,10500.0,5000.0,1,1,0.0002894561536970334,1.922024458454748e-05,0.0,0.0002594601,0.47619047619047616,5500.0,0.0,0,False,observed_forwarder,0.0,0.0,1.0,1,1,True,False,False,1.0,1,1877,True
100000001063678100,transit,0.6,22,0.3921,отдал 90 тыс. KZT на 2 получателей при поступлениях 35 тыс. KZT: 55 тыс. KZT пришло вне выборки (собраны только исходящие); удержания нет,"R3b.transit: pass_through > 1.2 — отдал больше, чем получил по данным, приток извне выборки",3,False,1,2,35000.0,90000.0,1,2,0.0003277487283987024,3.962937027741748e-05,0.0,3.1721e-06,2.5714285714285716,0.0,55000.0,0,False,observed_forwarder,0.0,7.0,0.2222222222222222,1,1,False,False,False,0.0,2,1877,True
100000004889043100,terminal,0.9,1,0.5896,"получил 272 тыс. KZT, 4 перевода от 2 плательщиков; исходящих переводов 0, они проверены обходом на колене 3","R4a.terminal: исходящих переводов нет, они проверены обходом (depth <= 3)",3,False,2,0,272000.0,0.0,4,0,0.00029849724595781856,0.0,-0.0,0.0058459557,0.0,272000.0,0.0,0,False,observed_sink,1.0,,,2,1,False,False,False,0.5,0,1877,False
100000002984403100,transit,0.6,25,0.3095,отдал 25 тыс. KZT на 1 получателя при поступлениях 20 тыс. KZT: 5 тыс. KZT пришло вне выборки (собраны только исходящие); удержания нет,"R3b.transit: pass_through > 1.2 — отдал больше, чем получил по данным, приток извне выборки",3,False,1,1,20000.0,25000.0,1,1,0.00032010276016592777,2.0012831990095827e-05,0.0,2.5007e-06,1.25,0.0,5000.0,0,False,observed_forwarder,0.0,,,1,1,False,False,False,0.0,1,1877,True
100000003951827100,transit,0.6,1,0.2384,отдал 17 тыс. KZT на 2 получателей при поступлениях 9 тыс. KZT: 8 тыс. KZT пришло вне выборки (собраны только исходящие); удержания нет,"R3b.transit: pass_through > 1.2 — отдал больше, чем получил по данным, приток извне выборки",3,False,1,2,9000.0,17000.0,1,2,0.0002860761739207674,1.3265244417163455e-06,0.0001642436,0.0029057817,1.8888888888888888,0.0,8000.0,0,False,observed_forwarder,0.0,14.5,0.0,1,1,False,False,False,0.0,12,1877,False
100000000933075100,transit,0.6,11,0.3919,отдал 55 тыс. KZT на 2 получателей при поступлениях 40 тыс. KZT: 15 тыс. KZT пришло вне выборки (собраны только исходящие); удержания нет,"R3b.transit: pass_through > 1.2 — отдал больше, чем получил по данным, приток извне выборки",3,False,1,2,40000.0,55000.0,1,2,0.0008086964755110812,2.139985994980544e-05,0.0,1.0252e-06,1.375,0.0,15000.0,0,False,observed_forwarder,0.0,11.5,0.7272727272727273,1,1,False,False,False,0.0,6,1877,True
100000008502995100,terminal,0.65,1,0.317,"получил 25 тыс. KZT, 2 перевода от 1 плательщика; исходящих переводов 0, они проверены обходом на колене 3; сумма ниже медианы графа 50 тыс. KZT — мелкий получатель","R4a.terminal: исходящих переводов нет, они проверены обходом (depth <= 3)",3,False,1,0,25000.0,0.0,2,0,0.0007270949451502066,0.0,-0.0,1.7483e-05,0.0,25000.0,0.0,0,False,observed_sink,1.0,,,1,1,False,False,False,0.0,0,1877,False
100000008086440100,transit,0.519,1,0.4782,"пропускает 81% полученного: вход 200 тыс. KZT от 1, выход 161 тыс. KZT на 5, деньги лежат 6 дн.","R3a.transit: pass_through в [0.8, 1.2] — прошло почти всё полученное",3,False,1,5,199733.0,161300.0,1,6,0.00033767394570343703,0.00010519757648287983,0.0015615995,0.0011379074,0.8075781167859092,38433.0,0.0,0,False,observed_forwarder,0.0,6.0,0.23558586484810912,1,1,False,False,False,0.0,1595,1877,True
100000008465789100,distributor,0.727,4,0.494,"веер на 16 получателей, 17 переводов на 1.9 млн KZT; отдал на 1.8 млн KZT больше, чем получил в выборке",R1.distributor: out_deg >= 11,3,False,1,16,30099.0,1858100.0,1,17,0.0002898880397943194,0.0008450964058440695,2.63814e-05,2.613e-07,61.732947938469714,0.0,1828001.0,0,False,observed_forwarder,0.0,2.0,0.47796135837683656,1,1,False,False,False,0.0,334,1877,True
100000002550141100,terminal,0.9,5,0.4021,"получил 101 тыс. KZT, 1 перевод от 1 плательщика; исходящих переводов 0, они проверены обходом на колене 3","R4a.terminal: исходящих переводов нет, они проверены обходом (depth <= 3)",3,False,1,0,100586.0,0.0,1,0,0.0003077875449747828,0.0,-0.0,0.0001302804,0.0,100586.0,0.0,0,False,observed_sink,1.0,,,1,1,False,False,False,0.0,0,1877,False
100000008739887100,transit,0.6,5,0.6434,отдал 307 тыс. KZT на 2 получателей при поступлениях 214 тыс. KZT: 93 тыс. KZT пришло вне выборки (собраны только исходящие); удержания нет | сквозной транзит за 1 дн. (100% суммы),"R3b.transit: pass_through > 1.2 — отдал больше, чем получил по данным, приток извне выборки",3,False,2,2,214000.0,307000.0,3,2,0.00033330063396974185,3.844048916909496e-05,0.0,0.0027423192,1.4345794392523366,0.0,93000.0,0,False,observed_forwarder,0.0,1.0,1.0,1,1,True,False,False,1.0,2,1877,True
100000008532050100,terminal,0.9,6,0.4816,"получил 455 тыс. KZT, 1 перевод от 1 плательщика; исходящих переводов 0, они проверены обходом на колене 3","R4a.terminal: исходящих переводов нет, они проверены обходом (depth <= 3)",3,False,1,0,455156.0,0.0,1,0,0.00030032052425215354,0.0,-0.0,0.0029401741,0.0,455156.0,0.0,0,False,observed_sink,1.0,,,1,1,False,False,False,0.0,0,1877,False
100000008422226100,terminal,0.9,1,0.3675,"получил 87 тыс. KZT, 1 перевод от 1 плательщика; исходящих переводов 0, они проверены обходом на колене 3","R4a.terminal: исходящих переводов нет, они проверены обходом (depth <= 3)",3,False,1,0,87450.0,0.0,1,0,0.0002904944753360771,0.0,-0.0,0.0029057817,0.0,87450.0,0.0,0,False,observed_sink,1.0,,,1,1,False,False,False,0.0,0,1877,False
100000002369874100,consolidator,0.6,4,0.7681,"сходятся 4 плательщика на 0 получателей; получено 600 тыс. KZT, отдано дальше 0%, осело 600 тыс. KZT | 4 плательщика в один день","R2.consolidator: in_deg >= 4 и out_deg <= max(2, in_deg/2)",3,False,4,0,600000.0,0.0,4,0,0.0003373478549116585,0.0,-0.0,8.2382e-06,0.0,600000.0,0.0,0,False,observed_sink,1.0,,,4,1,False,True,False,1.0,0,1877,False
100000003321895100,transit,0.6,61,0.4693,отдал 554 тыс. KZT на 2 получателей при поступлениях 24 тыс. KZT: 530 тыс. KZT пришло вне выборки (собраны только исходящие); удержания нет,"R3b.transit: pass_through > 1.2 — отдал больше, чем получил по данным, приток извне выборки",3,False,1,2,24000.0,553830.0,1,3,0.00031125966376989656,3.962937027741748e-05,0.0,1.01236e-05,23.07625,0.0,529830.0,0,False,observed_forwarder,0.0,12.5,0.0,1,1,False,False,False,0.0,2,1877,True
100000001875239100,terminal,0.9,4,0.7156,"получил 712 тыс. KZT, 3 перевода от 3 плательщиков; исходящих переводов 0, они проверены обходом на колене 3 | 3 плательщика в один день","R4a.terminal: исходящих переводов нет, они проверены обходом (depth <= 3)",3,False,3,0,712000.0,0.0,3,0,0.000333978630576876,0.0,-0.0,5.4482e-06,0.0,712000.0,0.0,0,False,observed_sink,1.0,,,3,1,False,True,False,1.0,0,1877,False
100000002216999100,terminal,0.65,0,0.2537,"получил 24 тыс. KZT, 1 перевод от 1 плательщика; исходящих переводов 0, они проверены обходом на колене 3; сумма ниже медианы графа 50 тыс. KZT — мелкий получатель","R4a.terminal: исходящих переводов нет, они проверены обходом (depth <= 3)",3,False,1,0,23677.0,0.0,1,0,0.0002892647477950027,0.0,-0.0,0.0,0.0,23677.0,0.0,0,False,observed_sink,1.0,,,1,1,False,False,False,0.0,0,270,False
100000002653948100,terminal,0.9,6,0.3599,"получил 85 тыс. KZT, 1 перевод от 1 плательщика; исходящих переводов 0, они проверены обходом на колене 3","R4a.terminal: исходящих переводов нет, они проверены обходом (depth <= 3)",3,False,1,0,85200.0,0.0,1,0,0.0002883305558484021,0.0,-0.0,0.0029401741,0.0,85200.0,0.0,0,False,observed_sink,1.0,,,1,1,False,False,False,0.0,0,1877,False
100000008632060100,transit,0.6,1,0.4275,отдал 339 тыс. KZT на 9 получателей при поступлениях 6 тыс. KZT: 333 тыс. KZT пришло вне выборки (собраны только исходящие); удержания нет,"R3b.transit: pass_through > 1.2 — отдал больше, чем получил по данным, приток извне выборки",3,False,1,9,6000.0,339200.0,1,12,0.0002880256481640284,0.0005365436581217861,0.0030820774,0.0006428157,56.53333333333333,0.0,333200.0,0,False,observed_forwarder,0.0,13.5,0.0,1,1,False,False,False,0.0,1595,1877,False
100000008746449100,transit,0.6,4,0.4547,отдал 1 млн KZT на 10 получателей при поступлениях 10 тыс. KZT: 999 тыс. KZT пришло вне выборки (собраны только исходящие); удержания нет,"R3b.transit: pass_through > 1.2 — отдал больше, чем получил по данным, приток извне выборки",3,False,1,10,10000.0,1009000.0,1,10,0.00028700414108164755,0.00016598228268404117,1.6585e-06,2.613e-07,100.9,0.0,999000.0,0,False,observed_forwarder,0.0,5.0,0.0,1,1,False,False,False,0.0,11,1877,True
100000003031761100,terminal,0.9,19,0.493,"получил 460 тыс. KZT, 1 перевод от 1 плательщика; исходящих переводов 0, они проверены обходом на колене 3","R4a.terminal: исходящих переводов нет, они проверены обходом (depth <= 3)",3,False,1,0,460408.0,0.0,1,0,0.0003183607828225473,0.0,-0.0,7.93604e-05,0.0,460408.0,0.0,0,False,observed_sink,1.0,,,1,1,False,False,False,0.0,0,1877,False
100000008388049100,terminal,0.9,12,0.4915,"получил 496 тыс. KZT, 1 перевод от 1 плательщика; исходящих переводов 0, они проверены обходом на колене 3","R4a.terminal: исходящих переводов нет, они проверены обходом (depth <= 3)",3,False,1,0,496400.0,0.0,1,0,0.0003092137436352385,0.0,-0.0,3.794e-07,0.0,496400.0,0.0,0,False,observed_sink,1.0,,,1,1,False,False,False,0.0,0,1877,False
100000002677201100,peripheral,0.5,4,0.4165,"вход 150 тыс. KZT от 1, выход 88 тыс. KZT на 1, пропуск 58% — смешанный профиль: плательщиков меньше 4, получателей меньше 11, пропуск вне зон транзита и осаждения",R5.peripheral,3,False,1,1,150000.0,87750.0,1,1,0.00030890584852738523,2.139985994980544e-05,0.0,1.8497e-06,0.585,62250.0,0.0,0,False,observed_forwarder,0.0,9.0,0.0,1,1,False,False,False,0.0,1,1877,True
100000002901457100,peripheral,0.5,1,0.493,"вход 340 тыс. KZT от 1, выход 119 тыс. KZT на 3, пропуск 35% — смешанный профиль: плательщиков меньше 4, получателей меньше 11, пропуск вне зон транзита и осаждения",R5.peripheral,3,False,1,3,340000.0,119000.0,1,3,0.0003742656113270814,7.569209722986739e-05,2.70837e-05,0.0011379074,0.35,221000.0,0.0,0,False,observed_forwarder,0.0,16.0,0.0,1,1,False,False,False,0.0,4,1877,True
100000001160401100,terminal,0.65,1,0.3342,"получил 47 тыс. KZT, 2 перевода от 1 плательщика; исходящих переводов 0, они проверены обходом на колене 3; сумма ниже медианы графа 50 тыс. KZT — мелкий получатель","R4a.terminal: исходящих переводов нет, они проверены обходом (depth <= 3)",3,False,1,0,47190.0,0.0,2,0,0.000304888518008386,0.0,-0.0,0.0006428157,0.0,47190.0,0.0,0,False,observed_sink,1.0,,,1,1,False,False,False,0.0,0,1877,False
100000002842321100,terminal,0.9,6,0.4091,"получил 160 тыс. KZT, 1 перевод от 1 плательщика; исходящих переводов 0, они проверены обходом на колене 3","R4a.terminal: исходящих переводов нет, они проверены обходом (depth <= 3)",3,False,1,0,160000.0,0.0,1,0,0.00029075476206914347,0.0,-0.0,0.0029401741,0.0,160000.0,0.0,0,False,observed_sink,1.0,,,1,1,False,False,False,0.0,0,1877,False
100000002547110100,consolidator,0.85,4,0.8228,"сходятся 6 плательщиков на 0 получателей; получено 1.5 млн KZT, отдано дальше 0%, осело 1.5 млн KZT | 5 плательщиков в один день","R2.consolidator: in_deg >= 4 и out_deg <= max(2, in_deg/2)",3,False,6,0,1500000.0,0.0,10,0,0.0005516278220472665,0.0,-0.0,5.8936e-06,0.0,1500000.0,0.0,0,False,observed_sink,1.0,,,5,2,False,True,False,1.0,0,1877,False
100000001600934100,terminal,0.85,5,0.473,"из 180 тыс. KZT дальше ушло только 6% (11 тыс. KZT на 1 получателя), осело 169 тыс. KZT — сумма остановилась здесь",R4b.terminal: дальше уходит не более 26% полученного — сумма осела,3,False,1,1,180300.0,11000.0,2,1,0.0023668517583921617,0.0,0.0006938863,3.02733e-05,0.06100942872989462,169300.0,0.0,0,False,observed_forwarder,0.0,4.0,0.0,1,1,False,False,False,0.0,2,1877,False
100000002818726100,terminal,0.65,10,0.1997,"получил 11 тыс. KZT, 1 перевод от 1 плательщика; исходящих переводов 0, они проверены обходом на колене 3; сумма ниже медианы графа 50 тыс. KZT — мелкий получатель","R4a.terminal: исходящих переводов нет, они проверены обходом (depth <= 3)",3,False,1,0,10879.0,0.0,1,0,0.0002895964508153975,0.0,-0.0,0.0002594601,0.0,10879.0,0.0,0,False,observed_sink,1.0,,,1,1,False,False,False,0.0,0,1877,False
100000008712827100,terminal,0.9,0,0.3703,"получил 76 тыс. KZT, 1 перевод от 1 плательщика; исходящих переводов 0, они проверены обходом на колене 3","R4a.terminal: исходящих переводов нет, они проверены обходом (depth <= 3)",3,False,1,0,76000.0,0.0,1,0,0.0002974312054351872,0.0,-0.0,0.0,0.0,76000.0,0.0,0,False,observed_sink,1.0,,,1,1,False,False,False,0.0,0,270,False
100000008259451100,terminal,0.9,13,0.3542,"получил 55 тыс. KZT, 1 перевод от 1 плательщика; исходящих переводов 0, они проверены обходом на колене 3","R4a.terminal: исходящих переводов нет, они проверены обходом (depth <= 3)",3,False,1,0,55000.0,0.0,1,0,0.0003011151344797474,0.0,-0.0,2.44138e-05,0.0,55000.0,0.0,0,False,observed_sink,1.0,,,1,1,False,False,False,0.0,0,1877,False
100000003060517100,terminal,0.9,15,0.4844,"получил 316 тыс. KZT, 1 перевод от 1 плательщика; исходящих переводов 0, они проверены обходом на колене 3","R4a.terminal: исходящих переводов нет, они проверены обходом (depth <= 3)",3,False,1,0,315955.0,0.0,1,0,0.00036188349261668954,0.0,-0.0,0.0004659018,0.0,315955.0,0.0,0,False,observed_sink,1.0,,,1,1,False,False,False,0.0,0,1877,False
100000002621434100,terminal,0.9,4,0.3606,"получил 81 тыс. KZT, 1 перевод от 1 плательщика; исходящих переводов 0, они проверены обходом на колене 3","R4a.terminal: исходящих переводов нет, они проверены обходом (depth <= 3)",3,False,1,0,81000.0,0.0,1,0,0.0002897423900896502,0.0,-0.0,3.2207e-06,0.0,81000.0,0.0,0,False,observed_sink,1.0,,,1,1,False,False,False,0.0,0,1877,False
100000001860090100,terminal,0.65,7,0.2074,"получил 5 тыс. KZT, 1 перевод от 1 плательщика; исходящих переводов 0, они проверены обходом на колене 3; сумма ниже медианы графа 50 тыс. KZT — мелкий получатель","R4a.terminal: исходящих переводов нет, они проверены обходом (depth <= 3)",3,False,1,0,5000.0,0.0,1,0,0.0003780365817959719,0.0,-0.0,0.0,0.0,5000.0,0.0,0,False,observed_sink,1.0,,,1,1,False,False,False,0.0,0,1877,False
100000004689658100,terminal,0.85,5,0.5352,"из 456 тыс. KZT дальше ушло только 2% (7 тыс. KZT на 1 получателя), осело 449 тыс. KZT — сумма остановилась здесь",R4b.terminal: дальше уходит не более 26% полученного — сумма осела,3,False,1,1,456100.0,7092.0,1,1,0.000386316358127699,1.922024458454748e-05,0.0,0.0001302804,0.015549221661916246,449008.0,0.0,0,False,observed_forwarder,0.0,,,1,1,False,False,False,0.0,1,1877,True
100000003486970100,terminal,0.9,6,0.404,"получил 150 тыс. KZT, 1 перевод от 1 плательщика; исходящих переводов 0, они проверены обходом на колене 3","R4a.terminal: исходящих переводов нет, они проверены обходом (depth <= 3)",3,False,1,0,150000.0,0.0,1,0,0.00029043067032840264,0.0,-0.0,0.0029401741,0.0,150000.0,0.0,0,False,observed_sink,1.0,,,1,1,False,False,False,0.0,0,1877,False
100000004659919100,peripheral,0.5,51,0.4389,"вход 110 тыс. KZT от 1, выход 39 тыс. KZT на 1, пропуск 35% — смешанный профиль: плательщиков меньше 4, получателей меньше 11, пропуск вне зон транзита и осаждения",R5.peripheral,3,False,1,1,110000.0,39000.0,2,1,0.0007249529791849286,2.4173915869224665e-05,0.0,0.0,0.35454545454545455,71000.0,0.0,0,False,observed_forwarder,0.0,13.0,0.0,1,1,False,False,False,0.0,1,1877,True
100000006111439100,transit,0.583,6,0.4085,"пропускает 117% полученного: вход 21 тыс. KZT от 3, выход 24 тыс. KZT на 4, деньги лежат 12 дн.","R3a.transit: pass_through в [0.8, 1.2] — прошло почти всё полученное",3,False,3,4,20570.0,24000.0,3,4,0.0003655017010699153,1.755563613021834e-05,0.0003937821,0.0036417526,1.166747690811862,0.0,3430.0,0,False,observed_forwarder,0.0,12.0,0.0,1,1,False,False,False,0.0,11,1877,False
100000002521039100,terminal,0.9,1,0.4728,"получил 349 тыс. KZT, 1 перевод от 1 плательщика; исходящих переводов 0, они проверены обходом на колене 3","R4a.terminal: исходящих переводов нет, они проверены обходом (depth <= 3)",3,False,1,0,349370.0,0.0,1,0,0.0003052458011066051,0.0,-0.0,0.0029057817,0.0,349370.0,0.0,0,False,observed_sink,1.0,,,1,1,False,False,False,0.0,0,1877,False
100000008493007100,transit,1.0,0,0.3968,"пропускает 100% полученного: вход 26 тыс. KZT от 1, выход 26 тыс. KZT на 1, деньги лежат 1 дн. | сквозной транзит за 1 дн. (100% суммы)","R3a.transit: pass_through в [0.8, 1.2] — прошло почти всё полученное",3,False,1,1,26150.0,26150.0,1,1,0.00028965072814292185,1.387027959709612e-06,0.0,0.0,1.0,0.0,0.0,0,False,observed_forwarder,0.0,1.0,1.0,1,1,True,False,False,1.0,1,270,True
100000007793871100,terminal,0.65,9,0.3209,"получил 26 тыс. KZT, 3 перевода от 1 плательщика; исходящих переводов 0, они проверены обходом на колене 3; сумма ниже медианы графа 50 тыс. KZT — мелкий получатель","R4a.terminal: исходящих переводов нет, они проверены обходом (depth <= 3)",3,False,1,0,26000.0,0.0,3,0,0.0006872267875117596,0.0,-0.0,0.0,0.0,26000.0,0.0,0,False,observed_sink,1.0,,,1,1,False,False,False,0.0,0,1877,False
100000001650895100,terminal,0.85,8,0.461,"из 154 тыс. KZT дальше ушло только 7% (10 тыс. KZT на 1 получателя), осело 144 тыс. KZT — сумма остановилась здесь",R4b.terminal: дальше уходит не более 26% полученного — сумма осела,3,False,1,1,153500.0,10000.0,1,1,0.00030927489327733844,2.19943005039667e-05,0.0,5.69e-08,0.06514657980456026,143500.0,0.0,0,False,observed_forwarder,0.0,,,1,1,False,False,False,0.0,1,1877,True
100000002567887100,terminal,0.9,6,0.3216,"получил 51 тыс. KZT, 1 перевод от 1 плательщика; исходящих переводов 0, они проверены обходом на колене 3","R4a.terminal: исходящих переводов нет, они проверены обходом (depth <= 3)",3,False,1,0,50915.0,0.0,1,0,0.00028721940731527213,0.0,-0.0,0.0029401741,0.0,50915.0,0.0,0,False,observed_sink,1.0,,,1,1,False,False,False,0.0,0,1877,False
100000008055972100,terminal,0.65,0,0.2743,"получил 28 тыс. KZT, 1 перевод от 1 плательщика; исходящих переводов 0, они проверены обходом на колене 3; сумма ниже медианы графа 50 тыс. KZT — мелкий получатель","R4a.terminal: исходящих переводов нет, они проверены обходом (depth <= 3)",3,False,1,0,28300.0,0.0,1,0,0.000289986295368165,0.0,-0.0,0.0,0.0,28300.0,0.0,0,False,observed_sink,1.0,,,1,1,False,False,False,0.0,0,270,False
100000008684452100,terminal,0.9,0,0.3393,"получил 52 тыс. KZT, 1 перевод от 1 плательщика; исходящих переводов 0, они проверены обходом на колене 3","R4a.terminal: исходящих переводов нет, они проверены обходом (depth <= 3)",3,False,1,0,51800.0,0.0,1,0,0.0002936541231789621,0.0,-0.0,0.0,0.0,51800.0,0.0,0,False,observed_sink,1.0,,,1,1,False,False,False,0.0,0,270,False
100000000764836100,terminal,0.801,5,0.4998,"из 252 тыс. KZT дальше ушло только 20% (50 тыс. KZT на 2 получателей), осело 202 тыс. KZT — сумма остановилась здесь",R4b.terminal: дальше уходит не более 26% полученного — сумма осела,3,False,1,2,251716.0,50000.0,1,2,0.00033678317937202863,3.844048916909496e-05,0.0,0.0016044118,0.1986365586613485,201716.0,0.0,0,False,observed_forwarder,0.0,0.0,0.5,1,1,False,False,False,0.0,2,1877,True
100000003072676100,terminal,0.65,15,0.2919,"получил 32 тыс. KZT, 1 перевод от 1 плательщика; исходящих переводов 0, они проверены обходом на колене 3; сумма ниже медианы графа 50 тыс. KZT — мелкий получатель","R4a.terminal: исходящих переводов нет, они проверены обходом (depth <= 3)",3,False,1,0,31545.0,0.0,1,0,0.0002931885165385355,0.0,-0.0,0.0004659018,0.0,31545.0,0.0,0,False,observed_sink,1.0,,,1,1,False,False,False,0.0,0,1877,False
100000008757369100,transit,0.6,1,0.4232,отдал 58 тыс. KZT на 1 получателя при поступлениях 26 тыс. KZT: 32 тыс. KZT пришло вне выборки (собраны только исходящие); удержания нет | сквозной транзит за 0 дн. (90% суммы),"R3b.transit: pass_through > 1.2 — отдал больше, чем получил по данным, приток извне выборки",3,False,1,1,25961.0,58398.0,1,3,0.0002878715741932145,1.922024458454748e-05,0.0,0.0011319384,2.249451099726513,0.0,32437.0,0,False,observed_forwarder,0.0,0.5,0.8989691427788623,1,1,True,False,False,0.8989691427788623,1,1877,True
100000007618425100,terminal,0.65,15,0.3084,"получил 39 тыс. KZT, 1 перевод от 1 плательщика; исходящих переводов 0, они проверены обходом на колене 3; сумма ниже медианы графа 50 тыс. KZT — мелкий получатель","R4a.terminal: исходящих переводов нет, они проверены обходом (depth <= 3)",3,False,1,0,39348.0,0.0,1,0,0.00029507321432812743,0.0,-0.0,0.0004659018,0.0,39348.0,0.0,0,False,observed_sink,1.0,,,1,1,False,False,False,0.0,0,1877,False
100000004671609100,terminal,0.9,12,0.3939,"получил 100 тыс. KZT, 1 перевод от 1 плательщика; исходящих переводов 0, они проверены обходом на колене 3","R4a.terminal: исходящих переводов нет, они проверены обходом (depth <= 3)",3,False,1,0,100000.0,0.0,1,0,0.0003002421115187902,0.0,-0.0,2.7203e-06,0.0,100000.0,0.0,0,False,observed_sink,1.0,,,1,1,False,False,False,0.0,0,1877,False
100000004676985100,transit,0.6,1,0.301,"пропускает 84% полученного: вход 32 тыс. KZT от 1, выход 27 тыс. KZT на 1, деньги лежат 3 дн.","R3a.transit: pass_through в [0.8, 1.2] — прошло почти всё полученное",3,False,1,1,32260.0,27102.0,1,1,0.00028738617635442075,1.922024458454748e-05,0.0,0.0029057817,0.8401115933044018,5158.0,0.0,0,False,observed_forwarder,0.0,3.0,0.0,1,1,False,False,False,0.0,1,1877,True
100000002531406100,transit,0.904,19,0.5012,"пропускает 96% полученного: вход 520 тыс. KZT от 1, выход 500 тыс. KZT на 1","R3a.transit: pass_through в [0.8, 1.2] — прошло почти всё полученное",3,False,1,1,520000.0,500000.0,1,1,0.0003226050843745718,7.925874055483496e-07,0.0,7.93604e-05,0.9615384615384616,20000.0,0.0,0,False,observed_forwarder,0.0,,,1,1,False,False,False,0.0,1,1877,True
100000002877262100,terminal,0.9,4,0.3936,"получил 100 тыс. KZT, 1 перевод от 1 плательщика; исходящих переводов 0, они проверены обходом на колене 3","R4a.terminal: исходящих переводов нет, они проверены обходом (depth <= 3)",3,False,1,0,100000.0,0.0,1,0,0.0002999177628608638,0.0,-0.0,2.613e-07,0.0,100000.0,0.0,0,False,observed_sink,1.0,,,1,1,False,False,False,0.0,0,1877,False
100000007591246100,transit,0.6,10,0.3832,отдал 120 тыс. KZT на 1 получателя при поступлениях 12 тыс. KZT: 108 тыс. KZT пришло вне выборки (собраны только исходящие); удержания нет,"R3b.transit: pass_through > 1.2 — отдал больше, чем получил по данным, приток извне выборки",3,False,1,1,12190.0,120000.0,1,1,0.0002978930938238482,1.0237587321666184e-06,7.311e-07,2.44752e-05,9.844134536505333,0.0,107810.0,0,False,observed_forwarder,0.0,,,1,1,False,False,False,0.0,1,1877,False
100000008712184100,terminal,0.65,0,0.2282,"получил 18 тыс. KZT, 1 перевод от 1 плательщика; исходящих переводов 0, они проверены обходом на колене 3; сумма ниже медианы графа 50 тыс. KZT — мелкий получатель","R4a.terminal: исходящих переводов нет, они проверены обходом (depth <= 3)",3,False,1,0,18000.0,0.0,1,0,0.0002883786942425816,0.0,-0.0,0.0,0.0,18000.0,0.0,0,False,observed_sink,1.0,,,1,1,False,False,False,0.0,0,270,False
100000002975437100,terminal,0.85,31,0.5701,"из 530 тыс. KZT дальше ушло только 2% (8 тыс. KZT на 1 получателя), осело 522 тыс. KZT — сумма остановилась здесь",R4b.terminal: дальше уходит не более 26% полученного — сумма осела,3,False,1,1,530000.0,8500.0,2,1,0.0005210057143091006,0.0,0.0,4.74736e-05,0.016037735849056604,521500.0,0.0,0,False,observed_forwarder,0.0,,,1,2,False,False,False,0.5,10,1877,False
100000005008589100,terminal,0.65,1,0.3235,"получил 43 тыс. KZT, 1 перевод от 1 плательщика; исходящих переводов 0, они проверены обходом на колене 3; сумма ниже медианы графа 50 тыс. KZT — мелкий получатель","R4a.terminal: исходящих переводов нет, они проверены обходом (depth <= 3)",3,False,1,0,42806.68,0.0,1,0,0.0003030940204447499,0.0,-0.0,0.0006428157,0.0,42806.68,0.0,0,False,observed_sink,1.0,,,1,1,False,False,False,0.0,0,1877,False
100000000782285100,terminal,0.65,5,0.2064,"получил 6 тыс. KZT, 1 перевод от 1 плательщика; исходящих переводов 0, они проверены обходом на колене 3; сумма ниже медианы графа 50 тыс. KZT — мелкий получатель","R4a.terminal: исходящих переводов нет, они проверены обходом (depth <= 3)",3,False,1,0,6151.0,0.0,1,0,0.0003196030120468729,0.0,-0.0,2.3509e-06,0.0,6151.0,0.0,0,False,observed_sink,1.0,,,1,1,False,False,False,0.0,0,1877,False
100000005198498100,terminal,0.65,0,0.2756,"получил 29 тыс. KZT, 1 перевод от 1 плательщика; исходящих переводов 0, они проверены обходом на колене 3; сумма ниже медианы графа 50 тыс. KZT — мелкий получатель","R4a.terminal: исходящих переводов нет, они проверены обходом (depth <= 3)",3,False,1,0,28800.0,0.0,1,0,0.00029006433425775644,0.0,-0.0,0.0,0.0,28800.0,0.0,0,False,observed_sink,1.0,,,1,1,False,False,False,0.0,0,270,False
100000008517538100,distributor,0.773,4,0.6631,"веер на 17 получателей, 18 переводов на 1.4 млн KZT; отдал на 1.3 млн KZT больше, чем получил в выборке",R1.distributor: out_deg >= 11,3,False,3,17,155500.0,1439000.0,6,18,0.0003070164607928234,0.0002458053647176589,1.77592e-05,4.4161e-06,9.254019292604502,0.0,1283500.0,0,False,observed_forwarder,0.0,2.0,0.592077831827658,1,2,False,False,False,0.5,48,1877,True
100000005756535100,terminal,0.65,0,0.2901,"получил 20 тыс. KZT, 1 перевод от 1 плательщика; исходящих переводов 0, они проверены обходом на колене 3; сумма ниже медианы графа 50 тыс. KZT — мелкий получатель","R4a.terminal: исходящих переводов нет, они проверены обходом (depth <= 3)",3,False,1,0,20000.0,0.0,1,0,0.0005415991635083541,0.0,-0.0,0.0,0.0,20000.0,0.0,0,False,observed_sink,1.0,,,1,1,False,False,False,0.0,0,270,False
100000004917367100,terminal,0.9,6,0.4828,"получил 120 тыс. KZT, 2 перевода от 2 плательщиков; исходящих переводов 0, они проверены обходом на колене 3","R4a.terminal: исходящих переводов нет, они проверены обходом (depth <= 3)",3,False,2,0,120000.0,0.0,2,0,0.0002940276420429215,0.0,-0.0,0.0040780815,0.0,120000.0,0.0,0,False,observed_sink,1.0,,,1,1,False,False,False,0.0,0,1877,False
100000001222263100,peripheral,0.5,6,0.5752,"вход 746 тыс. KZT от 1, выход 420 тыс. KZT на 1, пропуск 56% — смешанный профиль: плательщиков меньше 4, получателей меньше 11 | сквозной транзит за 0 дн. (71% суммы)",R5.peripheral,3,False,1,1,745570.0,420000.0,1,5,0.00030973260213170437,1.922024458454748e-05,0.0,0.0029401741,0.5633273870998028,325570.0,0.0,0,False,observed_forwarder,0.0,0.0,0.7142857142857143,1,1,True,False,False,0.7142857142857143,1,1877,True
100000001149815100,terminal,0.65,0,0.196,"получил 12 тыс. KZT, 1 перевод от 1 плательщика; исходящих переводов 0, они проверены обходом на колене 3; сумма ниже медианы графа 50 тыс. KZT — мелкий получатель","R4a.terminal: исходящих переводов нет, они проверены обходом (depth <= 3)",3,False,1,0,12000.0,0.0,1,0,0.00028744222756748445,0.0,-0.0,0.0,0.0,12000.0,0.0,0,False,observed_sink,1.0,,,1,1,False,False,False,0.0,0,270,False
100000006020215100,transit,0.683,10,0.3217,"пропускает 113% полученного: вход 30 тыс. KZT от 1, выход 34 тыс. KZT на 2, деньги лежат 13 дн.","R3a.transit: pass_through в [0.8, 1.2] — прошло почти всё полученное",3,False,1,2,30000.0,33800.0,1,2,0.00029667460701655646,6.055520199044304e-05,0.0,0.0002594601,1.1266666666666667,0.0,3800.0,0,False,observed_forwarder,0.0,13.0,0.0,1,1,False,False,False,0.0,5,1877,True
100000000673868100,terminal,0.811,30,0.6752,"из 2 млн KZT дальше ушло только 19% (383 тыс. KZT на 5 получателей), осело 1.6 млн KZT — сумма остановилась здесь | сквозной транзит за 0 дн. (76% суммы)",R4b.terminal: дальше уходит не более 26% полученного — сумма осела,3,False,1,5,2030650.0,383000.0,5,19,0.0011728050936714342,4.1016398237127094e-05,0.0024150125,3.627e-07,0.18860955851574618,1647650.0,0.0,0,False,observed_forwarder,0.0,0.0,0.762402088772846,1,1,True,False,False,0.762402088772846,13,1877,True
100000008749900100,terminal,0.65,0,0.222,"получил 17 тыс. KZT, 1 перевод от 1 плательщика; исходящих переводов 0, они проверены обходом на колене 3; сумма ниже медианы графа 50 тыс. KZT — мелкий получатель","R4a.terminal: исходящих переводов нет, они проверены обходом (depth <= 3)",3,False,1,0,17150.0,0.0,1,0,0.0002882460281302762,0.0,-0.0,0.0,0.0,17150.0,0.0,0,False,observed_sink,1.0,,,1,1,False,False,False,0.0,0,270,False
100000002862113100,terminal,0.65,13,0.3294,"получил 47 тыс. KZT, 2 перевода от 1 плательщика; исходящих переводов 0, они проверены обходом на колене 3; сумма ниже медианы графа 50 тыс. KZT — мелкий получатель","R4a.terminal: исходящих переводов нет, они проверены обходом (depth <= 3)",3,False,1,0,47405.0,0.0,2,0,0.0002989683952653226,0.0,-0.0,2.44138e-05,0.0,47405.0,0.0,0,False,observed_sink,1.0,,,1,1,False,False,False,0.0,0,1877,False
100000001066017100,peripheral,0.5,1,0.5448,"вход 136 тыс. KZT от 2, выход 82 тыс. KZT на 4, пропуск 61% — смешанный профиль: плательщиков меньше 4, получателей меньше 11, пропуск вне зон транзита и осаждения",R5.peripheral,3,False,2,4,136123.0,82500.0,3,4,0.0003012384075340405,7.688097833818992e-05,0.0,0.0040436891,0.6060695106631503,53623.0,0.0,0,False,observed_forwarder,0.0,2.5,0.18787878787878787,1,2,False,False,False,0.5,4,1877,True
100000008436257100,terminal,0.65,15,0.4371,"получил 35 тыс. KZT, 2 перевода от 2 плательщиков; исходящих переводов 0, они проверены обходом на колене 3; сумма ниже медианы графа 50 тыс. KZT — мелкий получатель","R4a.terminal: исходящих переводов нет, они проверены обходом (depth <= 3)",3,False,2,0,35000.0,0.0,2,0,0.0002945798149854974,0.0,-0.0,0.0002520368,0.0,35000.0,0.0,0,False,observed_sink,1.0,,,2,1,False,False,False,0.5,0,1877,False
100000003016438100,transit,0.6,4,0.5166,отдал 300 тыс. KZT на 1 получателя при поступлениях 200 тыс. KZT: 100 тыс. KZT пришло вне выборки (собраны только исходящие); удержания нет | сквозной транзит за 0 дн. (67% суммы),"R3b.transit: pass_through > 1.2 — отдал больше, чем получил по данным, приток извне выборки",3,False,1,1,200000.0,300000.0,1,3,0.0003166846999640835,2.139985994980544e-05,0.0,1.8497e-06,1.5,0.0,100000.0,0,False,observed_forwarder,0.0,0.0,0.6666666666666666,1,1,True,False,False,0.6666666666666666,1,1877,True
100000002534091100,terminal,0.65,5,0.2621,"получил 22 тыс. KZT, 1 перевод от 1 плательщика; исходящих переводов 0, они проверены обходом на колене 3; сумма ниже медианы графа 50 тыс. KZT — мелкий получатель","R4a.terminal: исходящих переводов нет, они проверены обходом (depth <= 3)",3,False,1,0,22200.0,0.0,1,0,0.00029636616273708943,0.0,-0.0,0.0001215993,0.0,22200.0,0.0,0,False,observed_sink,1.0,,,1,1,False,False,False,0.0,0,1877,False
100000006882208100,terminal,0.65,3,0.2864,"получил 18 тыс. KZT, 1 перевод от 1 плательщика; исходящих переводов 0, они проверены обходом на колене 3; сумма ниже медианы графа 50 тыс. KZT — мелкий получатель","R4a.terminal: исходящих переводов нет, они проверены обходом (depth <= 3)",3,False,1,0,18000.0,0.0,1,0,0.0006403184460375327,0.0,-0.0,2.6671e-06,0.0,18000.0,0.0,0,False,observed_sink,1.0,,,1,1,False,False,False,0.0,0,1877,False
100000005362848100,terminal,0.65,8,0.2875,"получил 29 тыс. KZT, 1 перевод от 1 плательщика; исходящих переводов 0, они проверены обходом на колене 3; сумма ниже медианы графа 50 тыс. KZT — мелкий получатель","R4a.terminal: исходящих переводов нет, они проверены обходом (depth <= 3)",3,False,1,0,29000.0,0.0,1,0,0.00029637417941000526,0.0,-0.0,6.407e-07,0.0,29000.0,0.0,0,False,observed_sink,1.0,,,1,1,False,False,False,0.0,0,1877,False
100000001073568100,peripheral,0.5,13,0.6286,"вход 707 тыс. KZT от 1, выход 220 тыс. KZT на 2, пропуск 31% — смешанный профиль: плательщиков меньше 4, получателей меньше 11 | сквозной транзит за 0 дн. (100% суммы)",R5.peripheral,3,False,1,2,707465.0,219503.0,4,3,0.0004855354375132767,1.922024458454748e-05,1.05586e-05,2.44138e-05,0.31026693900051594,487962.0,0.0,0,False,observed_forwarder,0.0,0.0,1.0,1,2,True,False,False,1.0,3,1877,True
100000008687733100,terminal,0.65,0,0.2067,"получил 15 тыс. KZT, 1 перевод от 1 плательщика; исходящих переводов 0, они проверены обходом на колене 3; сумма ниже медианы графа 50 тыс. KZT — мелкий получатель","R4a.terminal: исходящих переводов нет, они проверены обходом (depth <= 3)",3,False,1,0,14650.0,0.0,1,0,0.00028785583368231904,0.0,-0.0,0.0,0.0,14650.0,0.0,0,False,observed_sink,1.0,,,1,1,False,False,False,0.0,0,270,False
100000007229557100,terminal,0.9,20,0.7294,"получил 878 тыс. KZT, 3 перевода от 3 плательщиков; исходящих переводов 0, они проверены обходом на колене 3 | 3 плательщика в один день","R4a.terminal: исходящих переводов нет, они проверены обходом (depth <= 3)",3,False,3,0,878000.0,0.0,3,0,0.0003942093306983486,0.0,-0.0,4.8669e-06,0.0,878000.0,0.0,0,False,observed_sink,1.0,,,3,1,False,True,False,1.0,0,1877,False
100000001052789100,terminal,0.9,16,0.3667,"получил 71 тыс. KZT, 1 перевод от 1 плательщика; исходящих переводов 0, они проверены обходом на колене 3","R4a.terminal: исходящих переводов нет, они проверены обходом (depth <= 3)",3,False,1,0,70975.0,0.0,1,0,0.0002977071073491174,0.0,-0.0,8.44807e-05,0.0,70975.0,0.0,0,False,observed_sink,1.0,,,1,1,False,False,False,0.0,0,1877,False
100000006967370100,peripheral,0.5,15,0.3935,"вход 33 тыс. KZT от 1, выход 14 тыс. KZT на 1, пропуск 41% — смешанный профиль: плательщиков меньше 4, получателей меньше 11 | сквозной транзит за 0 дн. (100% суммы)",R5.peripheral,3,False,1,1,33225.0,13526.27,1,1,0.00029359429537827847,1.922024458454748e-05,0.0,0.0004659018,0.40711121143717083,19698.73,0.0,0,False,observed_forwarder,0.0,0.0,1.0,1,1,True,False,False,1.0,1,1877,True
100000001837130100,terminal,0.9,1,0.4294,"получил 173 тыс. KZT, 1 перевод от 1 плательщика; исходящих переводов 0, они проверены обходом на колене 3","R4a.terminal: исходящих переводов нет, они проверены обходом (depth <= 3)",3,False,1,0,172900.0,0.0,1,0,0.00030090245579956023,0.0,-0.0,0.0011319384,0.0,172900.0,0.0,0,False,observed_sink,1.0,,,1,1,False,False,False,0.0,0,1877,False
100000005820746100,terminal,0.85,23,0.6091,"из 2 млн KZT дальше ушло только 3% (60 тыс. KZT на 1 получателя), осело 1.9 млн KZT — сумма остановилась здесь",R4b.terminal: дальше уходит не более 26% полученного — сумма осела,3,False,1,1,1989000.0,60000.0,2,1,0.000989461905456682,0.0,0.0,0.0,0.030165912518853696,1929000.0,0.0,0,False,observed_forwarder,0.0,4.0,0.0,1,2,False,False,False,0.5,3,1877,False
100000002883402100,terminal,0.9,4,0.5616,"получил 300 тыс. KZT, 3 перевода от 3 плательщиков; исходящих переводов 0, они проверены обходом на колене 3","R4a.terminal: исходящих переводов нет, они проверены обходом (depth <= 3)",3,False,3,0,300000.0,0.0,3,0,0.00030065707174589147,0.0,-0.0,3.6594e-06,0.0,300000.0,0.0,0,False,observed_sink,1.0,,,1,1,False,False,False,0.0,0,1877,False
100000008582730100,transit,1.0,16,0.3533,"пропускает 100% полученного: вход 5 тыс. KZT от 1, выход 5 тыс. KZT на 1, деньги лежат 0 дн. | сквозной транзит за 0 дн. (100% суммы)","R3a.transit: pass_through в [0.8, 1.2] — прошло почти всё полученное",3,False,1,1,5000.0,5000.0,1,1,0.0008925911171850267,0.0,8.81648e-05,0.0,1.0,0.0,0.0,0,False,observed_forwarder,0.0,0.0,1.0,1,1,True,False,False,1.0,3,1877,False
100000003116106100,terminal,0.9,6,0.4866,"получил 494 тыс. KZT, 2 перевода от 1 плательщика; исходящих переводов 0, они проверены обходом на колене 3","R4a.terminal: исходящих переводов нет, они проверены обходом (depth <= 3)",3,False,1,0,494050.0,0.0,2,0,0.00030158104666859096,0.0,-0.0,0.0029401741,0.0,494050.0,0.0,0,False,observed_sink,1.0,,,1,1,False,False,False,0.0,0,1877,False
100000001818442100,terminal,0.65,8,0.3213,"получил 42 тыс. KZT, 1 перевод от 1 плательщика; исходящих переводов 0, они проверены обходом на колене 3; сумма ниже медианы графа 50 тыс. KZT — мелкий получатель","R4a.terminal: исходящих переводов нет, они проверены обходом (depth <= 3)",3,False,1,0,42215.0,0.0,1,0,0.0003012978538176511,0.0,-0.0,6.407e-07,0.0,42215.0,0.0,0,False,observed_sink,1.0,,,1,1,False,False,False,0.0,0,1877,False
100000008690762100,terminal,0.65,0,0.2703,"получил 27 тыс. KZT, 1 перевод от 1 плательщика; исходящих переводов 0, они проверены обходом на колене 3; сумма ниже медианы графа 50 тыс. KZT — мелкий получатель","R4a.terminal: исходящих переводов нет, они проверены обходом (depth <= 3)",3,False,1,0,26750.0,0.0,1,0,0.0002897443748104316,0.0,-0.0,0.0,0.0,26750.0,0.0,0,False,observed_sink,1.0,,,1,1,False,False,False,0.0,0,270,False
100000008712991100,terminal,0.9,0,0.3599,"получил 66 тыс. KZT, 1 перевод от 1 плательщика; исходящих переводов 0, они проверены обходом на колене 3","R4a.terminal: исходящих переводов нет, они проверены обходом (depth <= 3)",3,False,1,0,66100.0,0.0,1,0,0.0002958860354212769,0.0,-0.0,0.0,0.0,66100.0,0.0,0,False,observed_sink,1.0,,,1,1,False,False,False,0.0,0,270,False
100000003292191100,terminal,0.9,20,0.4022,"получил 112 тыс. KZT, 1 перевод от 1 плательщика; исходящих переводов 0, они проверены обходом на колене 3","R4a.terminal: исходящих переводов нет, они проверены обходом (depth <= 3)",3,False,1,0,112000.0,0.0,1,0,0.0002996284816997208,0.0,-0.0,1.2903e-06,0.0,112000.0,0.0,0,False,observed_sink,1.0,,,1,1,False,False,False,0.0,0,1877,False
100000005367284100,transit,0.6,1,0.3226,отдал 48 тыс. KZT на 2 получателей при поступлениях 14 тыс. KZT: 35 тыс. KZT пришло вне выборки (собраны только исходящие); удержания нет,"R3b.transit: pass_through > 1.2 — отдал больше, чем получил по данным, приток извне выборки",3,False,1,2,13700.0,48300.0,1,5,0.00028914323405377295,3.844048916909496e-05,0.0,0.0011379074,3.5255474452554743,0.0,34600.0,0,False,observed_forwarder,0.0,4.0,0.2836438923395445,1,1,False,False,False,0.0,2,1877,True
100000003216073100,transit,0.6,19,0.3337,отдал 70 тыс. KZT на 1 получателя при поступлениях 37 тыс. KZT: 33 тыс. KZT пришло вне выборки (собраны только исходящие); удержания нет,"R3b.transit: pass_through > 1.2 — отдал больше, чем получил по данным, приток извне выборки",3,False,1,1,37001.0,70000.0,1,1,0.0002882046043550009,7.925874055483496e-07,0.0,7.93604e-05,1.891840761060512,0.0,32999.0,0,False,observed_forwarder,0.0,3.0,0.0,1,1,False,False,False,0.0,1,1877,True
100000006169033100,transit,0.6,42,0.5009,отдал 1.1 млн KZT на 3 получателей при поступлениях 49 тыс. KZT: 1.1 млн KZT пришло вне выборки (собраны только исходящие); удержания нет,"R3b.transit: pass_through > 1.2 — отдал больше, чем получил по данным, приток извне выборки",3,False,1,3,49000.0,1140271.0,1,10,0.00041804163396876585,3.923307657464331e-05,6.478e-05,2.42844e-05,23.270836734693876,0.0,1091271.0,0,False,observed_forwarder,0.0,6.5,0.0,1,1,False,False,False,0.0,7,1877,True
100000004407753100,peripheral,0.5,28,0.5576,"вход 250 тыс. KZT от 1, выход 100 тыс. KZT на 1, пропуск 40% — смешанный профиль: плательщиков меньше 4, получателей меньше 11 | сквозной транзит за 1 дн. (100% суммы)",R5.peripheral,3,False,1,1,250000.0,100000.0,4,1,0.0008785641580238701,0.0,1.6e-09,0.0,0.4,150000.0,0.0,0,False,observed_forwarder,0.0,1.0,1.0,1,2,True,False,False,1.0,13,1877,False
100000004420041100,transit,0.6,11,0.4696,отдал 652 тыс. KZT на 7 получателей при поступлениях 70 тыс. KZT: 582 тыс. KZT пришло вне выборки (собраны только исходящие); удержания нет,"R3b.transit: pass_through > 1.2 — отдал больше, чем получил по данным, приток извне выборки",3,False,1,7,69638.0,651830.0,1,11,0.0002997377719239345,0.00015424862618236015,0.0001271621,0.0016044118,9.360263074758034,0.0,582192.0,0,False,observed_forwarder,0.0,,,1,1,False,False,False,0.0,13,1877,True
100000004715209100,transit,0.6,4,0.4245,отдал 350 тыс. KZT на 5 получателей при поступлениях 5 тыс. KZT: 345 тыс. KZT пришло вне выборки (собраны только исходящие); удержания нет,"R3b.transit: pass_through > 1.2 — отдал больше, чем получил по данным, приток извне выборки",3,False,1,5,5000.0,350450.0,1,17,0.00028754397576032846,7.767356574373826e-05,7.553e-07,4.87e-08,70.09,0.0,345450.0,0,False,observed_forwarder,0.0,5.0,0.127835639891568,1,1,False,False,False,0.0,11,1877,True
100000004580254100,terminal,0.65,15,0.3805,"получил 28 тыс. KZT, 2 перевода от 2 плательщиков; исходящих переводов 0, они проверены обходом на колене 3; сумма ниже медианы графа 50 тыс. KZT — мелкий получатель","R4a.terminal: исходящих переводов нет, они проверены обходом (depth <= 3)",3,False,2,0,27940.0,0.0,2,0,0.0003122789899791888,0.0,-0.0,0.000340287,0.0,27940.0,0.0,0,False,observed_sink,1.0,,,1,1,False,False,False,0.0,0,1877,False
100000001056414100,terminal,0.9,12,0.4477,"получил 250 тыс. KZT, 1 перевод от 1 плательщика; исходящих переводов 0, они проверены обходом на колене 3","R4a.terminal: исходящих переводов нет, они проверены обходом (depth <= 3)",3,False,1,0,250000.0,0.0,1,0,0.0002974772562529209,0.0,-0.0,3.794e-07,0.0,250000.0,0.0,0,False,observed_sink,1.0,,,1,1,False,False,False,0.0,0,1877,False
100000008686494100,terminal,0.65,0,0.2153,"получил 16 тыс. KZT, 1 перевод от 1 плательщика; исходящих переводов 0, они проверены обходом на колене 3; сумма ниже медианы графа 50 тыс. KZT — мелкий получатель","R4a.terminal: исходящих переводов нет, они проверены обходом (depth <= 3)",3,False,1,0,15700.0,0.0,1,0,0.00028801971535046103,0.0,-0.0,0.0,0.0,15700.0,0.0,0,False,observed_sink,1.0,,,1,1,False,False,False,0.0,0,270,False
100000002822472100,terminal,0.9,12,0.5457,"получил 267 тыс. KZT, 2 перевода от 2 плательщиков; исходящих переводов 0, они проверены обходом на колене 3","R4a.terminal: исходящих переводов нет, они проверены обходом (depth <= 3)",3,False,2,0,266722.0,0.0,2,0,0.00031223557685989894,0.0,-0.0,2.47932e-05,0.0,266722.0,0.0,0,False,observed_sink,1.0,,,1,1,False,False,False,0.0,0,1877,False
100000001831496100,transit,0.6,9,0.4285,отдал 373 тыс. KZT на 1 получателя при поступлениях 25 тыс. KZT: 348 тыс. KZT пришло вне выборки (собраны только исходящие); удержания нет,"R3b.transit: pass_through > 1.2 — отдал больше, чем получил по данным, приток извне выборки",3,False,1,1,25000.0,373000.0,1,1,0.00029263558524567985,1.8493706129461493e-06,5.26845e-05,2.44138e-05,14.92,0.0,348000.0,0,False,observed_forwarder,0.0,18.0,0.0,1,1,False,False,False,0.0,1,1877,False
100000008732488100,terminal,0.85,5,0.556,"из 137 тыс. KZT дальше ушло только 7% (10 тыс. KZT на 1 получателя), осело 127 тыс. KZT — сумма остановилась здесь | сквозной транзит за 0 дн. (100% суммы)",R4b.terminal: дальше уходит не более 26% полученного — сумма осела,3,False,1,1,137000.0,10000.0,1,1,0.0003134431769510027,1.922024458454748e-05,0.0,0.0016044118,0.072992700729927,127000.0,0.0,0,False,observed_forwarder,0.0,0.0,1.0,1,1,True,False,False,1.0,1,1877,True
100000004007197100,terminal,0.65,24,0.1923,"получил 10 тыс. KZT, 1 перевод от 1 плательщика; исходящих переводов 0, они проверены обходом на колене 3; сумма ниже медианы графа 50 тыс. KZT — мелкий получатель","R4a.terminal: исходящих переводов нет, они проверены обходом (depth <= 3)",3,False,1,0,10048.0,0.0,1,0,0.00028768870831810125,0.0,-0.0,0.0,0.0,10048.0,0.0,0,False,observed_sink,1.0,,,1,1,False,False,False,0.0,0,17,False
100000002815005100,terminal,0.9,4,0.4942,"получил 476 тыс. KZT, 1 перевод от 1 плательщика; исходящих переводов 0, они проверены обходом на колене 3","R4a.terminal: исходящих переводов нет, они проверены обходом (depth <= 3)",3,False,1,0,476500.0,0.0,1,0,0.00031901272651967474,0.0,-0.0,1.9662e-06,0.0,476500.0,0.0,0,False,observed_sink,1.0,,,1,1,False,False,False,0.0,0,1877,False
100000005756189100,transit,0.7,6,0.4653,"пропускает 75% полученного: вход 65 тыс. KZT от 1, выход 49 тыс. KZT на 1, деньги лежат 0 дн. | сквозной транзит за 0 дн. (100% суммы)",R3d.transit: >=60% исходящих в пределах 2 суток после поступления,3,False,1,1,65000.0,49050.0,1,1,0.00028767589053210556,1.922024458454748e-05,0.0,0.0029401741,0.7546153846153846,15950.0,0.0,0,False,observed_forwarder,0.0,0.0,1.0,1,1,True,False,False,1.0,1,1877,True
100000004877085100,transit,0.6,10,0.4515,отдал 96 тыс. KZT на 3 получателей при поступлениях 25 тыс. KZT: 71 тыс. KZT пришло вне выборки (собраны только исходящие); удержания нет | сквозной транзит за 0 дн. (71% суммы),"R3b.transit: pass_through > 1.2 — отдал больше, чем получил по данным, приток извне выборки",3,False,1,3,25000.0,95600.0,1,9,0.00029482372155001206,5.7660733753642434e-05,0.0,0.0002594601,3.824,0.0,70600.0,0,False,observed_forwarder,0.0,0.0,0.7071129707112971,1,1,True,False,False,0.7071129707112971,3,1877,True
100000002713074100,peripheral,0.5,15,0.6519,"вход 700 тыс. KZT от 2, выход 430 тыс. KZT на 1, пропуск 61% — смешанный профиль: плательщиков меньше 4, получателей меньше 11, пропуск вне зон транзита и осаждения",R5.peripheral,3,False,2,1,700000.0,430000.0,2,2,0.0004336098166177588,1.922024458454748e-05,0.0,0.0006992464,0.6142857142857143,270000.0,0.0,0,False,observed_forwarder,0.0,13.0,0.0,2,1,False,False,False,0.5,1,1877,True
100000002356167100,terminal,0.85,6,0.4919,"из 300 тыс. KZT дальше ушло только 10% (30 тыс. KZT на 2 получателей), осело 270 тыс. KZT — сумма остановилась здесь",R4b.terminal: дальше уходит не более 26% полученного — сумма осела,3,False,1,2,300000.0,29500.0,1,3,0.00029529204643951516,3.844048916909496e-05,0.0,0.0029401741,0.09833333333333333,270500.0,0.0,0,False,observed_forwarder,0.0,9.0,0.1864406779661017,1,1,False,False,False,0.0,2,1877,True
100000004140487100,transit,0.6,2,0.4205,отдал 263 тыс. KZT на 10 получателей при поступлениях 25 тыс. KZT: 238 тыс. KZT пришло вне выборки (собраны только исходящие); удержания нет,"R3b.transit: pass_through > 1.2 — отдал больше, чем получил по данным, приток извне выборки",3,False,1,10,24510.0,262600.0,1,19,0.0002894271448597533,0.00032537043857319123,0.0027251208,0.0002333446,10.713994288045695,0.0,238090.0,0,False,observed_forwarder,0.0,4.0,0.29588728103579587,1,1,False,False,False,0.0,1595,1877,True
100000003147719100,terminal,0.9,4,0.3799,"получил 100 тыс. KZT, 1 перевод от 1 плательщика; исходящих переводов 0, они проверены обходом на колене 3","R4a.terminal: исходящих переводов нет, они проверены обходом (depth <= 3)",3,False,1,0,100000.0,0.0,1,0,0.00029072126443008034,0.0,-0.0,3.2207e-06,0.0,100000.0,0.0,0,False,observed_sink,1.0,,,1,1,False,False,False,0.0,0,1877,False
100000008745884100,terminal,0.65,0,0.2373,"получил 20 тыс. KZT, 1 перевод от 1 плательщика; исходящих переводов 0, они проверены обходом на колене 3; сумма ниже медианы графа 50 тыс. KZT — мелкий получатель","R4a.terminal: исходящих переводов нет, они проверены обходом (depth <= 3)",3,False,1,0,20000.0,0.0,1,0,0.0002886908498009473,0.0,-0.0,0.0,0.0,20000.0,0.0,0,False,observed_sink,1.0,,,1,1,False,False,False,0.0,0,270,False
100000002559089100,terminal,0.9,12,0.6565,"получил 715 тыс. KZT, 2 перевода от 2 плательщиков; исходящих переводов 0, они проверены обходом на колене 3","R4a.terminal: исходящих переводов нет, они проверены обходом (depth <= 3)",3,False,2,0,715000.0,0.0,2,0,0.00039242595373201167,0.0,-0.0,2.8039e-06,0.0,715000.0,0.0,0,False,observed_sink,1.0,,,2,1,False,False,False,0.5,0,1877,False
100000004984689100,terminal,0.9,5,0.3453,"получил 53 тыс. KZT, 1 перевод от 1 плательщика; исходящих переводов 0, они проверены обходом на колене 3","R4a.terminal: исходящих переводов нет, они проверены обходом (depth <= 3)",3,False,1,0,53030.0,0.0,1,0,0.0002963587248842155,0.0,-0.0,0.0016044118,0.0,53030.0,0.0,0,False,observed_sink,1.0,,,1,1,False,False,False,0.0,0,1877,False
100000004340038100,transit,0.6,10,0.3194,отдал 49 тыс. KZT на 1 получателя при поступлениях 10 тыс. KZT: 39 тыс. KZT пришло вне выборки (собраны только исходящие); удержания нет,"R3b.transit: pass_through > 1.2 — отдал больше, чем получил по данным, приток извне выборки",3,False,1,1,9978.0,49000.0,1,1,0.0002892629212543261,1.922024458454748e-05,0.0,0.0002594601,4.910803768290238,0.0,39022.0,0,False,observed_forwarder,0.0,9.0,0.0,1,1,False,False,False,0.0,1,1877,True
100000005052998100,transit,0.6,1,0.2759,отдал 28 тыс. KZT на 1 получателя при поступлениях 10 тыс. KZT: 19 тыс. KZT пришло вне выборки (собраны только исходящие); удержания нет,"R3b.transit: pass_through > 1.2 — отдал больше, чем получил по данным, приток извне выборки",3,False,1,1,9500.0,28400.0,1,1,0.00028610433390429394,4.333353000324481e-06,0.000235343,0.0029057817,2.9894736842105263,0.0,18900.0,0,False,observed_forwarder,0.0,,,1,1,False,False,False,0.0,1595,1877,False
100000007597382100,terminal,0.65,6,0.2109,"получил 16 тыс. KZT, 1 перевод от 1 плательщика; исходящих переводов 0, они проверены обходом на колене 3; сумма ниже медианы графа 50 тыс. KZT — мелкий получатель","R4a.terminal: исходящих переводов нет, они проверены обходом (depth <= 3)",3,False,1,0,15700.0,0.0,1,0,0.0002860781182502533,0.0,-0.0,0.0029401741,0.0,15700.0,0.0,0,False,observed_sink,1.0,,,1,1,False,False,False,0.0,0,1877,False
100000008697670100,terminal,0.65,0,0.2643,"получил 25 тыс. KZT, 1 перевод от 1 плательщика; исходящих переводов 0, они проверены обходом на колене 3; сумма ниже медианы графа 50 тыс. KZT — мелкий получатель","R4a.terminal: исходящих переводов нет, они проверены обходом (depth <= 3)",3,False,1,0,25350.0,0.0,1,0,0.0002895258659195756,0.0,-0.0,0.0,0.0,25350.0,0.0,0,False,observed_sink,1.0,,,1,1,False,False,False,0.0,0,270,False
100000008460102100,distributor,1.0,17,0.4937,"веер на 31 получателя, 34 перевода на 477 тыс. KZT; отдал на 459 тыс. KZT больше, чем получил в выборке",R1.distributor: out_deg >= 11,3,False,1,31,17500.0,476570.0,1,34,0.00029968918055683826,0.0009777226136943515,0.000197864,4.112e-07,27.23257142857143,0.0,459070.0,0,False,observed_forwarder,0.0,3.0,0.1874016408922089,1,1,False,False,False,0.0,1623,1877,True
100000004399686100,terminal,0.9,23,0.5888,"получил 806 тыс. KZT, 2 перевода от 1 плательщика; исходящих переводов 0, они проверены обходом на колене 3","R4a.terminal: исходящих переводов нет, они проверены обходом (depth <= 3)",3,False,1,0,806000.0,0.0,2,0,0.0005708068229548216,0.0,-0.0,0.0,0.0,806000.0,0.0,0,False,observed_sink,1.0,,,1,2,False,False,False,0.5,0,1877,False
100000008688155100,terminal,0.65,0,0.2527,"получил 24 тыс. KZT, 1 перевод от 1 плательщика; исходящих переводов 0, они проверены обходом на колене 3; сумма ниже медианы графа 50 тыс. KZT — мелкий получатель","R4a.terminal: исходящих переводов нет, они проверены обходом (depth <= 3)",3,False,1,0,23600.0,0.0,1,0,0.0002892527298060056,0.0,-0.0,0.0,0.0,23600.0,0.0,0,False,observed_sink,1.0,,,1,1,False,False,False,0.0,0,270,False
100000004386331100,transit,0.688,11,0.3231,"пропускает 88% полученного: вход 20 тыс. KZT от 1, выход 18 тыс. KZT на 2","R3a.transit: pass_through в [0.8, 1.2] — прошло почти всё полученное",3,False,1,2,20000.0,17500.0,1,2,0.0005126940455197109,2.0210978841482916e-05,0.0,0.0,0.875,2500.0,0.0,0,False,observed_forwarder,0.0,,,1,1,False,False,False,0.0,6,1877,True
100000007999728100,terminal,0.65,13,0.2584,"получил 23 тыс. KZT, 1 перевод от 1 плательщика; исходящих переводов 0, они проверены обходом на колене 3; сумма ниже медианы графа 50 тыс. KZT — мелкий получатель","R4a.terminal: исходящих переводов нет, они проверены обходом (depth <= 3)",3,False,1,0,23250.0,0.0,1,0,0.00029214094487369256,0.0,-0.0,2.44138e-05,0.0,23250.0,0.0,0,False,observed_sink,1.0,,,1,1,False,False,False,0.0,0,1877,False
100000001597424100,terminal,0.65,13,0.3303,"получил 48 тыс. KZT, 1 перевод от 1 плательщика; исходящих переводов 0, они проверены обходом на колене 3; сумма ниже медианы графа 50 тыс. KZT — мелкий получатель","R4a.terminal: исходящих переводов нет, они проверены обходом (depth <= 3)",3,False,1,0,48100.0,0.0,1,0,0.0002991648381559118,0.0,-0.0,2.44138e-05,0.0,48100.0,0.0,0,False,observed_sink,1.0,,,1,1,False,False,False,0.0,0,1877,False
100000003677936100,terminal,0.817,7,0.4034,"из 71 тыс. KZT дальше ушло только 18% (13 тыс. KZT на 1 получателя), осело 58 тыс. KZT — сумма остановилась здесь",R4b.terminal: дальше уходит не более 26% полученного — сумма осела,3,False,1,1,71000.0,13000.0,1,2,0.00030888363859944327,1.922024458454748e-05,0.0,0.0001083119,0.18309859154929578,58000.0,0.0,0,False,observed_forwarder,0.0,8.5,0.46153846153846156,1,1,False,False,False,0.0,1,1877,True
100000002943472100,terminal,0.9,4,0.4344,"получил 170 тыс. KZT, 1 перевод от 1 плательщика; исходящих переводов 0, они проверены обходом на колене 3","R4a.terminal: исходящих переводов нет, они проверены обходом (depth <= 3)",3,False,1,0,170000.0,0.0,1,0,0.0003099616909113654,0.0,-0.0,2.613e-07,0.0,170000.0,0.0,0,False,observed_sink,1.0,,,1,1,False,False,False,0.0,0,1877,False
100000004892144100,terminal,0.85,23,0.7542,"из 4.5 млн KZT дальше ушло только 4% (180 тыс. KZT на 1 получателя), осело 4.3 млн KZT — сумма остановилась здесь | дробление: 3 перевода от одного плательщика за день",R4b.terminal: дальше уходит не более 26% полученного — сумма осела,3,False,2,1,4500000.0,180300.0,7,1,0.002783203687212419,0.0,0.0,0.0,0.04006666666666667,4319700.0,0.0,0,False,observed_forwarder,0.0,4.0,0.0,2,3,False,False,True,1.0,4,1877,False
100000008077552100,terminal,0.9,5,0.4551,"получил 214 тыс. KZT, 1 перевод от 1 плательщика; исходящих переводов 0, они проверены обходом на колене 3","R4a.terminal: исходящих переводов нет, они проверены обходом (depth <= 3)",3,False,1,0,214000.0,0.0,1,0,0.00032910951980133745,0.0,-0.0,0.0016044118,0.0,214000.0,0.0,0,False,observed_sink,1.0,,,1,1,False,False,False,0.0,0,1877,False
100000002914245100,terminal,0.9,19,0.4096,"получил 141 тыс. KZT, 1 перевод от 1 плательщика; исходящих переводов 0, они проверены обходом на колене 3","R4a.terminal: исходящих переводов нет, они проверены обходом (depth <= 3)",3,False,1,0,140611.0,0.0,1,0,0.00029558398554383933,0.0,-0.0,7.93604e-05,0.0,140611.0,0.0,0,False,observed_sink,1.0,,,1,1,False,False,False,0.0,0,1877,False
100000004906181100,transit,0.6,36,0.4705,отдал 2.5 млн KZT на 7 получателей при поступлениях 100 тыс. KZT: 2.4 млн KZT пришло вне выборки (собраны только исходящие); удержания нет,"R3b.transit: pass_through > 1.2 — отдал больше, чем получил по данным, приток извне выборки",3,False,1,7,100000.0,2473417.91,1,33,0.0002888102116246985,0.00013454171209183234,0.0,0.0029401741,24.734179100000002,0.0,2373417.91,0,False,observed_forwarder,0.0,4.0,0.6420265631536565,1,1,False,False,False,0.0,7,1877,True
100000008514970100,terminal,0.85,19,0.612,"из 380 тыс. KZT дальше ушло только 8% (31 тыс. KZT на 1 получателя), осело 349 тыс. KZT — сумма остановилась здесь | сквозной транзит за 0 дн. (100% суммы)",R4b.terminal: дальше уходит не более 26% полученного — сумма осела,3,False,1,1,379966.0,31000.0,1,1,0.00031263148853056264,7.925874055483496e-07,0.0,7.93604e-05,0.0815862471905381,348966.0,0.0,0,False,observed_forwarder,0.0,0.0,1.0,1,1,True,False,False,1.0,1,1877,True
100000008258458100,transit,0.6,63,0.4678,отдал 1.6 млн KZT на 2 получателей при поступлениях 19 тыс. KZT: 1.5 млн KZT пришло вне выборки (собраны только исходящие); удержания нет,"R3b.transit: pass_through > 1.2 — отдал больше, чем получил по данным, приток извне выборки",3,False,1,2,19000.0,1557988.0,1,4,0.0002912603933484999,3.844048916909496e-05,0.0,5.25698e-05,81.99936842105264,0.0,1538988.0,0,False,observed_forwarder,0.0,0.0,0.364308325866438,1,1,False,False,False,0.0,2,1877,True
100000003484058100,terminal,0.85,13,0.4422,"из 110 тыс. KZT дальше ушло только 5% (6 тыс. KZT на 1 получателя), осело 104 тыс. KZT — сумма остановилась здесь",R4b.terminal: дальше уходит не более 26% полученного — сумма осела,3,False,1,1,110000.0,6000.0,1,1,0.0003166609747422045,1.922024458454748e-05,0.0,2.44138e-05,0.05454545454545454,104000.0,0.0,0,False,observed_forwarder,0.0,13.0,0.0,1,1,False,False,False,0.0,1,1877,True
100000003574895100,transit,0.7,1,0.4006,"пропускает 72% полученного: вход 28 тыс. KZT от 1, выход 20 тыс. KZT на 1, деньги лежат 0 дн. | сквозной транзит за 0 дн. (100% суммы)",R3d.transit: >=60% исходящих в пределах 2 суток после поступления,3,False,1,1,27968.0,20000.0,1,1,0.00028714445105582916,1.922024458454748e-05,0.0,0.0029057817,0.7151029748283753,7968.0,0.0,0,False,observed_forwarder,0.0,0.0,1.0,1,1,True,False,False,1.0,1,1877,True
100000000896111100,terminal,0.9,23,0.4814,"получил 287 тыс. KZT, 1 перевод от 1 плательщика; исходящих переводов 0, они проверены обходом на колене 3","R4a.terminal: исходящих переводов нет, они проверены обходом (depth <= 3)",3,False,1,0,287100.0,0.0,1,0,0.0003871718928532024,0.0,-0.0,0.0,0.0,287100.0,0.0,0,False,observed_sink,1.0,,,1,1,False,False,False,0.0,0,1877,False
100000008715887100,terminal,0.65,0,0.2282,"получил 18 тыс. KZT, 1 перевод от 1 плательщика; исходящих переводов 0, они проверены обходом на колене 3; сумма ниже медианы графа 50 тыс. KZT — мелкий получатель","R4a.terminal: исходящих переводов нет, они проверены обходом (depth <= 3)",3,False,1,0,18000.0,0.0,1,0,0.0002883786942425816,0.0,-0.0,0.0,0.0,18000.0,0.0,0,False,observed_sink,1.0,,,1,1,False,False,False,0.0,0,270,False
100000000560751100,terminal,0.65,10,0.3122,"получил 25 тыс. KZT, 1 перевод от 1 плательщика; исходящих переводов 0, они проверены обходом на колене 3; сумма ниже медианы графа 50 тыс. KZT — мелкий получатель","R4a.terminal: исходящих переводов нет, они проверены обходом (depth <= 3)",3,False,1,0,25000.0,0.0,1,0,0.0005524500973404954,0.0,-0.0,0.0,0.0,25000.0,0.0,0,False,observed_sink,1.0,,,1,1,False,False,False,0.0,0,1877,False
100000008708207100,terminal,0.9,4,0.638,"получил 465 тыс. KZT, 2 перевода от 2 плательщиков; исходящих переводов 0, они проверены обходом на колене 3","R4a.terminal: исходящих переводов нет, они проверены обходом (depth <= 3)",3,False,2,0,465000.0,0.0,2,0,0.000359786904729812,0.0,-0.0,1.3667e-06,0.0,465000.0,0.0,0,False,observed_sink,1.0,,,2,1,False,False,False,0.5,0,1877,False
100000003152964100,terminal,0.85,5,0.4555,"из 142 тыс. KZT дальше ушло только 4% (6 тыс. KZT на 1 получателя), осело 136 тыс. KZT — сумма остановилась здесь",R4b.terminal: дальше уходит не более 26% полученного — сумма осела,3,False,1,1,141847.0,5500.0,1,1,0.0003144293427145815,1.922024458454748e-05,0.0,0.0016044118,0.03877417217142414,136347.0,0.0,0,False,observed_forwarder,0.0,3.0,0.0,1,1,False,False,False,0.0,1,1877,True
100000004991812100,terminal,0.65,22,0.2275,"получил 10 тыс. KZT, 1 перевод от 1 плательщика; исходящих переводов 0, они проверены обходом на колене 3; сумма ниже медианы графа 50 тыс. KZT — мелкий получатель","R4a.terminal: исходящих переводов нет, они проверены обходом (depth <= 3)",3,False,1,0,10000.0,0.0,1,0,0.0003463600077195248,0.0,-0.0,0.0,0.0,10000.0,0.0,0,False,observed_sink,1.0,,,1,1,False,False,False,0.0,0,1877,False
100000000291908100,terminal,0.85,50,0.5325,"из 296 тыс. KZT дальше ушло только 5% (13 тыс. KZT на 1 получателя), осело 282 тыс. KZT — сумма остановилась здесь",R4b.terminal: дальше уходит не более 26% полученного — сумма осела,3,False,1,1,295500.0,13300.0,5,1,0.0007065527083396985,1.981468513870874e-05,0.0,0.0,0.045008460236886635,282200.0,0.0,0,False,observed_forwarder,0.0,4.0,0.0,1,1,False,False,False,0.0,1,1877,True
100000003132484100,terminal,0.9,8,0.4167,"получил 90 тыс. KZT, 1 перевод от 1 плательщика; исходящих переводов 0, они проверены обходом на колене 3","R4a.terminal: исходящих переводов нет, они проверены обходом (depth <= 3)",3,False,1,0,90000.0,0.0,1,0,0.0005388233251189463,0.0,-0.0,0.0,0.0,90000.0,0.0,0,False,observed_sink,1.0,,,1,1,False,False,False,0.0,0,1877,False
100000004077081100,transit,0.6,2,0.5245,отдал 615 тыс. KZT на 4 получателей при поступлениях 140 тыс. KZT: 475 тыс. KZT пришло вне выборки (собраны только исходящие); удержания нет | сквозной транзит за 0 дн. (68% суммы),"R3b.transit: pass_through > 1.2 — отдал больше, чем получил по данным, приток извне выборки",3,False,1,4,140000.0,615000.0,1,6,0.0002901065785876618,0.00011599154155885525,0.0012387799,0.0029401741,4.392857142857143,0.0,475000.0,0,False,observed_forwarder,0.0,0.5,0.6829268292682927,1,1,True,False,False,0.6829268292682927,141,1877,True
100000004770073100,transit,0.998,1,0.3255,"пропускает 100% полученного: вход 5 тыс. KZT от 1, выход 5 тыс. KZT на 1, деньги лежат 0 дн. | сквозной транзит за 0 дн. (100% суммы)","R3a.transit: pass_through в [0.8, 1.2] — прошло почти всё полученное",3,False,1,1,5462.4,5466.97,1,1,0.0002878055588504006,1.922024458454748e-05,0.0,0.0006428157,1.0008366285881665,0.0,4.5700000000006185,0,False,observed_forwarder,0.0,0.0,1.0,1,1,True,False,False,1.0,1,1877,True
100000003163886100,terminal,0.9,54,0.5255,"получил 500 тыс. KZT, 1 перевод от 1 плательщика; исходящих переводов 0, они проверены обходом на колене 3","R4a.terminal: исходящих переводов нет, они проверены обходом (depth <= 3)",3,False,1,0,500000.0,0.0,1,0,0.000733835068059369,0.0,-0.0,3.28e-08,0.0,500000.0,0.0,0,False,observed_sink,1.0,,,1,1,False,False,False,0.0,0,1877,False
100000000795374100,terminal,0.9,5,0.3372,"получил 50 тыс. KZT, 1 перевод от 1 плательщика; исходящих переводов 0, они проверены обходом на колене 3","R4a.terminal: исходящих переводов нет, они проверены обходом (depth <= 3)",3,False,1,0,50000.0,0.0,1,0,0.000295742244120105,0.0,-0.0,0.0016044118,0.0,50000.0,0.0,0,False,observed_sink,1.0,,,1,1,False,False,False,0.0,0,1877,False
100000002391278100,transit,0.6,27,0.4399,отдал 53 тыс. KZT на 1 получателя при поступлениях 30 тыс. KZT: 23 тыс. KZT пришло вне выборки (собраны только исходящие); удержания нет | сквозной транзит за 1 дн. (100% суммы),"R3b.transit: pass_through > 1.2 — отдал больше, чем получил по данным, приток извне выборки",3,False,1,1,30000.0,52700.0,5,2,0.00039132234113293455,0.0,1.26261e-05,0.0,1.7566666666666666,0.0,22700.0,0,False,observed_forwarder,0.0,1.0,1.0,1,2,True,False,False,1.0,4,1877,False
100000004635886100,terminal,0.65,3,0.2579,"получил 23 тыс. KZT, 1 перевод от 1 плательщика; исходящих переводов 0, они проверены обходом на колене 3; сумма ниже медианы графа 50 тыс. KZT — мелкий получатель","R4a.terminal: исходящих переводов нет, они проверены обходом (depth <= 3)",3,False,1,0,23000.0,0.0,1,0,0.00029245851948138613,0.0,-0.0,5.25698e-05,0.0,23000.0,0.0,0,False,observed_sink,1.0,,,1,1,False,False,False,0.0,0,1877,False
100000000413678100,transit,0.6,5,0.5985,отдал 528 тыс. KZT на 3 получателей при поступлениях 306 тыс. KZT: 222 тыс. KZT пришло вне выборки (собраны только исходящие); удержания нет,"R3b.transit: pass_through > 1.2 — отдал больше, чем получил по данным, приток извне выборки",3,False,2,3,306500.0,528198.0,2,18,0.0003006988541738493,5.7660733753642434e-05,0.0,0.0030538313,1.723321370309951,0.0,221698.0,0,False,observed_forwarder,0.0,4.5,0.14767000253692744,2,1,False,False,False,0.5,3,1877,True
100000008659950100,terminal,0.9,4,0.4615,"получил 246 тыс. KZT, 1 перевод от 1 плательщика; исходящих переводов 0, они проверены обходом на колене 3","R4a.terminal: исходящих переводов нет, они проверены обходом (depth <= 3)",3,False,1,0,246000.0,0.0,1,0,0.0003208665270804813,0.0,-0.0,2.613e-07,0.0,246000.0,0.0,0,False,observed_sink,1.0,,,1,1,False,False,False,0.0,0,1877,False
100000003964910100,terminal,0.9,15,0.6706,"получил 1 млн KZT, 2 перевода от 2 плательщиков; исходящих переводов 0, они проверены обходом на колене 3","R4a.terminal: исходящих переводов нет, они проверены обходом (depth <= 3)",3,False,2,0,1000000.0,0.0,2,0,0.0005093616966720346,0.0,-0.0,0.0002520368,0.0,1000000.0,0.0,0,False,observed_sink,1.0,,,2,1,False,False,False,0.5,0,1877,False
100000008764654100,terminal,0.65,0,0.2671,"получил 26 тыс. KZT, 1 перевод от 1 плательщика; исходящих переводов 0, они проверены обходом на колене 3; сумма ниже медианы графа 50 тыс. KZT — мелкий получатель","R4a.terminal: исходящих переводов нет, они проверены обходом (depth <= 3)",3,False,1,0,26150.0,0.0,1,0,0.00028965072814292185,0.0,-0.0,0.0,0.0,26150.0,0.0,0,False,observed_sink,1.0,,,1,1,False,False,False,0.0,0,270,False
100000005830339100,consolidator,0.625,2,0.7284,"сходятся 5 плательщиков на 1 получателя; получено 476 тыс. KZT, отдано дальше 71%, осело 137 тыс. KZT","R2.consolidator: in_deg >= 4 и out_deg <= max(2, in_deg/2)",3,False,5,1,476341.0,339251.0,12,1,0.0003636000613544035,3.7978146515858416e-06,0.0001978542,0.0072459411,0.7122019729563485,137090.0,0.0,0,False,observed_forwarder,0.0,3.0,0.0,1,2,False,False,False,0.5,1,1877,False
100000002032323100,transit,0.6,4,0.4947,отдал 1.1 млн KZT на 1 получателя при поступлениях 300 тыс. KZT: 750 тыс. KZT пришло вне выборки (собраны только исходящие); удержания нет,"R3b.transit: pass_through > 1.2 — отдал больше, чем получил по данным, приток извне выборки",3,False,1,1,300000.0,1050000.0,1,2,0.0004040501867995857,1.9616538287321655e-05,0.0,4.87e-08,3.5,0.0,750000.0,0,False,observed_forwarder,0.0,0.0,0.2857142857142857,1,1,False,False,False,0.0,1,1877,True
100000008668099100,terminal,0.65,0,0.2153,"получил 16 тыс. KZT, 1 перевод от 1 плательщика; исходящих переводов 0, они проверены обходом на колене 3; сумма ниже медианы графа 50 тыс. KZT — мелкий получатель","R4a.terminal: исходящих переводов нет, они проверены обходом (depth <= 3)",3,False,1,0,15700.0,0.0,1,0,0.00028801971535046103,0.0,-0.0,0.0,0.0,15700.0,0.0,0,False,observed_sink,1.0,,,1,1,False,False,False,0.0,0,270,False
100000008634520100,terminal,0.9,4,0.3819,"получил 90 тыс. KZT, 1 перевод от 1 плательщика; исходящих переводов 0, они проверены обходом на колене 3","R4a.terminal: исходящих переводов нет, они проверены обходом (depth <= 3)",3,False,1,0,90000.0,0.0,1,0,0.0002984829159965065,0.0,-0.0,2.613e-07,0.0,90000.0,0.0,0,False,observed_sink,1.0,,,1,1,False,False,False,0.0,0,1877,False
100000002103448100,terminal,0.65,0,0.2714,"получил 27 тыс. KZT, 1 перевод от 1 плательщика; исходящих переводов 0, они проверены обходом на колене 3; сумма ниже медианы графа 50 тыс. KZT — мелкий получатель","R4a.terminal: исходящих переводов нет, они проверены обходом (depth <= 3)",3,False,1,0,27000.0,0.0,1,0,0.00028978339425522726,0.0,-0.0,0.0,0.0,27000.0,0.0,0,False,observed_sink,1.0,,,1,1,False,False,False,0.0,0,270,False
100000005996909100,terminal,0.65,14,0.2013,"получил 6 тыс. KZT, 1 перевод от 1 плательщика; исходящих переводов 0, они проверены обходом на колене 3; сумма ниже медианы графа 50 тыс. KZT — мелкий получатель","R4a.terminal: исходящих переводов нет, они проверены обходом (depth <= 3)",3,False,1,0,5500.0,0.0,1,0,0.0003159496060023001,0.0,-0.0,2.73e-06,0.0,5500.0,0.0,0,False,observed_sink,1.0,,,1,1,False,False,False,0.0,0,1877,False
100000007392365100,transit,0.6,41,0.4593,отдал 1.8 млн KZT на 6 получателей при поступлениях 10 тыс. KZT: 1.8 млн KZT пришло вне выборки (собраны только исходящие); удержания нет,"R3b.transit: pass_through > 1.2 — отдал больше, чем получил по данным, приток извне выборки",3,False,1,6,9613.0,1765600.0,1,9,0.00028611069806057095,0.00011532146750728487,0.0,0.0029057817,183.66794965151357,0.0,1755987.0,0,False,observed_forwarder,0.0,4.0,0.0,1,1,False,False,False,0.0,6,1877,True
100000008279405100,terminal,0.9,5,0.4607,"получил 235 тыс. KZT, 2 перевода от 1 плательщика; исходящих переводов 0, они проверены обходом на колене 3","R4a.terminal: исходящих переводов нет, они проверены обходом (depth <= 3)",3,False,1,0,234738.0,0.0,2,0,0.00033332885250302887,0.0,-0.0,0.0016044118,0.0,234738.0,0.0,0,False,observed_sink,1.0,,,1,1,False,False,False,0.0,0,1877,False
100000008343874100,transit,0.663,19,0.6736,"пропускает 62% полученного: вход 284 тыс. KZT от 2, выход 176 тыс. KZT на 2, деньги лежат 1 дн. | сквозной транзит за 1 дн. (81% суммы)",R3d.transit: >=60% исходящих в пределах 2 суток после поступления,3,False,2,2,283535.0,176400.0,2,5,0.0003076522795593044,3.883678287186913e-05,0.0,0.0012112989,0.6221454141464017,107135.0,0.0,0,False,observed_forwarder,0.0,1.0,0.8129251700680272,1,1,True,False,False,0.8129251700680272,2,1877,True
100000002548759100,terminal,0.9,4,0.6143,"получил 375 тыс. KZT, 2 перевода от 2 плательщиков; исходящих переводов 0, они проверены обходом на колене 3","R4a.terminal: исходящих переводов нет, они проверены обходом (depth <= 3)",3,False,2,0,375000.0,0.0,2,0,0.0003085290301049609,0.0,-0.0,5.1869e-06,0.0,375000.0,0.0,0,False,observed_sink,1.0,,,2,1,False,False,False,0.5,0,1877,False
100000003069463100,transit,0.6,26,0.2537,отдал 18 тыс. KZT на 1 получателя при поступлениях 12 тыс. KZT: 6 тыс. KZT пришло вне выборки (собраны только исходящие); удержания нет,"R3b.transit: pass_through > 1.2 — отдал больше, чем получил по данным, приток извне выборки",3,False,1,1,11500.0,17920.0,1,1,0.0002884531759834947,1.9616538287321655e-05,0.0,0.0,1.5582608695652174,0.0,6420.0,0,False,observed_forwarder,0.0,9.0,0.0,1,1,False,False,False,0.0,1,1877,True
100000008474391100,terminal,0.65,22,0.2811,"получил 20 тыс. KZT, 1 перевод от 1 плательщика; исходящих переводов 0, они проверены обходом на колене 3; сумма ниже медианы графа 50 тыс. KZT — мелкий получатель","R4a.terminal: исходящих переводов нет, они проверены обходом (depth <= 3)",3,False,1,0,20000.0,0.0,1,0,0.00040715072122175946,0.0,-0.0,0.0,0.0,20000.0,0.0,0,False,observed_sink,1.0,,,1,1,False,False,False,0.0,0,1877,False
100000003097324100,terminal,0.9,20,0.6095,"получил 294 тыс. KZT, 2 перевода от 2 плательщиков; исходящих переводов 0, они проверены обходом на колене 3","R4a.terminal: исходящих переводов нет, они проверены обходом (depth <= 3)",3,False,2,0,294000.0,0.0,2,0,0.0003260131114572473,0.0,-0.0,2.3221e-06,0.0,294000.0,0.0,0,False,observed_sink,1.0,,,2,1,False,False,False,0.5,0,1877,False
100000001852140100,terminal,0.65,58,0.3353,"получил 30 тыс. KZT, 1 перевод от 1 плательщика; исходящих переводов 0, они проверены обходом на колене 3; сумма ниже медианы графа 50 тыс. KZT — мелкий получатель","R4a.terminal: исходящих переводов нет, они проверены обходом (depth <= 3)",3,False,1,0,30000.0,0.0,1,0,0.0008047208113868999,0.0,-0.0,0.0,0.0,30000.0,0.0,0,False,observed_sink,1.0,,,1,1,False,False,False,0.0,0,4,False
100000003293377100,terminal,0.9,6,0.318,"получил 50 тыс. KZT, 1 перевод от 1 плательщика; исходящих переводов 0, они проверены обходом на колене 3","R4a.terminal: исходящих переводов нет, они проверены обходом (depth <= 3)",3,False,1,0,50000.0,0.0,1,0,0.00028718975292099435,0.0,-0.0,0.0029401741,0.0,50000.0,0.0,0,False,observed_sink,1.0,,,1,1,False,False,False,0.0,0,1877,False
100000006048193100,terminal,0.65,1,0.3154,"получил 42 тыс. KZT, 1 перевод от 1 плательщика; исходящих переводов 0, они проверены обходом на колене 3; сумма ниже медианы графа 50 тыс. KZT — мелкий получатель","R4a.terminal: исходящих переводов нет, они проверены обходом (depth <= 3)",3,False,1,0,41559.0,0.0,1,0,0.00029641085375483673,0.0,-0.0,0.0011379074,0.0,41559.0,0.0,0,False,observed_sink,1.0,,,1,1,False,False,False,0.0,0,1877,False
100000002435265100,terminal,0.9,1,0.4012,"получил 133 тыс. KZT, 3 перевода от 1 плательщика; исходящих переводов 0, они проверены обходом на колене 3","R4a.terminal: исходящих переводов нет, они проверены обходом (depth <= 3)",3,False,1,0,132628.0,0.0,3,0,0.00029303889880759863,0.0,-0.0,0.0029057817,0.0,132628.0,0.0,0,False,observed_sink,1.0,,,1,1,False,False,False,0.0,0,1877,False
100000004587414100,terminal,0.9,6,0.583,"получил 534 тыс. KZT, 2 перевода от 2 плательщиков; исходящих переводов 0, они проверены обходом на колене 3","R4a.terminal: исходящих переводов нет, они проверены обходом (depth <= 3)",3,False,2,0,533603.0,0.0,2,0,0.00031487177064037594,0.0,-0.0,0.0040721125,0.0,533603.0,0.0,0,False,observed_sink,1.0,,,1,1,False,False,False,0.0,0,1877,False
100000001726614100,terminal,0.9,1,0.4104,"получил 139 тыс. KZT, 1 перевод от 1 плательщика; исходящих переводов 0, они проверены обходом на колене 3","R4a.terminal: исходящих переводов нет, они проверены обходом (depth <= 3)",3,False,1,0,138717.0,0.0,1,0,0.0002978710303376358,0.0,-0.0,0.0011319384,0.0,138717.0,0.0,0,False,observed_sink,1.0,,,1,1,False,False,False,0.0,0,1877,False
100000003934614100,transit,0.7,34,0.4744,"пропускает 68% полученного: вход 17 тыс. KZT от 2, выход 12 тыс. KZT на 1, деньги лежат 1 дн. | сквозной транзит за 1 дн. (100% суммы)",R3d.transit: >=60% исходящих в пределах 2 суток после поступления,3,False,2,1,17000.0,11500.0,2,2,0.0003134906893691786,6.604895046236247e-08,6.46e-08,1.77731e-05,0.6764705882352942,5500.0,0.0,0,False,observed_forwarder,0.0,1.0,1.0,1,1,True,False,False,1.0,23,1877,False
100000008772246100,terminal,0.65,0,0.313,"получил 44 тыс. KZT, 1 перевод от 1 плательщика; исходящих переводов 0, они проверены обходом на колене 3; сумма ниже медианы графа 50 тыс. KZT — мелкий получатель","R4a.terminal: исходящих переводов нет, они проверены обходом (depth <= 3)",3,False,1,0,44500.0,0.0,1,0,0.0002925147553909273,0.0,-0.0,0.0,0.0,44500.0,0.0,0,False,observed_sink,1.0,,,1,1,False,False,False,0.0,0,270,False
100000002603371100,terminal,0.65,1,0.1868,"получил 9 тыс. KZT, 1 перевод от 1 плательщика; исходящих переводов 0, они проверены обходом на колене 3; сумма ниже медианы графа 50 тыс. KZT — мелкий получатель","R4a.terminal: исходящих переводов нет, они проверены обходом (depth <= 3)",3,False,1,0,9300.0,0.0,1,0,0.0002893766428347344,0.0,-0.0,0.0006428157,0.0,9300.0,0.0,0,False,observed_sink,1.0,,,1,1,False,False,False,0.0,0,1877,False
100000004445291100,terminal,0.65,25,0.264,"получил 20 тыс. KZT, 2 перевода от 1 плательщика; исходящих переводов 0, они проверены обходом на колене 3; сумма ниже медианы графа 50 тыс. KZT — мелкий получатель","R4a.terminal: исходящих переводов нет, они проверены обходом (depth <= 3)",3,False,1,0,19500.0,0.0,2,0,0.00031923942351721183,0.0,-0.0,2.5007e-06,0.0,19500.0,0.0,0,False,observed_sink,1.0,,,1,1,False,False,False,0.0,0,1877,False
100000008571243100,terminal,0.9,8,0.4156,"получил 134 тыс. KZT, 1 перевод от 1 плательщика; исходящих переводов 0, они проверены обходом на колене 3","R4a.terminal: исходящих переводов нет, они проверены обходом (depth <= 3)",3,False,1,0,134000.0,0.0,1,0,0.00030626343281042674,0.0,-0.0,5.69e-08,0.0,134000.0,0.0,0,False,observed_sink,1.0,,,1,1,False,False,False,0.0,0,1877,False
100000001138283100,transit,0.66,5,0.4936,"пропускает 61% полученного: вход 82 тыс. KZT от 1, выход 50 тыс. KZT на 2, деньги лежат 0 дн. | сквозной транзит за 0 дн. (80% суммы)",R3d.transit: >=60% исходящих в пределах 2 суток после поступления,3,False,1,2,81805.0,50000.0,1,2,0.0003022132575532854,1.9022097733160393e-05,0.0010542925,0.0016044118,0.6112095837662734,31805.0,0.0,0,False,observed_forwarder,0.0,0.0,0.8,1,1,True,False,False,0.8,1595,1877,True
100000002593344100,terminal,0.9,4,0.634,"получил 431 тыс. KZT, 2 перевода от 2 плательщиков; исходящих переводов 0, они проверены обходом на колене 3","R4a.terminal: исходящих переводов нет, они проверены обходом (depth <= 3)",3,False,2,0,431000.0,0.0,2,0,0.00035896158975109305,0.0,-0.0,3.025e-07,0.0,431000.0,0.0,0,False,observed_sink,1.0,,,2,1,False,False,False,0.5,0,1877,False
100000007390016100,transit,0.643,70,0.6383,"пропускает 68% полученного: вход 511 тыс. KZT от 1, выход 346 тыс. KZT на 1, деньги лежат 0 дн. | сквозной транзит за 0 дн. (72% суммы); дробление: 7 переводов от одного плательщика за день",R3d.transit: >=60% исходящих в пределах 2 суток после поступления,3,False,1,1,511000.0,346500.0,13,14,0.0018430013608097028,0.0,0.0013224128,0.0,0.678082191780822,164500.0,0.0,0,False,observed_forwarder,0.0,0.0,0.7157287157287158,1,7,True,False,True,1.0,1,1877,False
100000001285440100,terminal,0.9,20,0.5968,"получил 243 тыс. KZT, 2 перевода от 2 плательщиков; исходящих переводов 0, они проверены обходом на колене 3","R4a.terminal: исходящих переводов нет, они проверены обходом (depth <= 3)",3,False,2,0,243000.0,0.0,2,0,0.0003203647790984489,0.0,-0.0,3.3044e-06,0.0,243000.0,0.0,0,False,observed_sink,1.0,,,2,1,False,False,False,0.5,0,1877,False
100000006746688100,terminal,0.65,0,0.3074,"получил 41 тыс. KZT, 1 перевод от 1 плательщика; исходящих переводов 0, они проверены обходом на колене 3; сумма ниже медианы графа 50 тыс. KZT — мелкий получатель","R4a.terminal: исходящих переводов нет, они проверены обходом (depth <= 3)",3,False,1,0,41000.0,0.0,1,0,0.0002919684831637872,0.0,-0.0,0.0,0.0,41000.0,0.0,0,False,observed_sink,1.0,,,1,1,False,False,False,0.0,0,270,False
100000006471232100,terminal,0.65,0,0.3089,"получил 42 тыс. KZT, 1 перевод от 1 плательщика; исходящих переводов 0, они проверены обходом на колене 3; сумма ниже медианы графа 50 тыс. KZT — мелкий получатель","R4a.terminal: исходящих переводов нет, они проверены обходом (depth <= 3)",3,False,1,0,41800.0,0.0,1,0,0.00029209334538713355,0.0,-0.0,0.0,0.0,41800.0,0.0,0,False,observed_sink,1.0,,,1,1,False,False,False,0.0,0,270,False
100000008662805100,terminal,0.65,0,0.2193,"получил 16 тыс. KZT, 1 перевод от 1 плательщика; исходящих переводов 0, они проверены обходом на колене 3; сумма ниже медианы графа 50 тыс. KZT — мелкий получатель","R4a.terminal: исходящих переводов нет, они проверены обходом (depth <= 3)",3,False,1,0,16500.0,0.0,1,0,0.0002881445775738073,0.0,-0.0,0.0,0.0,16500.0,0.0,0,False,observed_sink,1.0,,,1,1,False,False,False,0.0,0,270,False
100000004292885100,terminal,0.9,0,0.4058,"получил 113 тыс. KZT, 1 перевод от 1 плательщика; исходящих переводов 0, они проверены обходом на колене 3","R4a.terminal: исходящих переводов нет, они проверены обходом (depth <= 3)",3,False,1,0,112700.0,0.0,1,0,0.00030315925993119793,0.0,-0.0,0.0,0.0,112700.0,0.0,0,False,observed_sink,1.0,,,1,1,False,False,False,0.0,0,270,False
100000008190442100,terminal,0.65,0,0.2007,"получил 13 тыс. KZT, 1 перевод от 1 плательщика; исходящих переводов 0, они проверены обходом на колене 3; сумма ниже медианы графа 50 тыс. KZT — мелкий получатель","R4a.terminal: исходящих переводов нет, они проверены обходом (depth <= 3)",3,False,1,0,13000.0,0.0,1,0,0.00028759830534666735,0.0,-0.0,0.0,0.0,13000.0,0.0,0,False,observed_sink,1.0,,,1,1,False,False,False,0.0,0,270,False
100000007131370100,transit,1.0,14,0.3298,"пропускает 100% полученного: вход 30 тыс. KZT от 1, выход 30 тыс. KZT на 1","R3a.transit: pass_through в [0.8, 1.2] — прошло почти всё полученное",3,False,1,1,30000.0,30000.0,1,1,0.0008999890359090004,0.0,1.54295e-05,0.0,1.0,0.0,0.0,0,False,observed_forwarder,0.0,,,1,1,False,False,False,0.0,5,1877,False
100000008717802100,terminal,0.65,0,0.2671,"получил 26 тыс. KZT, 1 перевод от 1 плательщика; исходящих переводов 0, они проверены обходом на колене 3; сумма ниже медианы графа 50 тыс. KZT — мелкий получатель","R4a.terminal: исходящих переводов нет, они проверены обходом (depth <= 3)",3,False,1,0,26150.0,0.0,1,0,0.00028965072814292185,0.0,-0.0,0.0,0.0,26150.0,0.0,0,False,observed_sink,1.0,,,1,1,False,False,False,0.0,0,270,False
100000005357034100,terminal,0.65,1,0.1785,"получил 10 тыс. KZT, 1 перевод от 1 плательщика; исходящих переводов 0, они проверены обходом на колене 3; сумма ниже медианы графа 50 тыс. KZT — мелкий получатель","R4a.terminal: исходящих переводов нет, они проверены обходом (depth <= 3)",3,False,1,0,9754.0,0.0,1,0,0.0002861186391759254,0.0,-0.0,0.0029057817,0.0,9754.0,0.0,0,False,observed_sink,1.0,,,1,1,False,False,False,0.0,0,1877,False
100000005532138100,terminal,0.65,7,0.2728,"получил 25 тыс. KZT, 1 перевод от 1 плательщика; исходящих переводов 0, они проверены обходом на колене 3; сумма ниже медианы графа 50 тыс. KZT — мелкий получатель","R4a.terminal: исходящих переводов нет, они проверены обходом (depth <= 3)",3,False,1,0,25046.0,0.0,1,0,0.00029379367547638043,0.0,-0.0,0.0001083119,0.0,25046.0,0.0,0,False,observed_sink,1.0,,,1,1,False,False,False,0.0,0,1877,False
100000005264874100,transit,0.6,37,0.3866,отдал 78 тыс. KZT на 2 получателей при поступлениях 30 тыс. KZT: 48 тыс. KZT пришло вне выборки (собраны только исходящие); удержания нет,"R3b.transit: pass_through > 1.2 — отдал больше, чем получил по данным, приток извне выборки",3,False,1,2,30000.0,78000.0,1,3,0.00042829267239375183,7.925874055483496e-07,0.0,0.0,2.6,0.0,48000.0,0,False,observed_forwarder,0.0,,,1,1,False,False,False,0.0,7,1877,True
100000008193258100,peripheral,0.5,15,0.3606,"вход 75 тыс. KZT от 1, выход 30 тыс. KZT на 1, пропуск 40% — смешанный профиль: плательщиков меньше 4, получателей меньше 11, пропуск вне зон транзита и осаждения",R5.peripheral,3,False,1,1,75000.0,30000.0,2,1,0.0002973742227437991,1.922024458454748e-05,0.0,0.0002333446,0.4,45000.0,0.0,0,False,observed_forwarder,0.0,8.0,0.0,1,1,False,False,False,0.0,1,1877,True
100000003190207100,transit,0.6,18,0.4433,отдал 377 тыс. KZT на 1 получателя при поступлениях 5 тыс. KZT: 372 тыс. KZT пришло вне выборки (собраны только исходящие); удержания нет,"R3b.transit: pass_through > 1.2 — отдал больше, чем получил по данным, приток извне выборки",3,False,1,1,5000.0,377000.0,1,8,0.0002991258827616197,2.1003566247031264e-05,0.0,1.0304e-06,75.4,0.0,372000.0,0,False,observed_forwarder,0.0,6.5,0.10610079575596817,1,1,False,False,False,0.0,1,1877,True
100000004321983100,transit,0.6,27,0.329,отдал 36 тыс. KZT на 2 получателей при поступлениях 11 тыс. KZT: 25 тыс. KZT пришло вне выборки (собраны только исходящие); удержания нет,"R3b.transit: pass_through > 1.2 — отдал больше, чем получил по данным, приток извне выборки",3,False,1,2,10840.0,36200.0,1,3,0.00032378139516947633,1.387027959709612e-06,0.0,0.0,3.339483394833948,0.0,25360.0,0,False,observed_forwarder,0.0,4.0,0.0,1,1,False,False,False,0.0,4,1877,True
100000002633108100,terminal,0.9,13,0.4865,"получил 320 тыс. KZT, 3 перевода от 1 плательщика; исходящих переводов 0, они проверены обходом на колене 3","R4a.terminal: исходящих переводов нет, они проверены обходом (depth <= 3)",3,False,1,0,320000.0,0.0,3,0,0.00037601781938067727,0.0,-0.0,2.44138e-05,0.0,320000.0,0.0,0,False,observed_sink,1.0,,,1,1,False,False,False,0.0,0,1877,False
100000005941908100,terminal,0.65,13,0.2487,"получил 10 тыс. KZT, 1 перевод от 1 плательщика; исходящих переводов 0, они проверены обходом на колене 3; сумма ниже медианы графа 50 тыс. KZT — мелкий получатель","R4a.terminal: исходящих переводов нет, они проверены обходом (depth <= 3)",3,False,1,0,10000.0,0.0,1,0,0.0006923487710335436,0.0,-0.0,0.0,0.0,10000.0,0.0,0,False,observed_sink,1.0,,,1,1,False,False,False,0.0,0,1877,False
100000001835625100,terminal,0.9,6,0.35,"получил 75 тыс. KZT, 1 перевод от 1 плательщика; исходящих переводов 0, они проверены обходом на колене 3","R4a.terminal: исходящих переводов нет, они проверены обходом (depth <= 3)",3,False,1,0,75130.0,0.0,1,0,0.00028800419546547607,0.0,-0.0,0.0029401741,0.0,75130.0,0.0,0,False,observed_sink,1.0,,,1,1,False,False,False,0.0,0,1877,False
100000008671081100,terminal,0.65,0,0.2992,"получил 37 тыс. KZT, 1 перевод от 1 плательщика; исходящих переводов 0, они проверены обходом на колене 3; сумма ниже медианы графа 50 тыс. KZT — мелкий получатель","R4a.terminal: исходящих переводов нет, они проверены обходом (depth <= 3)",3,False,1,0,37200.0,0.0,1,0,0.0002913753876028924,0.0,-0.0,0.0,0.0,37200.0,0.0,0,False,observed_sink,1.0,,,1,1,False,False,False,0.0,0,270,False
100000002908521100,terminal,0.65,0,0.313,"получил 44 тыс. KZT, 1 перевод от 1 плательщика; исходящих переводов 0, они проверены обходом на колене 3; сумма ниже медианы графа 50 тыс. KZT — мелкий получатель","R4a.terminal: исходящих переводов нет, они проверены обходом (depth <= 3)",3,False,1,0,44500.0,0.0,1,0,0.0002925147553909273,0.0,-0.0,0.0,0.0,44500.0,0.0,0,False,observed_sink,1.0,,,1,1,False,False,False,0.0,0,270,False
100000000749118100,transit,0.6,1,0.2413,отдал 16 тыс. KZT на 1 получателя при поступлениях 10 тыс. KZT: 6 тыс. KZT пришло вне выборки (собраны только исходящие); удержания нет,"R3b.transit: pass_through > 1.2 — отдал больше, чем получил по данным, приток извне выборки",3,False,1,1,10330.0,16500.0,1,1,0.0002861510794769479,1.922024458454748e-05,0.0,0.0029057817,1.5972894482090998,0.0,6170.0,0,False,observed_forwarder,0.0,19.0,0.0,1,1,False,False,False,0.0,1,1877,True
100000008652094100,terminal,0.65,1,0.2842,"получил 35 тыс. KZT, 1 перевод от 1 плательщика; исходящих переводов 0, они проверены обходом на колене 3; сумма ниже медианы графа 50 тыс. KZT — мелкий получатель","R4a.terminal: исходящих переводов нет, они проверены обходом (depth <= 3)",3,False,1,0,35000.0,0.0,1,0,0.000287540493064146,0.0,-0.0,0.0029057817,0.0,35000.0,0.0,0,False,observed_sink,1.0,,,1,1,False,False,False,0.0,0,1877,False
100000007647294100,terminal,0.9,35,0.5094,"получил 385 тыс. KZT, 1 перевод от 1 плательщика; исходящих переводов 0, они проверены обходом на колене 3","R4a.terminal: исходящих переводов нет, они проверены обходом (depth <= 3)",3,False,1,0,385000.0,0.0,1,0,0.0005792181286000663,0.0,-0.0,0.0,0.0,385000.0,0.0,0,False,observed_sink,1.0,,,1,1,False,False,False,0.0,0,1877,False
100000003270419100,terminal,0.9,10,0.4588,"получил 150 тыс. KZT, 1 перевод от 1 плательщика; исходящих переводов 0, они проверены обходом на колене 3","R4a.terminal: исходящих переводов нет, они проверены обходом (depth <= 3)",3,False,1,0,150000.0,0.0,1,0,0.0008334814098706011,0.0,-0.0,0.0,0.0,150000.0,0.0,0,False,observed_sink,1.0,,,1,1,False,False,False,0.0,0,1877,False
100000003050771100,terminal,0.9,10,0.4646,"получил 229 тыс. KZT, 1 перевод от 1 плательщика; исходящих переводов 0, они проверены обходом на колене 3","R4a.terminal: исходящих переводов нет, они проверены обходом (depth <= 3)",3,False,1,0,229000.0,0.0,1,0,0.0003703398485850226,0.0,-0.0,0.0002594601,0.0,229000.0,0.0,0,False,observed_sink,1.0,,,1,1,False,False,False,0.0,0,1877,False
100000008427027100,terminal,0.9,2,0.4963,"получил 300 тыс. KZT, 1 перевод от 1 плательщика; исходящих переводов 0, они проверены обходом на колене 3","R4a.terminal: исходящих переводов нет, они проверены обходом (depth <= 3)",3,False,1,0,300000.0,0.0,1,0,0.0005512640793595224,0.0,-0.0,3.7169e-06,0.0,300000.0,0.0,0,False,observed_sink,1.0,,,1,1,False,False,False,0.0,0,1877,False
100000004291560100,terminal,0.65,1,0.3089,"получил 47 тыс. KZT, 1 перевод от 1 плательщика; исходящих переводов 0, они проверены обходом на колене 3; сумма ниже медианы графа 50 тыс. KZT — мелкий получатель","R4a.terminal: исходящих переводов нет, они проверены обходом (depth <= 3)",3,False,1,0,47190.0,0.0,1,0,0.0002882270334625224,0.0,-0.0,0.0029057817,0.0,47190.0,0.0,0,False,observed_sink,1.0,,,1,1,False,False,False,0.0,0,1877,False
100000003594472100,terminal,0.65,31,0.2502,"получил 20 тыс. KZT, 1 перевод от 1 плательщика; исходящих переводов 0, они проверены обходом на колене 3; сумма ниже медианы графа 50 тыс. KZT — мелкий получатель","R4a.terminal: исходящих переводов нет, они проверены обходом (depth <= 3)",3,False,1,0,20000.0,0.0,1,0,0.0002944536874283019,0.0,-0.0,4.74736e-05,0.0,20000.0,0.0,0,False,observed_sink,1.0,,,1,1,False,False,False,0.0,0,1877,False
100000002575080100,transit,0.904,14,0.4144,"пропускает 96% полученного: вход 13 тыс. KZT от 1, выход 12 тыс. KZT на 1, деньги лежат 0 дн. | сквозной транзит за 0 дн. (100% суммы)","R3a.transit: pass_through в [0.8, 1.2] — прошло почти всё полученное",3,False,1,1,13000.0,12500.0,1,1,0.0005518178489503647,1.981468513870874e-05,0.0,0.0,0.9615384615384616,500.0,0.0,0,False,observed_forwarder,0.0,0.0,1.0,1,1,True,False,False,1.0,1,1877,True
100000008038077100,terminal,0.9,6,0.5394,"получил 500 тыс. KZT, 2 перевода от 1 плательщика; исходящих переводов 0, они проверены обходом на колене 3","R4a.terminal: исходящих переводов нет, они проверены обходом (depth <= 3)",3,False,1,0,499850.0,0.0,2,0,0.0003017690198782206,0.0,-0.0,0.0029401741,0.0,499850.0,0.0,0,False,observed_sink,1.0,,,1,2,False,False,False,0.5,0,1877,False
100000003899325100,terminal,0.9,5,0.3411,"получил 50 тыс. KZT, 1 перевод от 1 плательщика; исходящих переводов 0, они проверены обходом на колене 3","R4a.terminal: исходящих переводов нет, они проверены обходом (depth <= 3)",3,False,1,0,50120.0,0.0,1,0,0.0002966402059541674,0.0,-0.0,0.0001302804,0.0,50120.0,0.0,0,False,observed_sink,1.0,,,1,1,False,False,False,0.0,0,1877,False
100000001155773100,terminal,0.65,0,0.246,"получил 22 тыс. KZT, 1 перевод от 1 плательщика; исходящих переводов 0, они проверены обходом на колене 3; сумма ниже медианы графа 50 тыс. KZT — мелкий получатель","R4a.terminal: исходящих переводов нет, они проверены обходом (depth <= 3)",3,False,1,0,21500.0,0.0,1,0,0.00028892496646972155,0.0,-0.0,0.0,0.0,21500.0,0.0,0,False,observed_sink,1.0,,,1,1,False,False,False,0.0,0,270,False
100000000611474100,terminal,0.65,22,0.3384,"получил 32 тыс. KZT, 1 перевод от 1 плательщика; исходящих переводов 0, они проверены обходом на колене 3; сумма ниже медианы графа 50 тыс. KZT — мелкий получатель","R4a.terminal: исходящих переводов нет, они проверены обходом (depth <= 3)",3,False,1,0,32000.0,0.0,1,0,0.0005956216679555992,0.0,-0.0,0.0,0.0,32000.0,0.0,0,False,observed_sink,1.0,,,1,1,False,False,False,0.0,0,1877,False
100000006704530100,transit,0.875,26,0.5192,"пропускает 95% полученного: вход 450 тыс. KZT от 1, выход 428 тыс. KZT на 3, деньги лежат 3 дн.","R3a.transit: pass_through в [0.8, 1.2] — прошло почти всё полученное",3,False,1,3,450500.0,428000.0,1,5,0.00039854222775425723,5.8849614861964964e-05,0.0,0.0,0.9500554938956715,22500.0,0.0,0,False,observed_forwarder,0.0,3.0,0.0,1,1,False,False,False,0.0,3,1877,True
100000003996562100,terminal,0.65,5,0.2126,"получил 8 тыс. KZT, 1 перевод от 1 плательщика; исходящих переводов 0, они проверены обходом на колене 3; сумма ниже медианы графа 50 тыс. KZT — мелкий получатель","R4a.terminal: исходящих переводов нет, они проверены обходом (depth <= 3)",3,False,1,0,7700.0,0.0,1,0,0.00032817368818376504,0.0,-0.0,2.3509e-06,0.0,7700.0,0.0,0,False,observed_sink,1.0,,,1,1,False,False,False,0.0,0,1877,False
100000002646887100,terminal,0.65,4,0.2689,"получил 24 тыс. KZT, 1 перевод от 1 плательщика; исходящих переводов 0, они проверены обходом на колене 3; сумма ниже медианы графа 50 тыс. KZT — мелкий получатель","R4a.terminal: исходящих переводов нет, они проверены обходом (depth <= 3)",3,False,1,0,24354.0,0.0,1,0,0.00029518757307712095,0.0,-0.0,4.87e-08,0.0,24354.0,0.0,0,False,observed_sink,1.0,,,1,1,False,False,False,0.0,0,1877,False
100000002556775100,terminal,0.9,6,0.4566,"получил 300 тыс. KZT, 1 перевод от 1 плательщика; исходящих переводов 0, они проверены обходом на колене 3","R4a.terminal: исходящих переводов нет, они проверены обходом (depth <= 3)",3,False,1,0,300000.0,0.0,1,0,0.00029529204643951516,0.0,-0.0,0.0029401741,0.0,300000.0,0.0,0,False,observed_sink,1.0,,,1,1,False,False,False,0.0,0,1877,False
100000002722108100,terminal,0.9,12,0.5135,"получил 800 тыс. KZT, 2 перевода от 1 плательщика; исходящих переводов 0, они проверены обходом на колене 3","R4a.terminal: исходящих переводов нет, они проверены обходом (depth <= 3)",3,False,1,0,800000.0,0.0,2,0,0.0003236747727313084,0.0,-0.0,3.794e-07,0.0,800000.0,0.0,0,False,observed_sink,1.0,,,1,1,False,False,False,0.0,0,1877,False
100000002737980100,terminal,0.65,3,0.2977,"получил 33 тыс. KZT, 1 перевод от 1 плательщика; исходящих переводов 0, они проверены обходом на колене 3; сумма ниже медианы графа 50 тыс. KZT — мелкий получатель","R4a.terminal: исходящих переводов нет, они проверены обходом (depth <= 3)",3,False,1,0,32900.0,0.0,1,0,0.0002954238816602796,0.0,-0.0,5.25698e-05,0.0,32900.0,0.0,0,False,observed_sink,1.0,,,1,1,False,False,False,0.0,0,1877,False
100000002913340100,terminal,0.65,0,0.2527,"получил 24 тыс. KZT, 1 перевод от 1 плательщика; исходящих переводов 0, они проверены обходом на колене 3; сумма ниже медианы графа 50 тыс. KZT — мелкий получатель","R4a.terminal: исходящих переводов нет, они проверены обходом (depth <= 3)",3,False,1,0,23600.0,0.0,1,0,0.0002892527298060056,0.0,-0.0,0.0,0.0,23600.0,0.0,0,False,observed_sink,1.0,,,1,1,False,False,False,0.0,0,270,False
100000003610172100,terminal,0.9,6,0.3449,"получил 70 тыс. KZT, 1 перевод от 1 плательщика; исходящих переводов 0, они проверены обходом на колене 3","R4a.terminal: исходящих переводов нет, они проверены обходом (depth <= 3)",3,False,1,0,70000.0,0.0,1,0,0.000287837936402476,0.0,-0.0,0.0029401741,0.0,70000.0,0.0,0,False,observed_sink,1.0,,,1,1,False,False,False,0.0,0,1877,False
100000001052945100,transit,0.6,56,0.4839,отдал 1.6 млн KZT на 3 получателей при поступлениях 57 тыс. KZT: 1.5 млн KZT пришло вне выборки (собраны только исходящие); удержания нет,"R3b.transit: pass_through > 1.2 — отдал больше, чем получил по данным, приток извне выборки",3,False,1,3,56520.0,1595700.0,1,6,0.00030154476497427343,5.7660733753642434e-05,0.0,2.44138e-05,28.23248407643312,0.0,1539180.0,0,False,observed_forwarder,0.0,22.0,0.0,1,1,False,False,False,0.0,3,1877,True
100000002369510100,terminal,0.65,0,0.2989,"получил 37 тыс. KZT, 1 перевод от 1 плательщика; исходящих переводов 0, они проверены обходом на колене 3; сумма ниже медианы графа 50 тыс. KZT — мелкий получатель","R4a.terminal: исходящих переводов нет, они проверены обходом (depth <= 3)",3,False,1,0,37150.0,0.0,1,0,0.00029136758371393326,0.0,-0.0,0.0,0.0,37150.0,0.0,0,False,observed_sink,1.0,,,1,1,False,False,False,0.0,0,270,False
100000001954534100,transit,0.6,1,0.3458,отдал 40 тыс. KZT на 1 получателя при поступлениях 13 тыс. KZT: 27 тыс. KZT пришло вне выборки (собраны только исходящие); удержания нет,"R3b.transit: pass_through > 1.2 — отдал больше, чем получил по данным, приток извне выборки",3,False,1,1,13000.0,40000.0,1,1,0.0003659515092221351,1.9616538287321655e-05,0.0,8.27538e-05,3.076923076923077,0.0,27000.0,0,False,observed_forwarder,0.0,21.0,0.0,1,1,False,False,False,0.0,1,1877,True
100000008488166100,terminal,0.65,0,0.1664,"получил 6 тыс. KZT, 1 перевод от 1 плательщика; исходящих переводов 0, они проверены обходом на колене 3; сумма ниже медианы графа 50 тыс. KZT — мелкий получатель","R4a.terminal: исходящих переводов нет, они проверены обходом (depth <= 3)",3,False,1,0,5600.0,0.0,1,0,0.0002864433297807142,0.0,-0.0,0.0,0.0,5600.0,0.0,0,False,observed_sink,1.0,,,1,1,False,False,False,0.0,0,270,False
100000005100475100,terminal,0.65,7,0.3317,"получил 40 тыс. KZT, 1 перевод от 1 плательщика; исходящих переводов 0, они проверены обходом на колене 3; сумма ниже медианы графа 50 тыс. KZT — мелкий получатель","R4a.terminal: исходящих переводов нет, они проверены обходом (depth <= 3)",3,False,1,0,40000.0,0.0,1,0,0.0003377497462501427,0.0,-0.0,0.0,0.0,40000.0,0.0,0,False,observed_sink,1.0,,,1,1,False,False,False,0.0,0,1877,False
100000002708624100,terminal,0.65,25,0.2917,"получил 25 тыс. KZT, 1 перевод от 1 плательщика; исходящих переводов 0, они проверены обходом на колене 3; сумма ниже медианы графа 50 тыс. KZT — мелкий получатель","R4a.terminal: исходящих переводов нет, они проверены обходом (depth <= 3)",3,False,1,0,25000.0,0.0,1,0,0.0003287361266530872,0.0,-0.0,2.5007e-06,0.0,25000.0,0.0,0,False,observed_sink,1.0,,,1,1,False,False,False,0.0,0,1877,False
100000004591973100,transit,0.6,11,0.4066,отдал 100 тыс. KZT на 1 получателя при поступлениях 10 тыс. KZT: 90 тыс. KZT пришло вне выборки (собраны только исходящие); удержания нет,"R3b.transit: pass_through > 1.2 — отдал больше, чем получил по данным, приток извне выборки",3,False,1,1,10000.0,100000.0,1,1,0.0003991316698685005,2.0409125692870002e-05,0.0,0.0,10.0,0.0,90000.0,0,False,observed_forwarder,0.0,,,1,1,False,False,False,0.0,1,1877,True
100000000802149100,terminal,0.9,1,0.392,"получил 104 тыс. KZT, 1 перевод от 1 плательщика; исходящих переводов 0, они проверены обходом на колене 3","R4a.terminal: исходящих переводов нет, они проверены обходом (depth <= 3)",3,False,1,0,104128.0,0.0,1,0,0.00029480359988090277,0.0,-0.0,0.0011319384,0.0,104128.0,0.0,0,False,observed_sink,1.0,,,1,1,False,False,False,0.0,0,1877,False
100000003095610100,terminal,0.65,8,0.2641,"получил 24 тыс. KZT, 1 перевод от 1 плательщика; исходящих переводов 0, они проверены обходом на колене 3; сумма ниже медианы графа 50 тыс. KZT — мелкий получатель","R4a.terminal: исходящих переводов нет, они проверены обходом (depth <= 3)",3,False,1,0,23665.0,0.0,1,0,0.0002943864531167937,0.0,-0.0,6.407e-07,0.0,23665.0,0.0,0,False,observed_sink,1.0,,,1,1,False,False,False,0.0,0,1877,False
100000004183610100,transit,0.6,10,0.4854,отдал 915 тыс. KZT на 1 получателя при поступлениях 22 тыс. KZT: 893 тыс. KZT пришло вне выборки (собраны только исходящие); удержания нет,"R3b.transit: pass_through > 1.2 — отдал больше, чем получил по данным, приток извне выборки",3,False,1,1,22000.0,915000.0,1,3,0.00034076272266534053,1.9616538287321655e-05,0.0,4.26e-08,41.59090909090909,0.0,893000.0,0,False,observed_forwarder,0.0,2.0,0.01639344262295082,1,1,False,False,False,0.0,1,1877,True
100000005198906100,peripheral,0.5,6,0.4315,"вход 228 тыс. KZT от 1, выход 60 тыс. KZT на 1, пропуск 26% — смешанный профиль: плательщиков меньше 4, получателей меньше 11, пропуск вне зон транзита и осаждения",R5.peripheral,3,False,1,1,227970.0,60000.0,1,1,0.0002929576136309589,1.922024458454748e-05,0.0,0.0029401741,0.26319252533228055,167970.0,0.0,0,False,observed_forwarder,0.0,,,1,1,False,False,False,0.0,1,1877,True
100000008599354100,terminal,0.784,1,0.4683,"из 177 тыс. KZT дальше ушло только 22% (38 тыс. KZT на 1 получателя), осело 139 тыс. KZT — сумма остановилась здесь",R4b.terminal: дальше уходит не более 26% полученного — сумма осела,3,False,1,1,177000.0,38200.0,1,2,0.00033174355341856386,4.359230730515923e-06,0.0006883385,0.0011379074,0.21581920903954802,138800.0,0.0,0,False,observed_forwarder,0.0,10.5,0.0,1,1,False,False,False,0.0,2,1877,False
100000001303311100,consolidator,0.725,20,0.8072,"сходятся 5 плательщиков на 0 получателей; получено 1.3 млн KZT, отдано дальше 0%, осело 1.3 млн KZT | 4 плательщика в один день","R2.consolidator: in_deg >= 4 и out_deg <= max(2, in_deg/2)",3,False,5,0,1324000.0,0.0,5,0,0.0005016994290161631,0.0,-0.0,3.9139e-06,0.0,1324000.0,0.0,0,False,observed_sink,1.0,,,4,1,False,True,False,1.0,0,1877,False
100000008776420100,terminal,0.9,0,0.3623,"получил 70 тыс. KZT, 1 перевод от 1 плательщика; исходящих переводов 0, они проверены обходом на колене 3","R4a.terminal: исходящих переводов нет, они проверены обходом (depth <= 3)",3,False,1,0,69500.0,0.0,1,0,0.0002964166998704986,0.0,-0.0,0.0,0.0,69500.0,0.0,0,False,observed_sink,1.0,,,1,1,False,False,False,0.0,0,270,False
100000004737764100,terminal,0.9,2,0.5316,"получил 600 тыс. KZT, 1 перевод от 1 плательщика; исходящих переводов 0, они проверены обходом на колене 3","R4a.terminal: исходящих переводов нет, они проверены обходом (depth <= 3)",3,False,1,0,600000.0,0.0,1,0,0.000676622422754616,0.0,-0.0,0.0,0.0,600000.0,0.0,0,False,observed_sink,1.0,,,1,1,False,False,False,0.0,0,1877,False
100000003154105100,transit,0.6,21,0.4813,отдал 338 тыс. KZT на 7 получателей при поступлениях 60 тыс. KZT: 278 тыс. KZT пришло вне выборки (собраны только исходящие); удержания нет,"R3b.transit: pass_through > 1.2 — отдал больше, чем получил по данным, приток извне выборки",3,False,1,7,60000.0,338000.0,1,9,0.0005506807965745357,0.0001400898239306708,0.0,0.0,5.633333333333334,0.0,278000.0,0,False,observed_forwarder,0.0,11.0,0.16272189349112426,1,1,False,False,False,0.0,7,1877,True
100000008708025100,terminal,0.65,28,0.2163,"получил 10 тыс. KZT, 1 перевод от 1 плательщика; исходящих переводов 0, они проверены обходом на колене 3; сумма ниже медианы графа 50 тыс. KZT — мелкий получатель","R4a.terminal: исходящих переводов нет, они проверены обходом (depth <= 3)",3,False,1,0,10000.0,0.0,1,0,0.0003092890887695534,0.0,-0.0,0.0,0.0,10000.0,0.0,0,False,observed_sink,1.0,,,1,1,False,False,False,0.0,0,1877,False
100000008740793100,terminal,0.65,0,0.2442,"получил 21 тыс. KZT, 1 перевод от 1 плательщика; исходящих переводов 0, они проверены обходом на колене 3; сумма ниже медианы графа 50 тыс. KZT — мелкий получатель","R4a.terminal: исходящих переводов нет, они проверены обходом (depth <= 3)",3,False,1,0,21000.0,0.0,1,0,0.00028884692758013016,0.0,-0.0,0.0,0.0,21000.0,0.0,0,False,observed_sink,1.0,,,1,1,False,False,False,0.0,0,270,False
100000008459449100,terminal,0.9,1,0.3498,"получил 54 тыс. KZT, 1 перевод от 1 плательщика; исходящих переводов 0, они проверены обходом на колене 3","R4a.terminal: исходящих переводов нет, они проверены обходом (depth <= 3)",3,False,1,0,53700.0,0.0,1,0,0.000299578094890219,0.0,-0.0,0.0011379074,0.0,53700.0,0.0,0,False,observed_sink,1.0,,,1,1,False,False,False,0.0,0,1877,False
100000008677518100,terminal,0.65,0,0.3239,"получил 49 тыс. KZT, 1 перевод от 1 плательщика; исходящих переводов 0, они проверены обходом на колене 3; сумма ниже медианы графа 50 тыс. KZT — мелкий получатель","R4a.terminal: исходящих переводов нет, они проверены обходом (depth <= 3)",3,False,1,0,48700.0,0.0,1,0,0.00029317028206349527,0.0,-0.0,0.0,0.0,48700.0,0.0,0,False,observed_sink,1.0,,,1,1,False,False,False,0.0,0,270,False
100000002212494100,terminal,0.9,31,0.4417,"получил 160 тыс. KZT, 1 перевод от 1 плательщика; исходящих переводов 0, они проверены обходом на колене 3","R4a.terminal: исходящих переводов нет, они проверены обходом (depth <= 3)",3,False,1,0,160000.0,0.0,1,0,0.0003566444399053839,0.0,-0.0,4.74736e-05,0.0,160000.0,0.0,0,False,observed_sink,1.0,,,1,1,False,False,False,0.0,0,1877,False
100000001825934100,transit,0.6,37,0.4007,отдал 97 тыс. KZT на 1 получателя при поступлениях 40 тыс. KZT: 57 тыс. KZT пришло вне выборки (собраны только исходящие); удержания нет,"R3b.transit: pass_through > 1.2 — отдал больше, чем получил по данным, приток извне выборки",3,False,1,1,40000.0,97000.0,1,1,0.00047586713178590575,9.90734256935437e-07,0.0,0.0,2.425,0.0,57000.0,0,False,observed_forwarder,0.0,,,1,1,False,False,False,0.0,1,1877,True
100000003736419100,peripheral,0.5,1,0.3564,"вход 23 тыс. KZT от 1, выход 10 тыс. KZT на 1, пропуск 43% — смешанный профиль: плательщиков меньше 4, получателей меньше 11 | сквозной транзит за 0 дн. (100% суммы)",R5.peripheral,3,False,1,1,23300.0,10000.0,1,1,0.00029164760065452,1.922024458454748e-05,0.0,0.0011379074,0.4291845493562232,13300.0,0.0,0,False,observed_forwarder,0.0,0.0,1.0,1,1,True,False,False,1.0,1,1877,True
100000008430691100,transit,0.6,69,0.4656,отдал 605 тыс. KZT на 2 получателей при поступлениях 20 тыс. KZT: 585 тыс. KZT пришло вне выборки (собраны только исходящие); удержания нет,"R3b.transit: pass_through > 1.2 — отдал больше, чем получил по данным, приток извне выборки",3,False,1,2,20000.0,604900.0,1,2,0.0003069779355111288,1.9616538287321655e-05,1.1081e-06,1.01236e-05,30.245,0.0,584900.0,0,False,observed_forwarder,0.0,3.5,0.96693668374938,1,1,False,False,False,0.0,87,1877,True
100000003073635100,terminal,0.9,5,0.4167,"получил 129 тыс. KZT, 1 перевод от 1 плательщика; исходящих переводов 0, они проверены обходом на колене 3","R4a.terminal: исходящих переводов нет, они проверены обходом (depth <= 3)",3,False,1,0,129231.0,0.0,1,0,0.00031186250399510335,0.0,-0.0,0.0016044118,0.0,129231.0,0.0,0,False,observed_sink,1.0,,,1,1,False,False,False,0.0,0,1877,False
100000001686328100,terminal,0.9,4,0.4235,"получил 140 тыс. KZT, 1 перевод от 1 плательщика; исходящих переводов 0, они проверены обходом на колене 3","R4a.terminal: исходящих переводов нет, они проверены обходом (depth <= 3)",3,False,1,0,140000.0,0.0,1,0,0.0003150543933476945,0.0,-0.0,9.06e-08,0.0,140000.0,0.0,0,False,observed_sink,1.0,,,1,1,False,False,False,0.0,0,1877,False
100000008707810100,terminal,0.65,0,0.2685,"получил 26 тыс. KZT, 1 перевод от 1 плательщика; исходящих переводов 0, они проверены обходом на колене 3; сумма ниже медианы графа 50 тыс. KZT — мелкий получатель","R4a.terminal: исходящих переводов нет, они проверены обходом (depth <= 3)",3,False,1,0,26200.0,0.0,1,0,0.000289658532031881,0.0,-0.0,0.0,0.0,26200.0,0.0,0,False,observed_sink,1.0,,,1,1,False,False,False,0.0,0,270,False
100000001236706100,terminal,0.748,10,0.6382,"из 143 тыс. KZT дальше ушло только 25% (36 тыс. KZT на 2 получателей), осело 107 тыс. KZT — сумма остановилась здесь",R4b.terminal: дальше уходит не более 26% полученного — сумма осела,3,False,3,2,142700.0,36000.0,3,2,0.0007662915221773773,3.923307657464331e-05,0.0,0.0032252164,0.25227750525578135,106700.0,0.0,0,False,observed_forwarder,0.0,11.0,0.0,2,1,False,False,False,0.5,2,1877,True
100000008536546100,terminal,0.9,20,0.5971,"получил 250 тыс. KZT, 2 перевода от 2 плательщиков; исходящих переводов 0, они проверены обходом на колене 3","R4a.terminal: исходящих переводов нет, они проверены обходом (depth <= 3)",3,False,2,0,250000.0,0.0,2,0,0.00031725287200167396,0.0,-0.0,2.5664e-06,0.0,250000.0,0.0,0,False,observed_sink,1.0,,,2,1,False,False,False,0.5,0,1877,False
100000007140834100,terminal,0.65,7,0.2541,"получил 10 тыс. KZT, 2 перевода от 1 плательщика; исходящих переводов 0, они проверены обходом на колене 3; сумма ниже медианы графа 50 тыс. KZT — мелкий получатель","R4a.terminal: исходящих переводов нет, они проверены обходом (depth <= 3)",3,False,1,0,10200.0,0.0,2,0,0.0007122600056993933,0.0,-0.0,0.0,0.0,10200.0,0.0,0,False,observed_sink,1.0,,,1,1,False,False,False,0.0,0,1877,False
100000007022818100,terminal,0.65,0,0.2226,"получил 17 тыс. KZT, 1 перевод от 1 плательщика; исходящих переводов 0, они проверены обходом на колене 3; сумма ниже медианы графа 50 тыс. KZT — мелкий получатель","R4a.terminal: исходящих переводов нет, они проверены обходом (depth <= 3)",3,False,1,0,17200.0,0.0,1,0,0.00028825383201923533,0.0,-0.0,0.0,0.0,17200.0,0.0,0,False,observed_sink,1.0,,,1,1,False,False,False,0.0,0,270,False
100000007484343100,terminal,0.65,1,0.4045,"получил 27 тыс. KZT, 2 перевода от 2 плательщиков; исходящих переводов 0, они проверены обходом на колене 3; сумма ниже медианы графа 50 тыс. KZT — мелкий получатель","R4a.terminal: исходящих переводов нет, они проверены обходом (depth <= 3)",3,False,2,0,26757.0,0.0,2,0,0.00028913342255287915,0.0,-0.0,0.0040436891,0.0,26757.0,0.0,0,False,observed_sink,1.0,,,2,1,False,False,False,0.5,0,1877,False
100000001379511100,terminal,0.9,4,0.3583,"получил 55 тыс. KZT, 1 перевод от 1 плательщика; исходящих переводов 0, они проверены обходом на колене 3","R4a.terminal: исходящих переводов нет, они проверены обходом (depth <= 3)",3,False,1,0,55000.0,0.0,1,0,0.00030729079119071103,0.0,-0.0,4.87e-08,0.0,55000.0,0.0,0,False,observed_sink,1.0,,,1,1,False,False,False,0.0,0,1877,False
100000004569484100,transit,0.6,8,0.5109,отдал 156 тыс. KZT на 4 получателей при поступлениях 98 тыс. KZT: 58 тыс. KZT пришло вне выборки (собраны только исходящие); удержания нет,"R3b.transit: pass_through > 1.2 — отдал больше, чем получил по данным, приток извне выборки",3,False,2,4,98312.0,156000.0,3,4,0.0003193810040919852,0.002793401699161766,9.1904e-05,2.71721e-05,1.586784929611848,0.0,57688.0,0,False,observed_forwarder,0.0,10.0,0.0,1,1,False,False,False,0.0,1595,1877,False
100000002948492100,terminal,0.65,13,0.2603,"получил 24 тыс. KZT, 1 перевод от 1 плательщика; исходящих переводов 0, они проверены обходом на колене 3; сумма ниже медианы графа 50 тыс. KZT — мелкий получатель","R4a.terminal: исходящих переводов нет, они проверены обходом (depth <= 3)",3,False,1,0,23660.0,0.0,1,0,0.00029225683204655813,0.0,-0.0,2.44138e-05,0.0,23660.0,0.0,0,False,observed_sink,1.0,,,1,1,False,False,False,0.0,0,1877,False
100000002116705100,terminal,0.65,0,0.2254,"получил 18 тыс. KZT, 1 перевод от 1 плательщика; исходящих переводов 0, они проверены обходом на колене 3; сумма ниже медианы графа 50 тыс. KZT — мелкий получатель","R4a.terminal: исходящих переводов нет, они проверены обходом (depth <= 3)",3,False,1,0,17600.0,0.0,1,0,0.00028831626313090844,0.0,-0.0,0.0,0.0,17600.0,0.0,0,False,observed_sink,1.0,,,1,1,False,False,False,0.0,0,270,False
100000002481974100,transit,0.6,5,0.5396,отдал 318 тыс. KZT на 2 получателей при поступлениях 89 тыс. KZT: 229 тыс. KZT пришло вне выборки (собраны только исходящие); удержания нет,"R3b.transit: pass_through > 1.2 — отдал больше, чем получил по данным, приток извне выборки",3,False,2,2,89447.0,318000.0,2,4,0.0003316686610389907,3.883678287186913e-05,0.0,0.0001509821,3.5551779265934016,0.0,228553.0,0,False,observed_forwarder,0.0,4.0,0.18553459119496854,1,1,False,False,False,0.0,2,1877,True
100000003920950100,terminal,0.9,7,0.4884,"получил 323 тыс. KZT, 1 перевод от 1 плательщика; исходящих переводов 0, они проверены обходом на колене 3","R4a.terminal: исходящих переводов нет, они проверены обходом (depth <= 3)",3,False,1,0,323290.0,0.0,1,0,0.00039172837020751925,0.0,-0.0,0.0001083119,0.0,323290.0,0.0,0,False,observed_sink,1.0,,,1,1,False,False,False,0.0,0,1877,False
100000000733451100,transit,0.6,10,0.523,отдал 300 тыс. KZT на 1 получателя при поступлениях 70 тыс. KZT: 230 тыс. KZT пришло вне выборки (собраны только исходящие); удержания нет,"R3b.transit: pass_through > 1.2 — отдал больше, чем получил по данным, приток извне выборки",3,False,1,1,70000.0,300000.0,2,1,0.0005412616148555019,2.4570209571998837e-05,0.0,0.0,4.285714285714286,0.0,230000.0,0,False,observed_forwarder,0.0,,,1,2,False,False,False,0.5,1,1877,True
100000005182219100,terminal,0.9,6,0.4554,"получил 55 тыс. KZT, 2 перевода от 2 плательщиков; исходящих переводов 0, они проверены обходом на колене 3","R4a.terminal: исходящих переводов нет, они проверены обходом (depth <= 3)",3,False,2,0,55000.0,0.0,2,0,0.0003541294978841431,0.0,-0.0,0.0029644584,0.0,55000.0,0.0,0,False,observed_sink,1.0,,,1,1,False,False,False,0.0,0,1877,False
100000008633099100,peripheral,0.5,7,0.2313,"вход 19 тыс. KZT от 1, выход 14 тыс. KZT на 1, пропуск 69% — смешанный профиль: плательщиков меньше 4, получателей меньше 11, пропуск вне зон транзита и осаждения",R5.peripheral,3,False,1,1,19468.0,13500.0,1,1,0.00029196202177266705,1.922024458454748e-05,0.0,0.0001083119,0.6934456544072324,5968.0,0.0,0,False,observed_forwarder,0.0,8.0,0.0,1,1,False,False,False,0.0,1,1877,True
100000001380107100,terminal,0.65,54,0.1801,"получил 6 тыс. KZT, 1 перевод от 1 плательщика; исходящих переводов 0, они проверены обходом на колене 3; сумма ниже медианы графа 50 тыс. KZT — мелкий получатель","R4a.terminal: исходящих переводов нет, они проверены обходом (depth <= 3)",3,False,1,0,6000.0,0.0,1,0,0.00029094848350339516,0.0,-0.0,3.28e-08,0.0,6000.0,0.0,0,False,observed_sink,1.0,,,1,1,False,False,False,0.0,0,1877,False
100000008755168100,terminal,0.65,0,0.2254,"получил 18 тыс. KZT, 1 перевод от 1 плательщика; исходящих переводов 0, они проверены обходом на колене 3; сумма ниже медианы графа 50 тыс. KZT — мелкий получатель","R4a.terminal: исходящих переводов нет, они проверены обходом (depth <= 3)",3,False,1,0,17600.0,0.0,1,0,0.00028831626313090844,0.0,-0.0,0.0,0.0,17600.0,0.0,0,False,observed_sink,1.0,,,1,1,False,False,False,0.0,0,270,False
100000002628576100,coordinator,0.8,6,0.7952,получает 728 тыс. KZT (топ-5% графа) от 2 плательщиков; 2 из них сами собирают от 4+ плательщиков; отдаёт дальше 74% | сквозной транзит за 0 дн. (100% суммы),"R6.coordinator: >= 2 плательщиков-сборщиков (in_deg >= 4) либо >= 2 seed-плательщиков, при in_kzt в топ-5% (614 тыс. KZT) и не seed",3,False,2,2,727882.0,539000.0,3,2,0.0003113901539132382,3.844048916909496e-05,0.0,0.0058459557,0.7405046422359668,188882.0,0.0,0,False,observed_forwarder,0.0,0.0,1.0,1,2,True,False,False,1.0,2,1877,True
100000001611488100,coordinator,0.8,6,0.7017,получает 779 тыс. KZT (топ-5% графа) от 2 плательщиков; 2 из них сами собирают от 4+ плательщиков; отдаёт дальше 0%,"R6.coordinator: >= 2 плательщиков-сборщиков (in_deg >= 4) либо >= 2 seed-плательщиков, при in_kzt в топ-5% (614 тыс. KZT) и не seed",3,False,2,0,779300.0,0.0,3,0,0.0008775368508533145,0.0,-0.0,0.0029640654,0.0,779300.0,0.0,0,False,observed_sink,1.0,,,1,1,False,False,False,0.0,0,1877,False
100000005375968100,peripheral,0.5,1,0.4179,"вход 170 тыс. KZT от 1, выход 86 тыс. KZT на 2, пропуск 51% — смешанный профиль: плательщиков меньше 4, получателей меньше 11, пропуск вне зон транзита и осаждения",R5.peripheral,3,False,1,2,170082.0,86000.0,1,4,0.00029514830685360255,3.844048916909496e-05,0.0,0.0029057817,0.5056384567443939,84082.0,0.0,0,False,observed_forwarder,0.0,1.0,0.3488372093023256,1,1,False,False,False,0.0,2,1877,True
100000003581109100,terminal,0.65,1,0.2982,"получил 43 тыс. KZT, 1 перевод от 1 плательщика; исходящих переводов 0, они проверены обходом на колене 3; сумма ниже медианы графа 50 тыс. KZT — мелкий получатель","R4a.terminal: исходящих переводов нет, они проверены обходом (depth <= 3)",3,False,1,0,42750.0,0.0,1,0,0.000287976972808807,0.0,-0.0,0.0029057817,0.0,42750.0,0.0,0,False,observed_sink,1.0,,,1,1,False,False,False,0.0,0,1877,False
100000002933386100,transit,0.6,2,0.3917,отдал 58 тыс. KZT на 1 получателя при поступлениях 15 тыс. KZT: 43 тыс. KZT пришло вне выборки (собраны только исходящие); удержания нет,"R3b.transit: pass_through > 1.2 — отдал больше, чем получил по данным, приток извне выборки",3,False,1,1,15000.0,58000.0,1,1,0.0006527823249129193,2.0012831990095827e-05,0.0,0.0,3.8666666666666667,0.0,43000.0,0,False,observed_forwarder,0.0,,,1,1,False,False,False,0.0,1,1877,True
100000002284426100,terminal,0.9,6,0.3636,"получил 90 тыс. KZT, 2 перевода от 1 плательщика; исходящих переводов 0, они проверены обходом на колене 3","R4a.terminal: исходящих переводов нет, они проверены обходом (depth <= 3)",3,False,1,0,90000.0,0.0,2,0,0.00028848611988395765,0.0,-0.0,0.0029401741,0.0,90000.0,0.0,0,False,observed_sink,1.0,,,1,1,False,False,False,0.0,0,1877,False
100000008579978100,transit,0.6,6,0.3399,отдал 77 тыс. KZT на 1 получателя при поступлениях 34 тыс. KZT: 43 тыс. KZT пришло вне выборки (собраны только исходящие); удержания нет,"R3b.transit: pass_through > 1.2 — отдал больше, чем получил по данным, приток извне выборки",3,False,1,1,34000.0,77000.0,1,6,0.00028667120613580906,1.922024458454748e-05,0.0,0.0029401741,2.264705882352941,0.0,43000.0,0,False,observed_forwarder,0.0,0.0,0.35064935064935066,1,1,False,False,False,0.0,1,1877,True
100000001549194100,terminal,0.65,13,0.3261,"получил 46 тыс. KZT, 1 перевод от 1 плательщика; исходящих переводов 0, они проверены обходом на колене 3; сумма ниже медианы графа 50 тыс. KZT — мелкий получатель","R4a.terminal: исходящих переводов нет, они проверены обходом (depth <= 3)",3,False,1,0,46500.0,0.0,1,0,0.0002987125955300949,0.0,-0.0,2.44138e-05,0.0,46500.0,0.0,0,False,observed_sink,1.0,,,1,1,False,False,False,0.0,0,1877,False
100000001427082100,transit,0.6,21,0.4252,отдал 125 тыс. KZT на 5 получателей при поступлениях 5 тыс. KZT: 120 тыс. KZT пришло вне выборки (собраны только исходящие); удержания нет,"R3b.transit: pass_through > 1.2 — отдал больше, чем получил по данным, приток извне выборки",3,False,1,5,5000.0,124900.0,1,6,0.0004392450523980493,7.846615314928662e-05,0.0,0.0,24.98,0.0,119900.0,0,False,observed_forwarder,0.0,4.0,0.0,1,1,False,False,False,0.0,6,1877,True
100000004657034100,terminal,0.9,6,0.4002,"получил 141 тыс. KZT, 1 перевод от 1 плательщика; исходящих переводов 0, они проверены обходом на колене 3","R4a.terminal: исходящих переводов нет, они проверены обходом (depth <= 3)",3,False,1,0,141250.0,0.0,1,0,0.0002901470900552544,0.0,-0.0,0.0029401741,0.0,141250.0,0.0,0,False,observed_sink,1.0,,,1,1,False,False,False,0.0,0,1877,False
100000003796063100,distributor,0.682,6,0.5372,"веер на 15 получателей, 23 перевода на 959 тыс. KZT; отдал на 924 тыс. KZT больше, чем получил в выборке",R1.distributor: out_deg >= 11,3,False,1,15,35000.0,959150.0,1,23,0.0006852648705720556,0.0011789271739411362,0.0025957795,0.0,27.404285714285713,0.0,924150.0,0,False,observed_forwarder,0.0,0.0,0.07350258040973778,1,1,False,False,False,0.0,1595,1877,True
100000005268319100,transit,0.6,1,0.3715,отдал 91 тыс. KZT на 5 получателей при поступлениях 20 тыс. KZT: 71 тыс. KZT пришло вне выборки (собраны только исходящие); удержания нет,"R3b.transit: pass_through > 1.2 — отдал больше, чем получил по данным, приток извне выборки",3,False,1,5,19712.8,91000.0,2,10,0.0002936395632308336,4.0473877157209365e-05,0.0002980233,0.0006428157,4.6162899232985675,0.0,71287.2,0,False,observed_forwarder,0.0,4.5,0.26373626373626374,1,1,False,False,False,0.0,1595,1877,True
100000008744799100,terminal,0.65,0,0.1991,"получил 13 тыс. KZT, 1 перевод от 1 плательщика; исходящих переводов 0, они проверены обходом на колене 3; сумма ниже медианы графа 50 тыс. KZT — мелкий получатель","R4a.terminal: исходящих переводов нет, они проверены обходом (depth <= 3)",3,False,1,0,12600.0,0.0,1,0,0.0002875358742349942,0.0,-0.0,0.0,0.0,12600.0,0.0,0,False,observed_sink,1.0,,,1,1,False,False,False,0.0,0,270,False
100000008677215100,terminal,0.65,22,0.2066,"получил 9 тыс. KZT, 1 перевод от 1 плательщика; исходящих переводов 0, они проверены обходом на колене 3; сумма ниже медианы графа 50 тыс. KZT — мелкий получатель","R4a.terminal: исходящих переводов нет, они проверены обходом (depth <= 3)",3,False,1,0,9000.0,0.0,1,0,0.00030437671563686035,0.0,-0.0,3.1979e-06,0.0,9000.0,0.0,0,False,observed_sink,1.0,,,1,1,False,False,False,0.0,0,1877,False
100000007593823100,distributor,0.591,1,0.5151,"веер на 13 получателей, 21 перевод на 163 тыс. KZT; отдал на 138 тыс. KZT больше, чем получил в выборке",R1.distributor: out_deg >= 11,3,False,3,13,25000.0,162900.0,3,21,0.00029059209456347635,0.0006813203182041415,0.0014877923,0.0043031492,6.516,0.0,137900.0,0,False,observed_forwarder,0.0,4.0,0.40085942295887045,1,1,False,False,False,0.0,1595,1877,True
100000001282143100,consolidator,0.725,12,0.806,"сходятся 5 плательщиков на 0 получателей; получено 1.7 млн KZT, отдано дальше 0%, осело 1.7 млн KZT | 4 плательщика в один день","R2.consolidator: in_deg >= 4 и out_deg <= max(2, in_deg/2)",3,False,5,0,1700000.0,0.0,6,0,0.0004017630614327044,0.0,-0.0,7.8226e-06,0.0,1700000.0,0.0,0,False,observed_sink,1.0,,,4,1,False,True,False,1.0,0,1877,False
100000008029279100,terminal,0.65,5,0.2237,"получил 17 тыс. KZT, 1 перевод от 1 плательщика; исходящих переводов 0, они проверены обходом на колене 3; сумма ниже медианы графа 50 тыс. KZT — мелкий получатель","R4a.terminal: исходящих переводов нет, они проверены обходом (depth <= 3)",3,False,1,0,17000.0,0.0,1,0,0.00028902809718424723,0.0,-0.0,0.0016044118,0.0,17000.0,0.0,0,False,observed_sink,1.0,,,1,1,False,False,False,0.0,0,1877,False
100000000594783100,terminal,0.85,23,0.6656,"из 2.6 млн KZT дальше ушло только 6% (152 тыс. KZT на 2 получателей), осело 2.5 млн KZT — сумма остановилась здесь | сквозной транзит за 0 дн. (100% суммы)",R4b.terminal: дальше уходит не более 26% полученного — сумма осела,3,False,1,2,2635000.0,152500.0,10,2,0.0013815888060884824,0.0,0.0,0.0,0.05787476280834915,2482500.0,0.0,0,False,observed_forwarder,0.0,0.5,1.0,1,4,True,False,True,1.0,4,1877,False
100000002705460100,terminal,0.9,3,0.4237,"получил 95 тыс. KZT, 1 перевод от 1 плательщика; исходящих переводов 0, они проверены обходом на колене 3","R4a.terminal: исходящих переводов нет, они проверены обходом (depth <= 3)",3,False,1,0,95000.0,0.0,1,0,0.0005577272422551425,0.0,-0.0,1.68678e-05,0.0,95000.0,0.0,0,False,observed_sink,1.0,,,1,1,False,False,False,0.0,0,1877,False
100000002952756100,terminal,0.65,9,0.3498,"получил 47 тыс. KZT, 1 перевод от 1 плательщика; исходящих переводов 0, они проверены обходом на колене 3; сумма ниже медианы графа 50 тыс. KZT — мелкий получатель","R4a.terminal: исходящих переводов нет, они проверены обходом (depth <= 3)",3,False,1,0,47000.0,0.0,1,0,0.0003677090010006233,0.0,-0.0,2.463e-07,0.0,47000.0,0.0,0,False,observed_sink,1.0,,,1,1,False,False,False,0.0,0,1877,False
100000004634420100,terminal,0.65,0,0.2671,"получил 26 тыс. KZT, 1 перевод от 1 плательщика; исходящих переводов 0, они проверены обходом на колене 3; сумма ниже медианы графа 50 тыс. KZT — мелкий получатель","R4a.terminal: исходящих переводов нет, они проверены обходом (depth <= 3)",3,False,1,0,26150.0,0.0,1,0,0.00028965072814292185,0.0,-0.0,0.0,0.0,26150.0,0.0,0,False,observed_sink,1.0,,,1,1,False,False,False,0.0,0,270,False
100000000583220100,transit,0.6,66,0.463,отдал 761 тыс. KZT на 1 получателя при поступлениях 5 тыс. KZT: 756 тыс. KZT пришло вне выборки (собраны только исходящие); удержания нет,"R3b.transit: pass_through > 1.2 — отдал больше, чем получил по данным, приток извне выборки",3,False,1,1,5000.0,761255.0,1,4,0.0002981132552282107,1.9616538287321655e-05,0.0,4.26e-08,152.251,0.0,756255.0,0,False,observed_forwarder,0.0,2.0,0.052544810871521366,1,1,False,False,False,0.0,1,1877,True
100000003286537100,terminal,0.9,4,0.5578,"получил 153 тыс. KZT, 2 перевода от 2 плательщиков; исходящих переводов 0, они проверены обходом на колене 3","R4a.terminal: исходящих переводов нет, они проверены обходом (depth <= 3)",3,False,2,0,153000.0,0.0,2,0,0.0003010947151858357,0.0,-0.0,3.2424e-06,0.0,153000.0,0.0,0,False,observed_sink,1.0,,,2,1,False,False,False,0.5,0,1877,False
100000002958345100,terminal,0.9,12,0.4642,"получил 307 тыс. KZT, 1 перевод от 1 плательщика; исходящих переводов 0, они проверены обходом на колене 3","R4a.terminal: исходящих переводов нет, они проверены обходом (depth <= 3)",3,False,1,0,307000.0,0.0,1,0,0.0003001922715970447,0.0,-0.0,3.794e-07,0.0,307000.0,0.0,0,False,observed_sink,1.0,,,1,1,False,False,False,0.0,0,1877,False
100000005055454100,terminal,0.65,29,0.2244,"получил 6 тыс. KZT, 1 перевод от 1 плательщика; исходящих переводов 0, они проверены обходом на колене 3; сумма ниже медианы графа 50 тыс. KZT — мелкий получатель","R4a.terminal: исходящих переводов нет, они проверены обходом (depth <= 3)",3,False,1,0,6500.0,0.0,1,0,0.0005059810158324249,0.0,-0.0,0.0,0.0,6500.0,0.0,0,False,observed_sink,1.0,,,1,1,False,False,False,0.0,0,13,False
100000008738526100,transit,0.6,20,0.3755,отдал 140 тыс. KZT на 1 получателя при поступлениях 15 тыс. KZT: 125 тыс. KZT пришло вне выборки (собраны только исходящие); удержания нет,"R3b.transit: pass_through > 1.2 — отдал больше, чем получил по данным, приток извне выборки",3,False,1,1,15000.0,140000.0,1,1,0.0002874522211122586,2.139985994980544e-05,0.0,1.2903e-06,9.333333333333334,0.0,125000.0,0,False,observed_forwarder,0.0,5.0,0.0,1,1,False,False,False,0.0,1,1877,True
100000001298099100,terminal,0.65,8,0.2419,"получил 19 тыс. KZT, 1 перевод от 1 плательщика; исходящих переводов 0, они проверены обходом на колене 3; сумма ниже медианы графа 50 тыс. KZT — мелкий получатель","R4a.terminal: исходящих переводов нет, они проверены обходом (depth <= 3)",3,False,1,0,19000.0,0.0,1,0,0.00029264835692975865,0.0,-0.0,6.407e-07,0.0,19000.0,0.0,0,False,observed_sink,1.0,,,1,1,False,False,False,0.0,0,1877,False
100000006491272100,terminal,0.65,0,0.2685,"получил 26 тыс. KZT, 1 перевод от 1 плательщика; исходящих переводов 0, они проверены обходом на колене 3; сумма ниже медианы графа 50 тыс. KZT — мелкий получатель","R4a.terminal: исходящих переводов нет, они проверены обходом (depth <= 3)",3,False,1,0,26200.0,0.0,1,0,0.000289658532031881,0.0,-0.0,0.0,0.0,26200.0,0.0,0,False,observed_sink,1.0,,,1,1,False,False,False,0.0,0,270,False
100000000552584100,terminal,0.85,23,0.6127,"из 2.5 млн KZT дальше ушло только 2% (58 тыс. KZT на 1 получателя), осело 2.4 млн KZT — сумма остановилась здесь",R4b.terminal: дальше уходит не более 26% полученного — сумма осела,3,False,1,1,2500000.0,57500.0,3,1,0.0013254360037725011,0.0,0.0,0.0,0.023,2442500.0,0.0,0,False,observed_forwarder,0.0,4.0,0.0,1,2,False,False,False,0.5,4,1877,False
100000005187208100,terminal,0.65,6,0.2356,"получил 14 тыс. KZT, 1 перевод от 1 плательщика; исходящих переводов 0, они проверены обходом на колене 3; сумма ниже медианы графа 50 тыс. KZT — мелкий получатель","R4a.terminal: исходящих переводов нет, они проверены обходом (depth <= 3)",3,False,1,0,14160.0,0.0,1,0,0.00031197078423773135,0.0,-0.0,0.0001069424,0.0,14160.0,0.0,0,False,observed_sink,1.0,,,1,1,False,False,False,0.0,0,1877,False
100000003528285100,transit,0.6,2,0.5941,отдал 548 тыс. KZT на 4 получателей при поступлениях 119 тыс. KZT: 429 тыс. KZT пришло вне выборки (собраны только исходящие); удержания нет,"R3b.transit: pass_through > 1.2 — отдал больше, чем получил по данным, приток извне выборки",3,False,4,4,118870.0,548000.0,5,6,0.0004042756455484536,0.00011504626015844327,0.0006432388,0.0047218282,4.6100782367292,0.0,429130.0,0,False,observed_forwarder,0.0,4.0,0.6204379562043796,1,1,False,False,False,0.0,124,1877,True
100000001484381100,terminal,0.9,8,0.5379,"получил 96 тыс. KZT, 4 перевода от 2 плательщиков; исходящих переводов 0, они проверены обходом на колене 3","R4a.terminal: исходящих переводов нет, они проверены обходом (depth <= 3)",3,False,2,0,95585.0,0.0,4,0,0.0003213079861341866,0.0,-0.0,3.399e-06,0.0,95585.0,0.0,0,False,observed_sink,1.0,,,1,2,False,False,False,0.5,0,1877,False
100000002508637100,terminal,0.85,19,0.4958,"из 306 тыс. KZT дальше ушло только 3% (8 тыс. KZT на 1 получателя), осело 298 тыс. KZT — сумма остановилась здесь",R4b.terminal: дальше уходит не более 26% полученного — сумма осела,3,False,1,1,306410.0,8000.0,1,1,0.0003073926335674684,7.925874055483496e-07,0.0,7.93604e-05,0.02610880845925394,298410.0,0.0,0,False,observed_forwarder,0.0,12.0,0.0,1,1,False,False,False,0.0,1,1877,True
100000003149149100,terminal,0.9,6,0.4409,"получил 245 тыс. KZT, 1 перевод от 1 плательщика; исходящих переводов 0, они проверены обходом на колене 3","R4a.terminal: исходящих переводов нет, они проверены обходом (depth <= 3)",3,False,1,0,245000.0,0.0,1,0,0.00029350954186544055,0.0,-0.0,0.0029401741,0.0,245000.0,0.0,0,False,observed_sink,1.0,,,1,1,False,False,False,0.0,0,1877,False
100000001538095100,terminal,0.9,12,0.6076,"получил 280 тыс. KZT, 2 перевода от 2 плательщиков; исходящих переводов 0, они проверены обходом на колене 3","R4a.terminal: исходящих переводов нет, они проверены обходом (depth <= 3)",3,False,2,0,280000.0,0.0,2,0,0.000330135226662397,0.0,-0.0,3.0512e-06,0.0,280000.0,0.0,0,False,observed_sink,1.0,,,2,1,False,False,False,0.5,0,1877,False
100000008695133100,terminal,0.65,0,0.2979,"получил 37 тыс. KZT, 1 перевод от 1 плательщика; исходящих переводов 0, они проверены обходом на колене 3; сумма ниже медианы графа 50 тыс. KZT — мелкий получатель","R4a.terminal: исходящих переводов нет, они проверены обходом (depth <= 3)",3,False,1,0,36610.0,0.0,1,0,0.0002912833017131745,0.0,-0.0,0.0,0.0,36610.0,0.0,0,False,observed_sink,1.0,,,1,1,False,False,False,0.0,0,270,False
100000008749405100,terminal,0.65,0,0.2989,"получил 37 тыс. KZT, 1 перевод от 1 плательщика; исходящих переводов 0, они проверены обходом на колене 3; сумма ниже медианы графа 50 тыс. KZT — мелкий получатель","R4a.terminal: исходящих переводов нет, они проверены обходом (depth <= 3)",3,False,1,0,37150.0,0.0,1,0,0.00029136758371393326,0.0,-0.0,0.0,0.0,37150.0,0.0,0,False,observed_sink,1.0,,,1,1,False,False,False,0.0,0,270,False
100000005815602100,transit,0.6,3,0.4401,отдал 165 тыс. KZT на 1 получателя при поступлениях 20 тыс. KZT: 145 тыс. KZT пришло вне выборки (собраны только исходящие); удержания нет,"R3b.transit: pass_through > 1.2 — отдал больше, чем получил по данным, приток извне выборки",3,False,1,1,20000.0,165000.0,1,1,0.0005521710322392142,1.9418391435934565e-05,0.0,0.0,8.25,0.0,145000.0,0,False,observed_forwarder,0.0,19.0,0.0,1,1,False,False,False,0.0,1,1877,True
100000006641671100,transit,0.659,5,0.4889,"пропускает 114% полученного: вход 22 тыс. KZT от 2, выход 25 тыс. KZT на 1, деньги лежат 0 дн. | сквозной транзит за 0 дн. (80% суммы)","R3a.transit: pass_through в [0.8, 1.2] — прошло почти всё полученное",3,False,2,1,22000.0,25000.0,2,3,0.00043999110799823783,5.449038413144904e-06,1.025e-05,0.0016549923,1.1363636363636365,0.0,3000.0,0,False,observed_forwarder,0.0,0.0,0.8,1,1,True,False,False,0.8,1,1877,False
100000002945031100,terminal,0.65,10,0.2192,"получил 15 тыс. KZT, 1 перевод от 1 плательщика; исходящих переводов 0, они проверены обходом на колене 3; сумма ниже медианы графа 50 тыс. KZT — мелкий получатель","R4a.terminal: исходящих переводов нет, они проверены обходом (depth <= 3)",3,False,1,0,15000.0,0.0,1,0,0.0002911219506169233,0.0,-0.0,0.0002594601,0.0,15000.0,0.0,0,False,observed_sink,1.0,,,1,1,False,False,False,0.0,0,1877,False
100000003497735100,terminal,0.9,16,0.4128,"получил 125 тыс. KZT, 1 перевод от 1 плательщика; исходящих переводов 0, они проверены обходом на колене 3","R4a.terminal: исходящих переводов нет, они проверены обходом (depth <= 3)",3,False,1,0,125000.0,0.0,1,0,0.0003069462106171267,0.0,-0.0,8.44807e-05,0.0,125000.0,0.0,0,False,observed_sink,1.0,,,1,1,False,False,False,0.0,0,1877,False
100000004644615100,transit,0.6,9,0.4593,отдал 380 тыс. KZT на 2 получателей при поступлениях 51 тыс. KZT: 329 тыс. KZT пришло вне выборки (собраны только исходящие); удержания нет,"R3b.transit: pass_through > 1.2 — отдал больше, чем получил по данным, приток извне выборки",3,False,1,2,50810.0,379665.0,1,14,0.00037436756021008076,1.1888811083225246e-06,0.0,2.463e-07,7.472249557173785,0.0,328855.0,0,False,observed_forwarder,0.0,15.0,0.045829876338350915,1,1,False,False,False,0.0,2,1877,True
100000002755292100,terminal,0.9,6,0.4289,"получил 203 тыс. KZT, 1 перевод от 1 плательщика; исходящих переводов 0, они проверены обходом на колене 3","R4a.terminal: исходящих переводов нет, они проверены обходом (depth <= 3)",3,False,1,0,203400.0,0.0,1,0,0.0002921613202239587,0.0,-0.0,0.0029401741,0.0,203400.0,0.0,0,False,observed_sink,1.0,,,1,1,False,False,False,0.0,0,1877,False
100000005142492100,transit,0.6,7,0.4665,отдал 57 тыс. KZT на 1 получателя при поступлениях 10 тыс. KZT: 47 тыс. KZT пришло вне выборки (собраны только исходящие); удержания нет | сквозной транзит за 0 дн. (100% суммы),"R3b.transit: pass_through > 1.2 — отдал больше, чем получил по данным, приток извне выборки",3,False,1,1,10000.0,57000.0,1,1,0.0019077900971988563,0.0,1.35057e-05,0.0,5.7,0.0,47000.0,0,False,observed_forwarder,0.0,0.0,1.0,1,1,True,False,False,1.0,1,1877,False
100000002893020100,terminal,0.65,8,0.2402,"получил 18 тыс. KZT, 1 перевод от 1 плательщика; исходящих переводов 0, они проверены обходом на колене 3; сумма ниже медианы графа 50 тыс. KZT — мелкий получатель","R4a.terminal: исходящих переводов нет, они проверены обходом (depth <= 3)",3,False,1,0,18340.0,0.0,1,0,0.00029240245264606243,0.0,-0.0,6.407e-07,0.0,18340.0,0.0,0,False,observed_sink,1.0,,,1,1,False,False,False,0.0,0,1877,False
100000004500444100,peripheral,0.5,13,0.6411,"вход 180 тыс. KZT от 2, выход 74 тыс. KZT на 1, пропуск 41% — смешанный профиль: плательщиков меньше 4, получателей меньше 11 | сквозной транзит за 1 дн. (100% суммы)",R5.peripheral,3,False,2,1,180000.0,74000.0,7,5,0.0004643947559108723,1.9418391435934565e-05,0.0,2.46106e-05,0.4111111111111111,106000.0,0.0,0,False,observed_forwarder,0.0,1.0,1.0,1,2,True,False,False,1.0,1,1877,True
100000008454065100,terminal,0.65,13,0.2639,"получил 24 тыс. KZT, 1 перевод от 1 плательщика; исходящих переводов 0, они проверены обходом на колене 3; сумма ниже медианы графа 50 тыс. KZT — мелкий получатель","R4a.terminal: исходящих переводов нет, они проверены обходом (depth <= 3)",3,False,1,0,24050.0,0.0,1,0,0.000292367066186601,0.0,-0.0,2.44138e-05,0.0,24050.0,0.0,0,False,observed_sink,1.0,,,1,1,False,False,False,0.0,0,1877,False
100000008416433100,terminal,0.65,13,0.2443,"получил 20 тыс. KZT, 1 перевод от 1 плательщика; исходящих переводов 0, они проверены обходом на колене 3; сумма ниже медианы графа 50 тыс. KZT — мелкий получатель","R4a.terminal: исходящих переводов нет, они проверены обходом (depth <= 3)",3,False,1,0,20000.0,0.0,1,0,0.0002912223270400019,0.0,-0.0,2.44138e-05,0.0,20000.0,0.0,0,False,observed_sink,1.0,,,1,1,False,False,False,0.0,0,1877,False
100000005265073100,transit,0.6,18,0.2417,отдал 9 тыс. KZT на 1 получателя при поступлениях 5 тыс. KZT: 4 тыс. KZT пришло вне выборки (собраны только исходящие); удержания нет,"R3b.transit: pass_through > 1.2 — отдал больше, чем получил по данным, приток извне выборки",3,False,1,1,5000.0,9000.0,1,1,0.0002991258827616197,2.1003566247031264e-05,0.0,1.0304e-06,1.8,0.0,4000.0,0,False,observed_forwarder,0.0,,,1,1,False,False,False,0.0,1,1877,True
100000006734214100,consolidator,0.725,6,0.8094,"сходятся 5 плательщиков на 3 получателей; получено 610 тыс. KZT, отдано дальше 6%, осело 574 тыс. KZT | сквозной транзит за 2 дн. (72% суммы)","R2.consolidator: in_deg >= 4 и out_deg <= max(2, in_deg/2)",3,False,5,3,610000.0,36000.0,10,4,0.0006063901366273065,5.9444055416126226e-05,0.0,0.0080094246,0.05901639344262295,574000.0,0.0,0,False,observed_forwarder,0.0,2.0,0.7222222222222222,2,1,True,False,False,0.7222222222222222,3,1877,True
100000002611334100,peripheral,0.5,1,0.3345,"вход 48 тыс. KZT от 1, выход 16 тыс. KZT на 1, пропуск 32% — смешанный профиль: плательщиков меньше 4, получателей меньше 11, пропуск вне зон транзита и осаждения",R5.peripheral,3,False,1,1,48288.0,15500.0,1,1,0.00030533803078063905,1.922024458454748e-05,0.0,0.0006428157,0.3209907223326706,32788.0,0.0,0,False,observed_forwarder,0.0,27.0,0.0,1,1,False,False,False,0.0,1,1877,True
100000006225798100,coordinator,0.8,15,0.7306,получает 722 тыс. KZT (топ-5% графа) от 3 плательщиков; 2 из них сами собирают от 4+ плательщиков; отдаёт дальше 4%,"R6.coordinator: >= 2 плательщиков-сборщиков (in_deg >= 4) либо >= 2 seed-плательщиков, при in_kzt в топ-5% (614 тыс. KZT) и не seed",3,False,3,2,722000.0,26300.0,4,2,0.00035996892038230765,3.844048916909496e-05,0.0,0.0060793004,0.03642659279778394,695700.0,0.0,0,False,observed_forwarder,0.0,,,1,1,False,False,False,0.0,2,1877,True
100000002849158100,transit,0.6,4,0.6951,отдал 1.3 млн KZT на 1 получателя при поступлениях 723 тыс. KZT: 590 тыс. KZT пришло вне выборки (собраны только исходящие); удержания нет | 3 плательщика в один день,"R3b.transit: pass_through > 1.2 — отдал больше, чем получил по данным, приток извне выборки",3,False,3,1,723000.0,1313000.0,3,3,0.0003362455684917419,2.2786887909515052e-05,0.0,7.9072e-06,1.8160442600276625,0.0,590000.0,0,False,observed_forwarder,0.0,0.0,0.5506473724295506,3,1,False,True,False,1.0,1,1877,True
100000008686214100,terminal,0.65,5,0.2752,"получил 25 тыс. KZT, 1 перевод от 1 плательщика; исходящих переводов 0, они проверены обходом на колене 3; сумма ниже медианы графа 50 тыс. KZT — мелкий получатель","R4a.terminal: исходящих переводов нет, они проверены обходом (depth <= 3)",3,False,1,0,25000.0,0.0,1,0,0.00029772792993778484,0.0,-0.0,0.0001215993,0.0,25000.0,0.0,0,False,observed_sink,1.0,,,1,1,False,False,False,0.0,0,1877,False
100000004931931100,transit,0.6,1,0.3187,отдал 45 тыс. KZT на 1 получателя при поступлениях 24 тыс. KZT: 21 тыс. KZT пришло вне выборки (собраны только исходящие); удержания нет,"R3b.transit: pass_through > 1.2 — отдал больше, чем получил по данным, приток извне выборки",3,False,1,1,23938.0,45000.0,1,1,0.0002918140366848613,1.922024458454748e-05,0.0,0.0011379074,1.8798562954298605,0.0,21062.0,0,False,observed_forwarder,0.0,3.0,0.0,1,1,False,False,False,0.0,1,1877,True
100000007510875100,terminal,0.65,8,0.2045,"получил 5 тыс. KZT, 1 перевод от 1 плательщика; исходящих переводов 0, они проверены обходом на колене 3; сумма ниже медианы графа 50 тыс. KZT — мелкий получатель","R4a.terminal: исходящих переводов нет, они проверены обходом (depth <= 3)",3,False,1,0,5000.0,0.0,1,0,0.0003562462601707578,0.0,-0.0,1.848e-07,0.0,5000.0,0.0,0,False,observed_sink,1.0,,,1,1,False,False,False,0.0,0,1877,False
100000005233755100,terminal,0.8,15,0.4006,"из 25 тыс. KZT дальше ушло только 20% (5 тыс. KZT на 1 получателя), осело 20 тыс. KZT — сумма остановилась здесь | сквозной транзит за 0 дн. (100% суммы)",R4b.terminal: дальше уходит не более 26% полученного — сумма осела,3,False,1,1,25000.0,5000.0,1,1,0.0002916076698087035,1.922024458454748e-05,0.0,0.0004659018,0.2,20000.0,0.0,0,False,observed_forwarder,0.0,0.0,1.0,1,1,True,False,False,1.0,1,1877,True
100000008042075100,terminal,0.65,23,0.1746,"получил 5 тыс. KZT, 1 перевод от 1 плательщика; исходящих переводов 0, они проверены обходом на колене 3; сумма ниже медианы графа 50 тыс. KZT — мелкий получатель","R4a.terminal: исходящих переводов нет, они проверены обходом (depth <= 3)",3,False,1,0,5000.0,0.0,1,0,0.0002919566745724343,0.0,-0.0,0.0,0.0,5000.0,0.0,0,False,observed_sink,1.0,,,1,1,False,False,False,0.0,0,1877,False
100000001680944100,terminal,0.9,20,0.4916,"получил 393 тыс. KZT, 1 перевод от 1 плательщика; исходящих переводов 0, они проверены обходом на колене 3","R4a.terminal: исходящих переводов нет, они проверены обходом (depth <= 3)",3,False,1,0,393000.0,0.0,1,0,0.0003455898843992659,0.0,-0.0,3.559e-07,0.0,393000.0,0.0,0,False,observed_sink,1.0,,,1,1,False,False,False,0.0,0,1877,False
100000008417029100,terminal,0.9,4,0.3987,"получил 100 тыс. KZT, 1 перевод от 1 плательщика; исходящих переводов 0, они проверены обходом на колене 3","R4a.terminal: исходящих переводов нет, они проверены обходом (depth <= 3)",3,False,1,0,100000.0,0.0,1,0,0.00030663007931043616,0.0,-0.0,9.06e-08,0.0,100000.0,0.0,0,False,observed_sink,1.0,,,1,1,False,False,False,0.0,0,1877,False
100000004975919100,peripheral,0.5,5,0.2442,"вход 22 тыс. KZT от 1, выход 15 тыс. KZT на 2, пропуск 67% — смешанный профиль: плательщиков меньше 4, получателей меньше 11, пропуск вне зон транзита и осаждения",R5.peripheral,3,False,1,2,22351.0,15000.0,1,2,0.00029011680628284646,3.844048916909496e-05,0.0,0.0016044118,0.6711109122634334,7351.0,0.0,0,False,observed_forwarder,0.0,,,1,1,False,False,False,0.0,2,1877,True
100000003087877100,terminal,0.9,19,0.3747,"получил 91 тыс. KZT, 1 перевод от 1 плательщика; исходящих переводов 0, они проверены обходом на колене 3","R4a.terminal: исходящих переводов нет, они проверены обходом (depth <= 3)",3,False,1,0,91486.0,0.0,1,0,0.0002920851717140769,0.0,-0.0,7.93604e-05,0.0,91486.0,0.0,0,False,observed_sink,1.0,,,1,1,False,False,False,0.0,0,1877,False
100000008295429100,terminal,0.9,6,0.4664,"получил 352 тыс. KZT, 1 перевод от 1 плательщика; исходящих переводов 0, они проверены обходом на колене 3","R4a.terminal: исходящих переводов нет, они проверены обходом (depth <= 3)",3,False,1,0,352000.0,0.0,1,0,0.00029697732349136745,0.0,-0.0,0.0029401741,0.0,352000.0,0.0,0,False,observed_sink,1.0,,,1,1,False,False,False,0.0,0,1877,False
100000003254277100,transit,0.786,1,0.4362,"пропускает 91% полученного: вход 49 тыс. KZT от 1, выход 45 тыс. KZT на 1, деньги лежат 0 дн. | сквозной транзит за 0 дн. (100% суммы)","R3a.transit: pass_through в [0.8, 1.2] — прошло почти всё полученное",3,False,1,1,49200.0,44997.0,1,1,0.00028834023659629897,1.922024458454748e-05,0.0,0.0029057817,0.9145731707317073,4203.0,0.0,0,False,observed_forwarder,0.0,0.0,1.0,1,1,True,False,False,1.0,1,1877,True
100000005314565100,terminal,0.9,1,0.5678,"получил 218 тыс. KZT, 3 перевода от 1 плательщика; исходящих переводов 0, они проверены обходом на колене 3 | дробление: 3 перевода от одного плательщика за день","R4a.terminal: исходящих переводов нет, они проверены обходом (depth <= 3)",3,False,1,0,218500.0,0.0,3,0,0.00037502151711100556,0.0,-0.0,0.0006428157,0.0,218500.0,0.0,0,False,observed_sink,1.0,,,1,3,False,False,True,1.0,0,1877,False
100000002951898100,terminal,0.65,13,0.3114,"получил 40 тыс. KZT, 1 перевод от 1 плательщика; исходящих переводов 0, они проверены обходом на колене 3; сумма ниже медианы графа 50 тыс. KZT — мелкий получатель","R4a.terminal: исходящих переводов нет, они проверены обходом (depth <= 3)",3,False,1,0,39990.0,0.0,1,0,0.00029687253334630224,0.0,-0.0,2.44138e-05,0.0,39990.0,0.0,0,False,observed_sink,1.0,,,1,1,False,False,False,0.0,0,1877,False
100000001009583100,terminal,0.9,6,0.4724,"получил 394 тыс. KZT, 1 перевод от 1 плательщика; исходящих переводов 0, они проверены обходом на колене 3","R4a.terminal: исходящих переводов нет, они проверены обходом (depth <= 3)",3,False,1,0,393740.0,0.0,1,0,0.0002983300824172197,0.0,-0.0,0.0029401741,0.0,393740.0,0.0,0,False,observed_sink,1.0,,,1,1,False,False,False,0.0,0,1877,False
100000004064431100,peripheral,0.5,24,0.3649,"вход 26 тыс. KZT от 1, выход 10 тыс. KZT на 1, пропуск 38% — смешанный профиль: плательщиков меньше 4, получателей меньше 11 | сквозной транзит за 2 дн. (100% суммы)",R5.peripheral,3,False,1,1,26000.0,10000.0,1,1,0.00029105344694629973,9.90734256935437e-07,0.0,0.0,0.38461538461538464,16000.0,0.0,0,False,observed_forwarder,0.0,2.0,1.0,1,1,True,False,False,1.0,1,17,True
100000001927599100,terminal,0.9,8,0.5821,"получил 188 тыс. KZT, 2 перевода от 2 плательщиков; исходящих переводов 0, они проверены обходом на колене 3","R4a.terminal: исходящих переводов нет, они проверены обходом (depth <= 3)",3,False,2,0,188000.0,0.0,2,0,0.0003272554677154647,0.0,-0.0,6.976e-07,0.0,188000.0,0.0,0,False,observed_sink,1.0,,,2,1,False,False,False,0.5,0,1877,False
100000007737775100,terminal,0.65,33,0.1961,"получил 6 тыс. KZT, 1 перевод от 1 плательщика; исходящих переводов 0, они проверены обходом на колене 3; сумма ниже медианы графа 50 тыс. KZT — мелкий получатель","R4a.terminal: исходящих переводов нет, они проверены обходом (depth <= 3)",3,False,1,0,6000.0,0.0,1,0,0.0003031296267653485,0.0,-0.0,9.978e-07,0.0,6000.0,0.0,0,False,observed_sink,1.0,,,1,1,False,False,False,0.0,0,1877,False
100000003157679100,consolidator,0.6,4,0.7176,"сходятся 4 плательщика на 0 получателей; получено 541 тыс. KZT, отдано дальше 0%, осело 541 тыс. KZT","R2.consolidator: in_deg >= 4 и out_deg <= max(2, in_deg/2)",3,False,4,0,541000.0,0.0,4,0,0.0003728530959036685,0.0,-0.0,1.9589e-06,0.0,541000.0,0.0,0,False,observed_sink,1.0,,,2,1,False,False,False,0.5,0,1877,False
100000001229743100,transit,0.6,1,0.2194,отдал 9 тыс. KZT на 1 получателя при поступлениях 7 тыс. KZT: 2 тыс. KZT пришло вне выборки (собраны только исходящие); удержания нет,"R3b.transit: pass_through > 1.2 — отдал больше, чем получил по данным, приток извне выборки",3,False,1,1,7000.0,9000.0,1,1,0.0002884350404884847,1.922024458454748e-05,0.0,0.0006428157,1.2857142857142858,0.0,2000.0,0,False,observed_forwarder,0.0,6.0,0.0,1,1,False,False,False,0.0,1,1877,True
100000003795588100,terminal,0.9,1,0.54,"получил 400 тыс. KZT, 2 перевода от 1 плательщика; исходящих переводов 0, они проверены обходом на колене 3","R4a.terminal: исходящих переводов нет, они проверены обходом (depth <= 3)",3,False,1,0,400000.0,0.0,2,0,0.00032104219550652103,0.0,-0.0,0.0011319384,0.0,400000.0,0.0,0,False,observed_sink,1.0,,,1,2,False,False,False,0.5,0,1877,False
100000002301828100,terminal,0.65,15,0.3196,"получил 47 тыс. KZT, 1 перевод от 1 плательщика; исходящих переводов 0, они проверены обходом на колене 3; сумма ниже медианы графа 50 тыс. KZT — мелкий получатель","R4a.terminal: исходящих переводов нет, они проверены обходом (depth <= 3)",3,False,1,0,46977.0,0.0,1,0,0.0002929634292491543,0.0,-0.0,0.0002333446,0.0,46977.0,0.0,0,False,observed_sink,1.0,,,1,1,False,False,False,0.0,0,1877,False
100000005409156100,terminal,0.9,6,0.5613,"получил 260 тыс. KZT, 2 перевода от 2 плательщиков; исходящих переводов 0, они проверены обходом на колене 3","R4a.terminal: исходящих переводов нет, они проверены обходом (depth <= 3)",3,False,2,0,260080.0,0.0,2,0,0.00042393100512820077,0.0,-0.0,0.0030471165,0.0,260080.0,0.0,0,False,observed_sink,1.0,,,1,1,False,False,False,0.0,0,1877,False
100000002513028100,transit,0.6,59,0.4486,отдал 333 тыс. KZT на 3 получателей при поступлениях 10 тыс. KZT: 323 тыс. KZT пришло вне выборки (собраны только исходящие); удержания нет,"R3b.transit: pass_through > 1.2 — отдал больше, чем получил по данным, приток извне выборки",3,False,1,3,9500.0,332709.0,1,24,0.0003055978968624257,6.063293652444875e-05,0.0,2.38913e-05,35.022,0.0,323209.0,0,False,observed_forwarder,0.0,,,1,1,False,False,False,0.0,3,1877,True
100000003218308100,terminal,0.65,1,0.1918,"получил 11 тыс. KZT, 1 перевод от 1 плательщика; исходящих переводов 0, они проверены обходом на колене 3; сумма ниже медианы графа 50 тыс. KZT — мелкий получатель","R4a.terminal: исходящих переводов нет, они проверены обходом (depth <= 3)",3,False,1,0,11165.0,0.0,1,0,0.0002861981066494372,0.0,-0.0,0.0029057817,0.0,11165.0,0.0,0,False,observed_sink,1.0,,,1,1,False,False,False,0.0,0,1877,False
100000008489604100,terminal,0.65,0,0.1933,"получил 11 тыс. KZT, 1 перевод от 1 плательщика; исходящих переводов 0, они проверены обходом на колене 3; сумма ниже медианы графа 50 тыс. KZT — мелкий получатель","R4a.terminal: исходящих переводов нет, они проверены обходом (depth <= 3)",3,False,1,0,11000.0,0.0,1,0,0.0002872861497883016,0.0,-0.0,0.0,0.0,11000.0,0.0,0,False,observed_sink,1.0,,,1,1,False,False,False,0.0,0,270,False
100000004450649100,terminal,0.758,6,0.5521,"из 193 тыс. KZT дальше ушло только 24% (47 тыс. KZT на 2 получателей), осело 146 тыс. KZT — сумма остановилась здесь",R4b.terminal: дальше уходит не более 26% полученного — сумма осела,3,False,2,2,192528.0,46527.0,2,2,0.00029895522393245586,0.00013874903023628483,0.0005807834,0.0030246548,0.24166355023684866,146001.0,0.0,0,False,observed_forwarder,0.0,2.0,0.11234337051604444,1,1,False,False,False,0.0,122,1877,True
100000008767065100,terminal,0.65,20,0.1859,"получил 10 тыс. KZT, 1 перевод от 1 плательщика; исходящих переводов 0, они проверены обходом на колене 3; сумма ниже медианы графа 50 тыс. KZT — мелкий получатель","R4a.terminal: исходящих переводов нет, они проверены обходом (depth <= 3)",3,False,1,0,10000.0,0.0,1,0,0.0002870965356977476,0.0,-0.0,3.559e-07,0.0,10000.0,0.0,0,False,observed_sink,1.0,,,1,1,False,False,False,0.0,0,1877,False
100000003035737100,coordinator,0.8,6,0.8206,получает 809 тыс. KZT (топ-5% графа) от 2 плательщиков; 2 из них сами собирают от 4+ плательщиков; отдаёт дальше 1% | сквозной транзит за 1 дн. (100% суммы),"R6.coordinator: >= 2 плательщиков-сборщиков (in_deg >= 4) либо >= 2 seed-плательщиков, при in_kzt в топ-5% (614 тыс. KZT) и не seed",3,False,2,1,809170.0,6544.53,3,1,0.00037881127846399476,1.922024458454748e-05,0.0,0.0030704545,0.008087954323566123,802625.47,0.0,0,False,observed_forwarder,0.0,1.0,1.0,1,1,True,False,False,1.0,1,1877,True
100000002748761100,terminal,0.9,12,0.5655,"получил 797 тыс. KZT, 3 перевода от 1 плательщика; исходящих переводов 0, они проверены обходом на колене 3","R4a.terminal: исходящих переводов нет, они проверены обходом (depth <= 3)",3,False,1,0,796800.0,0.0,3,0,0.00032352235081725233,0.0,-0.0,3.794e-07,0.0,796800.0,0.0,0,False,observed_sink,1.0,,,1,2,False,False,False,0.5,0,1877,False
100000008432942100,terminal,0.65,1,0.3013,"получил 45 тыс. KZT, 2 перевода от 1 плательщика; исходящих переводов 0, они проверены обходом на колене 3; сумма ниже медианы графа 50 тыс. KZT — мелкий получатель","R4a.terminal: исходящих переводов нет, они проверены обходом (depth <= 3)",3,False,1,0,44542.0,0.0,2,0,0.00028807789818976597,0.0,-0.0,0.0029057817,0.0,44542.0,0.0,0,False,observed_sink,1.0,,,1,1,False,False,False,0.0,0,1877,False
100000004278574100,peripheral,0.5,6,0.2435,"вход 25 тыс. KZT от 1, выход 12 тыс. KZT на 1, пропуск 50% — смешанный профиль: плательщиков меньше 4, получателей меньше 11, пропуск вне зон транзита и осаждения",R5.peripheral,3,False,1,1,25000.0,12500.0,1,1,0.00028637952356914227,1.922024458454748e-05,0.0,0.0029401741,0.5,12500.0,0.0,0,False,observed_forwarder,0.0,11.0,0.0,1,1,False,False,False,0.0,1,1877,True
100000000926766100,peripheral,0.5,25,0.3323,"вход 19 тыс. KZT от 1, выход 6 тыс. KZT на 1, пропуск 32% — смешанный профиль: плательщиков меньше 4, получателей меньше 11 | сквозной транзит за 0 дн. (100% суммы)",R5.peripheral,3,False,1,1,18750.0,6000.0,1,1,0.00031794441854413795,0.0,8.9e-09,2.5007e-06,0.32,12750.0,0.0,0,False,observed_forwarder,0.0,0.0,1.0,1,1,True,False,False,1.0,14,1877,False
100000008661550100,terminal,0.65,0,0.2491,"получил 23 тыс. KZT, 1 перевод от 1 плательщика; исходящих переводов 0, они проверены обходом на колене 3; сумма ниже медианы графа 50 тыс. KZT — мелкий получатель","R4a.terminal: исходящих переводов нет, они проверены обходом (depth <= 3)",3,False,1,0,22800.0,0.0,1,0,0.0002891278675826593,0.0,-0.0,0.0,0.0,22800.0,0.0,0,False,observed_sink,1.0,,,1,1,False,False,False,0.0,0,270,False
100000000783406100,terminal,0.65,35,0.1794,"получил 6 тыс. KZT, 1 перевод от 1 плательщика; исходящих переводов 0, они проверены обходом на колене 3; сумма ниже медианы графа 50 тыс. KZT — мелкий получатель","R4a.terminal: исходящих переводов нет, они проверены обходом (depth <= 3)",3,False,1,0,6066.0,0.0,1,0,0.0002901959794883705,0.0,-0.0,0.0,0.0,6066.0,0.0,0,False,observed_sink,1.0,,,1,1,False,False,False,0.0,0,1877,False
100000008730371100,terminal,0.9,1,0.613,"получил 520 тыс. KZT, 3 перевода от 2 плательщиков; исходящих переводов 0, они проверены обходом на колене 3","R4a.terminal: исходящих переводов нет, они проверены обходом (depth <= 3)",3,False,2,0,520000.0,0.0,3,0,0.0008583627263123951,0.0,-0.0,0.0011409887,0.0,520000.0,0.0,0,False,observed_sink,1.0,,,1,1,False,False,False,0.0,0,1877,False
100000002878467100,terminal,0.9,4,0.5307,"получил 200 тыс. KZT, 2 перевода от 2 плательщиков; исходящих переводов 0, они проверены обходом на колене 3","R4a.terminal: исходящих переводов нет, они проверены обходом (depth <= 3)",3,False,2,0,200000.0,0.0,2,0,0.0003144036421217601,0.0,-0.0,2.3413e-06,0.0,200000.0,0.0,0,False,observed_sink,1.0,,,1,1,False,False,False,0.0,0,1877,False
100000003171587100,peripheral,0.5,6,0.6415,"вход 700 тыс. KZT от 2, выход 431 тыс. KZT на 2, пропуск 62% — смешанный профиль: плательщиков меньше 4, получателей меньше 11, пропуск вне зон транзита и осаждения",R5.peripheral,3,False,2,2,700000.0,431300.0,2,7,0.0003160184159302093,3.883678287186913e-05,0.0,0.0030195345,0.6161428571428571,268700.0,0.0,0,False,observed_forwarder,0.0,14.0,0.0,2,1,False,False,False,0.5,2,1877,True
100000002696152100,transit,0.6,33,0.4042,отдал 69 тыс. KZT на 2 получателей при поступлениях 22 тыс. KZT: 47 тыс. KZT пришло вне выборки (собраны только исходящие); удержания нет,"R3b.transit: pass_through > 1.2 — отдал больше, чем получил по данным, приток извне выборки",3,False,1,2,21800.0,69000.0,3,8,0.0012050605596790795,2.139985994980544e-05,0.0,0.0,3.165137614678899,0.0,47200.0,0,False,observed_forwarder,0.0,13.5,0.21739130434782608,1,1,False,False,False,0.0,2,1877,True
100000002109656100,terminal,0.9,12,0.4926,"получил 500 тыс. KZT, 1 перевод от 1 плательщика; исходящих переводов 0, они проверены обходом на колене 3","R4a.terminal: исходящих переводов нет, они проверены обходом (depth <= 3)",3,False,1,0,500000.0,0.0,1,0,0.00030938521828855153,0.0,-0.0,3.794e-07,0.0,500000.0,0.0,0,False,observed_sink,1.0,,,1,1,False,False,False,0.0,0,1877,False
100000001317336100,transit,0.6,31,0.4991,отдал 1.8 млн KZT на 2 получателей при поступлениях 131 тыс. KZT: 1.6 млн KZT пришло вне выборки (собраны только исходящие); удержания нет,"R3b.transit: pass_through > 1.2 — отдал больше, чем получил по данным, приток извне выборки",3,False,1,2,131196.0,1752000.0,1,3,0.0003438491368028848,4.0025663980191654e-05,0.0,4.74736e-05,13.354065672733924,0.0,1620804.0,0,False,observed_forwarder,0.0,4.0,0.0,1,1,False,False,False,0.0,2,1877,True
100000005222360100,transit,0.6,13,0.3521,отдал 27 тыс. KZT на 1 получателя при поступлениях 5 тыс. KZT: 22 тыс. KZT пришло вне выборки (собраны только исходящие); удержания нет,"R3b.transit: pass_through > 1.2 — отдал больше, чем получил по данным, приток извне выборки",3,False,1,1,5000.0,27000.0,1,1,0.0006008605701429409,0.0019087127079326193,1.4913e-06,0.0,5.4,0.0,22000.0,0,False,observed_forwarder,0.0,4.0,0.0,1,1,False,False,False,0.0,1595,1877,False
100000001445848100,transit,0.637,35,0.6043,"пропускает 64% полученного: вход 546 тыс. KZT от 1, выход 352 тыс. KZT на 1, деньги лежат 1 дн. | сквозной транзит за 1 дн. (69% суммы)",R3d.transit: >=60% исходящих в пределах 2 суток после поступления,3,False,1,1,546000.0,351850.0,13,14,0.0007020167320692274,0.0,2.21899e-05,0.0,0.6444139194139195,194150.0,0.0,0,False,observed_forwarder,0.0,1.0,0.6863720335370186,1,2,True,False,False,0.6863720335370186,8,1877,False
100000008720856100,transit,0.6,6,0.345,отдал 46 тыс. KZT на 1 получателя при поступлениях 18 тыс. KZT: 28 тыс. KZT пришло вне выборки (собраны только исходящие); удержания нет,"R3b.transit: pass_through > 1.2 — отдал больше, чем получил по данным, приток извне выборки",3,False,1,1,18105.0,46000.0,1,2,0.0003193262841057144,1.9616538287321655e-05,0.0,0.0001069424,2.5407346037006353,0.0,27895.0,0,False,observed_forwarder,0.0,,,1,1,False,False,False,0.0,1,1877,True
100000002448088100,transit,0.6,21,0.5307,отдал 25 тыс. KZT на 1 получателя при поступлениях 20 тыс. KZT: 5 тыс. KZT пришло вне выборки (собраны только исходящие); удержания нет | сквозной транзит за 0 дн. (100% суммы),"R3b.transit: pass_through > 1.2 — отдал больше, чем получил по данным, приток извне выборки",3,False,3,1,20000.0,25000.0,3,1,0.0005086560796474189,2.0805419395644178e-05,0.0,0.0,1.25,0.0,5000.0,0,False,observed_forwarder,0.0,0.0,1.0,2,1,True,False,False,1.0,1,1877,True
100000003109805100,terminal,0.65,15,0.2984,"получил 37 тыс. KZT, 1 перевод от 1 плательщика; исходящих переводов 0, они проверены обходом на колене 3; сумма ниже медианы графа 50 тыс. KZT — мелкий получатель","R4a.terminal: исходящих переводов нет, они проверены обходом (depth <= 3)",3,False,1,0,36929.0,0.0,1,0,0.00029138188362469615,0.0,-0.0,0.0002333446,0.0,36929.0,0.0,0,False,observed_sink,1.0,,,1,1,False,False,False,0.0,0,1877,False
100000008223661100,transit,0.6,4,0.5831,отдал 263 тыс. KZT на 5 получателей при поступлениях 202 тыс. KZT: 61 тыс. KZT пришло вне выборки (собраны только исходящие); удержания нет,"R3b.transit: pass_through > 1.2 — отдал больше, чем получил по данным, приток извне выборки",3,False,2,5,202000.0,262580.0,2,5,0.0003146691750223816,0.0003254231789280599,0.0013472917,2.3413e-06,1.29990099009901,0.0,60580.0,0,False,observed_forwarder,0.0,2.0,0.18748952700129484,2,1,False,False,False,0.5,148,1877,False
100000004096559100,terminal,0.65,7,0.3687,"получил 46 тыс. KZT, 1 перевод от 1 плательщика; исходящих переводов 0, они проверены обходом на колене 3; сумма ниже медианы графа 50 тыс. KZT — мелкий получатель","R4a.terminal: исходящих переводов нет, они проверены обходом (depth <= 3)",3,False,1,0,46200.0,0.0,1,0,0.0009765877187482832,0.0,-0.0,0.0,0.0,46200.0,0.0,0,False,observed_sink,1.0,,,1,1,False,False,False,0.0,0,1877,False
100000002257794100,terminal,0.9,24,0.4618,"получил 154 тыс. KZT, 1 перевод от 1 плательщика; исходящих переводов 0, они проверены обходом на колене 3","R4a.terminal: исходящих переводов нет, они проверены обходом (depth <= 3)",3,False,1,0,154000.0,0.0,1,0,0.0008606341011324336,0.0,-0.0,0.0,0.0,154000.0,0.0,0,False,observed_sink,1.0,,,1,1,False,False,False,0.0,0,17,False
100000003112578100,terminal,0.9,12,0.3822,"получил 101 тыс. KZT, 1 перевод от 1 плательщика; исходящих переводов 0, они проверены обходом на колене 3","R4a.terminal: исходящих переводов нет, они проверены обходом (depth <= 3)",3,False,1,0,101080.0,0.0,1,0,0.0002903839214275364,0.0,-0.0,3.794e-07,0.0,101080.0,0.0,0,False,observed_sink,1.0,,,1,1,False,False,False,0.0,0,1877,False
100000007020162100,terminal,0.9,13,0.3881,"получил 86 тыс. KZT, 1 перевод от 1 плательщика; исходящих переводов 0, они проверены обходом на колене 3","R4a.terminal: исходящих переводов нет, они проверены обходом (depth <= 3)",3,False,1,0,86395.0,0.0,1,0,0.00030998898275319905,0.0,-0.0,2.44138e-05,0.0,86395.0,0.0,0,False,observed_sink,1.0,,,1,1,False,False,False,0.0,0,1877,False
100000001934935100,terminal,0.9,1,0.3951,"получил 119 тыс. KZT, 1 перевод от 1 плательщика; исходящих переводов 0, они проверены обходом на колене 3","R4a.terminal: исходящих переводов нет, они проверены обходом (depth <= 3)",3,False,1,0,118935.0,0.0,1,0,0.0002922677094987416,0.0,-0.0,0.0029057817,0.0,118935.0,0.0,0,False,observed_sink,1.0,,,1,1,False,False,False,0.0,0,1877,False
100000002663511100,terminal,0.9,1,0.4612,"получил 269 тыс. KZT, 1 перевод от 1 плательщика; исходящих переводов 0, они проверены обходом на колене 3","R4a.terminal: исходящих переводов нет, они проверены обходом (depth <= 3)",3,False,1,0,268940.0,0.0,1,0,0.00030941949939910455,0.0,-0.0,0.0011319384,0.0,268940.0,0.0,0,False,observed_sink,1.0,,,1,1,False,False,False,0.0,0,1877,False
100000003338583100,terminal,0.65,24,0.2499,"получил 22 тыс. KZT, 1 перевод от 1 плательщика; исходящих переводов 0, они проверены обходом на колене 3; сумма ниже медианы графа 50 тыс. KZT — мелкий получатель","R4a.terminal: исходящих переводов нет, они проверены обходом (depth <= 3)",3,False,1,0,21765.0,0.0,1,0,0.00029016016283832456,0.0,-0.0,0.0,0.0,21765.0,0.0,0,False,observed_sink,1.0,,,1,1,False,False,False,0.0,0,17,False
100000002904919100,terminal,0.85,1,0.3761,"из 60 тыс. KZT дальше ушло только 9% (6 тыс. KZT на 1 получателя), осело 55 тыс. KZT — сумма остановилась здесь",R4b.terminal: дальше уходит не более 26% полученного — сумма осела,3,False,1,1,60325.0,5500.0,1,1,0.00029091905114297234,1.922024458454748e-05,0.0,0.0011319384,0.09117281392457521,54825.0,0.0,0,False,observed_forwarder,0.0,,,1,1,False,False,False,0.0,1,1877,True
100000005127767100,terminal,0.65,38,0.2221,"получил 7 тыс. KZT, 1 перевод от 1 плательщика; исходящих переводов 0, они проверены обходом на колене 3; сумма ниже медианы графа 50 тыс. KZT — мелкий получатель","R4a.terminal: исходящих переводов нет, они проверены обходом (depth <= 3)",3,False,1,0,7000.0,0.0,1,0,0.00042253166627963126,0.0,-0.0,0.0,0.0,7000.0,0.0,0,False,observed_sink,1.0,,,1,1,False,False,False,0.0,0,1877,False
100000004066647100,terminal,0.9,16,0.3392,"получил 51 тыс. KZT, 1 перевод от 1 плательщика; исходящих переводов 0, они проверены обходом на колене 3","R4a.terminal: исходящих переводов нет, они проверены обходом (depth <= 3)",3,False,1,0,51000.0,0.0,1,0,0.0002942910761084235,0.0,-0.0,8.44807e-05,0.0,51000.0,0.0,0,False,observed_sink,1.0,,,1,1,False,False,False,0.0,0,1877,False
100000002394199100,peripheral,0.5,7,0.571,"вход 277 тыс. KZT от 1, выход 77 тыс. KZT на 1, пропуск 28% — смешанный профиль: плательщиков меньше 4, получателей меньше 11 | сквозной транзит за 0 дн. (100% суммы)",R5.peripheral,3,False,1,1,277398.0,76777.0,3,1,0.0029678523915121755,0.0,0.0,0.0,0.2767756076107254,200621.0,0.0,0,False,observed_forwarder,0.0,0.0,1.0,1,1,True,False,False,1.0,2,1877,False
100000003968044100,transit,0.6,5,0.4386,отдал 311 тыс. KZT на 3 получателей при поступлениях 40 тыс. KZT: 271 тыс. KZT пришло вне выборки (собраны только исходящие); удержания нет,"R3b.transit: pass_through > 1.2 — отдал больше, чем получил по данным, приток извне выборки",3,False,1,3,40000.0,311000.0,1,4,0.00029600415505373623,6.561503152343142e-05,0.0014579653,0.0011379074,7.775,0.0,271000.0,0,False,observed_forwarder,0.0,14.0,0.0,1,1,False,False,False,0.0,1595,1877,True
100000001808684100,transit,0.659,7,0.4487,"пропускает 78% полученного: вход 48 тыс. KZT от 1, выход 38 тыс. KZT на 1, деньги лежат 0 дн. | сквозной транзит за 0 дн. (80% суммы)",R3d.transit: >=60% исходящих в пределах 2 суток после поступления,3,False,1,1,48400.0,37700.0,3,2,0.001169095718365901,0.0,1.24216e-05,0.0,0.7789256198347108,10700.0,0.0,0,False,observed_forwarder,0.0,0.0,0.7957559681697612,1,1,True,False,False,0.7957559681697612,3,1877,False
100000008097580100,terminal,0.65,5,0.4242,"получил 32 тыс. KZT, 4 перевода от 2 плательщиков; исходящих переводов 0, они проверены обходом на колене 3; сумма ниже медианы графа 50 тыс. KZT — мелкий получатель","R4a.terminal: исходящих переводов нет, они проверены обходом (depth <= 3)",3,False,2,0,32000.0,0.0,4,0,0.0006747919200885498,0.0,-0.0,2.40823e-05,0.0,32000.0,0.0,0,False,observed_sink,1.0,,,1,1,False,False,False,0.0,0,1877,False
100000008687617100,terminal,0.65,0,0.3109,"получил 43 тыс. KZT, 2 перевода от 1 плательщика; исходящих переводов 0, они проверены обходом на колене 3; сумма ниже медианы графа 50 тыс. KZT — мелкий получатель","R4a.terminal: исходящих переводов нет, они проверены обходом (depth <= 3)",3,False,1,0,43350.0,0.0,2,0,0.00029233526594486694,0.0,-0.0,0.0,0.0,43350.0,0.0,0,False,observed_sink,1.0,,,1,1,False,False,False,0.0,0,270,False
100000005667841100,terminal,0.9,4,0.5754,"получил 186 тыс. KZT, 2 перевода от 2 плательщиков; исходящих переводов 0, они проверены обходом на колене 3","R4a.terminal: исходящих переводов нет, они проверены обходом (depth <= 3)",3,False,2,0,186000.0,0.0,2,0,0.00031222556371948457,0.0,-0.0,2.3413e-06,0.0,186000.0,0.0,0,False,observed_sink,1.0,,,2,1,False,False,False,0.5,0,1877,False
100000001329153100,terminal,0.9,1,0.4125,"получил 151 тыс. KZT, 1 перевод от 1 плательщика; исходящих переводов 0, они проверены обходом на колене 3","R4a.terminal: исходящих переводов нет, они проверены обходом (depth <= 3)",3,False,1,0,150687.0,0.0,1,0,0.0002940559810926092,0.0,-0.0,0.0029057817,0.0,150687.0,0.0,0,False,observed_sink,1.0,,,1,1,False,False,False,0.0,0,1877,False
100000007689942100,transit,0.6,16,0.3386,отдал 25 тыс. KZT на 2 получателей при поступлениях 5 тыс. KZT: 20 тыс. KZT пришло вне выборки (собраны только исходящие); удержания нет,"R3b.transit: pass_through > 1.2 — отдал больше, чем получил по данным, приток извне выборки",3,False,1,2,5000.0,25000.0,1,2,0.0008925911171850267,1.981468513870874e-05,8.88697e-05,0.0,5.0,0.0,20000.0,0,False,observed_forwarder,0.0,,,1,1,False,False,False,0.0,3,1877,True
100000006476758100,terminal,0.65,9,0.2188,"получил 5 тыс. KZT, 1 перевод от 1 плательщика; исходящих переводов 0, они проверены обходом на колене 3; сумма ниже медианы графа 50 тыс. KZT — мелкий получатель","R4a.terminal: исходящих переводов нет, они проверены обходом (depth <= 3)",3,False,1,0,5200.0,0.0,1,0,0.0005168074362570555,0.0,-0.0,9.897e-07,0.0,5200.0,0.0,0,False,observed_sink,1.0,,,1,1,False,False,False,0.0,0,1877,False
100000002184107100,terminal,0.65,35,0.1794,"получил 6 тыс. KZT, 1 перевод от 1 плательщика; исходящих переводов 0, они проверены обходом на колене 3; сумма ниже медианы графа 50 тыс. KZT — мелкий получатель","R4a.terminal: исходящих переводов нет, они проверены обходом (depth <= 3)",3,False,1,0,6066.0,0.0,1,0,0.0002901959794883705,0.0,-0.0,0.0,0.0,6066.0,0.0,0,False,observed_sink,1.0,,,1,1,False,False,False,0.0,0,1877,False
100000008663723100,terminal,0.65,0,0.2144,"получил 16 тыс. KZT, 1 перевод от 1 плательщика; исходящих переводов 0, они проверены обходом на колене 3; сумма ниже медианы графа 50 тыс. KZT — мелкий получатель","R4a.terminal: исходящих переводов нет, они проверены обходом (depth <= 3)",3,False,1,0,15600.0,0.0,1,0,0.00028800410757254274,0.0,-0.0,0.0,0.0,15600.0,0.0,0,False,observed_sink,1.0,,,1,1,False,False,False,0.0,0,270,False
100000000254336100,transit,0.7,1,0.6001,"пропускает 62% полученного: вход 97 тыс. KZT от 2, выход 60 тыс. KZT на 1, деньги лежат 0 дн. | сквозной транзит за 0 дн. (100% суммы)",R3d.transit: >=60% исходящих в пределах 2 суток после поступления,3,False,2,1,97177.0,60000.0,2,1,0.00029193514276874746,1.922024458454748e-05,0.0,0.0040377201,0.6174300503205491,37177.0,0.0,0,False,observed_forwarder,0.0,0.0,1.0,1,1,True,False,False,1.0,1,1877,True
100000008750464100,terminal,0.65,0,0.1769,"получил 8 тыс. KZT, 1 перевод от 1 плательщика; исходящих переводов 0, они проверены обходом на колене 3; сумма ниже медианы графа 50 тыс. KZT — мелкий получатель","R4a.terminal: исходящих переводов нет, они проверены обходом (depth <= 3)",3,False,1,0,8500.0,0.0,1,0,0.0002868959553403445,0.0,-0.0,0.0,0.0,8500.0,0.0,0,False,observed_sink,1.0,,,1,1,False,False,False,0.0,0,270,False
100000001530709100,terminal,0.9,1,0.3309,"получил 54 тыс. KZT, 1 перевод от 1 плательщика; исходящих переводов 0, они проверены обходом на колене 3","R4a.terminal: исходящих переводов нет, они проверены обходом (depth <= 3)",3,False,1,0,53961.0,0.0,1,0,0.00028860837595943837,0.0,-0.0,0.0029057817,0.0,53961.0,0.0,0,False,observed_sink,1.0,,,1,1,False,False,False,0.0,0,1877,False
100000000656682100,transit,0.683,1,0.3571,"пропускает 113% полученного: вход 71 тыс. KZT от 1, выход 80 тыс. KZT на 2, деньги лежат 6 дн.","R3a.transit: pass_through в [0.8, 1.2] — прошло почти всё полученное",3,False,1,2,71000.0,80000.0,1,3,0.0002895680118780549,3.844048916909496e-05,0.0,0.0029057817,1.1267605633802817,0.0,9000.0,0,False,observed_forwarder,0.0,5.5,0.0,1,1,False,False,False,0.0,2,1877,True
100000008755754100,terminal,0.65,12,0.1926,"получил 7 тыс. KZT, 1 перевод от 1 плательщика; исходящих переводов 0, они проверены обходом на колене 3; сумма ниже медианы графа 50 тыс. KZT — мелкий получатель","R4a.terminal: исходящих переводов нет, они проверены обходом (depth <= 3)",3,False,1,0,7000.0,0.0,1,0,0.00029589900207032836,0.0,-0.0,0.0,0.0,7000.0,0.0,0,False,observed_sink,1.0,,,1,1,False,False,False,0.0,0,1877,False
100000002691583100,terminal,0.9,26,0.4773,"получил 285 тыс. KZT, 1 перевод от 1 плательщика; исходящих переводов 0, они проверены обходом на колене 3","R4a.terminal: исходящих переводов нет, они проверены обходом (depth <= 3)",3,False,1,0,285200.0,0.0,1,0,0.00035708956201916146,0.0,-0.0,0.0,0.0,285200.0,0.0,0,False,observed_sink,1.0,,,1,1,False,False,False,0.0,0,1877,False
100000005241556100,terminal,0.9,19,0.4278,"получил 100 тыс. KZT, 1 перевод от 1 плательщика; исходящих переводов 0, они проверены обходом на колене 3","R4a.terminal: исходящих переводов нет, они проверены обходом (depth <= 3)",3,False,1,0,100000.0,0.0,1,0,0.0005490718879795881,0.0,-0.0,0.0,0.0,100000.0,0.0,0,False,observed_sink,1.0,,,1,1,False,False,False,0.0,0,1877,False
100000004713684100,terminal,0.65,1,0.289,"получил 38 тыс. KZT, 1 перевод от 1 плательщика; исходящих переводов 0, они проверены обходом на колене 3; сумма ниже медианы графа 50 тыс. KZT — мелкий получатель","R4a.terminal: исходящих переводов нет, они проверены обходом (depth <= 3)",3,False,1,0,37500.0,0.0,1,0,0.00028768129298177857,0.0,-0.0,0.0029057817,0.0,37500.0,0.0,0,False,observed_sink,1.0,,,1,1,False,False,False,0.0,0,1877,False
100000006919124100,terminal,0.65,1,0.2535,"получил 25 тыс. KZT, 1 перевод от 1 плательщика; исходящих переводов 0, они проверены обходом на колене 3; сумма ниже медианы графа 50 тыс. KZT — мелкий получатель","R4a.terminal: исходящих переводов нет, они проверены обходом (depth <= 3)",3,False,1,0,25000.0,0.0,1,0,0.00028697729339361577,0.0,-0.0,0.0029057817,0.0,25000.0,0.0,0,False,observed_sink,1.0,,,1,1,False,False,False,0.0,0,1877,False
100000003006633100,terminal,0.65,35,0.2013,"получил 10 тыс. KZT, 1 перевод от 1 плательщика; исходящих переводов 0, они проверены обходом на колене 3; сумма ниже медианы графа 50 тыс. KZT — мелкий получатель","R4a.terminal: исходящих переводов нет, они проверены обходом (depth <= 3)",3,False,1,0,10000.0,0.0,1,0,0.00029319653666879086,0.0,-0.0,0.0,0.0,10000.0,0.0,0,False,observed_sink,1.0,,,1,1,False,False,False,0.0,0,1877,False
100000008306857100,terminal,0.9,12,0.396,"получил 125 тыс. KZT, 1 перевод от 1 плательщика; исходящих переводов 0, они проверены обходом на колене 3","R4a.terminal: исходящих переводов нет, они проверены обходом (depth <= 3)",3,False,1,0,125000.0,0.0,1,0,0.00029152327523510556,0.0,-0.0,3.794e-07,0.0,125000.0,0.0,0,False,observed_sink,1.0,,,1,1,False,False,False,0.0,0,1877,False
100000003671721100,terminal,0.65,8,0.2209,"получил 5 тыс. KZT, 1 перевод от 1 плательщика; исходящих переводов 0, они проверены обходом на колене 3; сумма ниже медианы графа 50 тыс. KZT — мелкий получатель","R4a.terminal: исходящих переводов нет, они проверены обходом (depth <= 3)",3,False,1,0,5000.0,0.0,1,0,0.0005587421555235828,0.0,-0.0,0.0,0.0,5000.0,0.0,0,False,observed_sink,1.0,,,1,1,False,False,False,0.0,0,1877,False
100000002613929100,terminal,0.65,8,0.3304,"получил 29 тыс. KZT, 1 перевод от 1 плательщика; исходящих переводов 0, они проверены обходом на колене 3; сумма ниже медианы графа 50 тыс. KZT — мелкий получатель","R4a.terminal: исходящих переводов нет, они проверены обходом (depth <= 3)",3,False,1,0,28560.0,0.0,1,0,0.0007809340979896397,0.0,-0.0,0.0,0.0,28560.0,0.0,0,False,observed_sink,1.0,,,1,1,False,False,False,0.0,0,1877,False
100000008669310100,terminal,0.9,1,0.339,"получил 60 тыс. KZT, 2 перевода от 1 плательщика; исходящих переводов 0, они проверены обходом на колене 3","R4a.terminal: исходящих переводов нет, они проверены обходом (depth <= 3)",3,False,1,0,59567.0,0.0,2,0,0.00028892410569473766,0.0,-0.0,0.0029057817,0.0,59567.0,0.0,0,False,observed_sink,1.0,,,1,1,False,False,False,0.0,0,1877,False
100000006573438100,terminal,0.65,42,0.1844,"получил 5 тыс. KZT, 1 перевод от 1 плательщика; исходящих переводов 0, они проверены обходом на колене 3; сумма ниже медианы графа 50 тыс. KZT — мелкий получатель","R4a.terminal: исходящих переводов нет, они проверены обходом (depth <= 3)",3,False,1,0,5000.0,0.0,1,0,0.00029908687990621625,0.0,-0.0,2.42844e-05,0.0,5000.0,0.0,0,False,observed_sink,1.0,,,1,1,False,False,False,0.0,0,1877,False
100000006165886100,peripheral,0.5,1,0.6077,"вход 184 тыс. KZT от 2, выход 75 тыс. KZT на 1, пропуск 41% — смешанный профиль: плательщиков меньше 4, получателей меньше 11 | сквозной транзит за 0 дн. (100% суммы)",R5.peripheral,3,False,2,1,184481.0,75000.0,2,1,0.00029856163893927776,6.92098645202041e-07,0.0009738287,0.0040377201,0.4065459315593476,109481.0,0.0,0,False,observed_forwarder,0.0,0.0,1.0,1,1,True,False,False,1.0,2,1877,False
100000008491390100,terminal,0.65,1,0.2867,"получил 36 тыс. KZT, 1 перевод от 1 плательщика; исходящих переводов 0, они проверены обходом на колене 3; сумма ниже медианы графа 50 тыс. KZT — мелкий получатель","R4a.terminal: исходящих переводов нет, они проверены обходом (depth <= 3)",3,False,1,0,36000.0,0.0,1,0,0.00028759681303119905,0.0,-0.0,0.0029057817,0.0,36000.0,0.0,0,False,observed_sink,1.0,,,1,1,False,False,False,0.0,0,1877,False
100000005186131100,transit,1.0,1,0.336,"пропускает 100% полученного: вход 10 тыс. KZT от 1, выход 10 тыс. KZT на 1, деньги лежат 0 дн. | сквозной транзит за 0 дн. (100% суммы)","R3a.transit: pass_through в [0.8, 1.2] — прошло почти всё полученное",3,False,1,1,10000.0,10000.0,1,1,0.00028613249388782043,1.922024458454748e-05,0.0,0.0029057817,1.0,0.0,0.0,0,False,observed_forwarder,0.0,0.0,1.0,1,1,True,False,False,1.0,1,1877,True
100000001550419100,terminal,0.65,13,0.2571,"получил 23 тыс. KZT, 1 перевод от 1 плательщика; исходящих переводов 0, они проверены обходом на колене 3; сумма ниже медианы графа 50 тыс. KZT — мелкий получатель","R4a.terminal: исходящих переводов нет, они проверены обходом (depth <= 3)",3,False,1,0,23000.0,0.0,1,0,0.00029207028196340864,0.0,-0.0,2.44138e-05,0.0,23000.0,0.0,0,False,observed_sink,1.0,,,1,1,False,False,False,0.0,0,1877,False
100000004979283100,terminal,0.65,8,0.3177,"получил 40 тыс. KZT, 1 перевод от 1 плательщика; исходящих переводов 0, они проверены обходом на колене 3; сумма ниже медианы графа 50 тыс. KZT — мелкий получатель","R4a.terminal: исходящих переводов нет, они проверены обходом (depth <= 3)",3,False,1,0,40132.0,0.0,1,0,0.00030052176499501573,0.0,-0.0,6.407e-07,0.0,40132.0,0.0,0,False,observed_sink,1.0,,,1,1,False,False,False,0.0,0,1877,False
100000002537811100,peripheral,0.5,9,0.3881,"вход 52 тыс. KZT от 1, выход 15 тыс. KZT на 1, пропуск 29% — смешанный профиль: плательщиков меньше 4, получателей меньше 11, пропуск вне зон транзита и осаждения",R5.peripheral,3,False,1,1,52000.0,15000.0,1,1,0.001231377724947645,2.6353531234482626e-05,0.0,0.0,0.28846153846153844,37000.0,0.0,0,False,observed_forwarder,0.0,,,1,1,False,False,False,0.0,1,1877,True
100000002990675100,terminal,0.9,6,0.3226,"получил 51 тыс. KZT, 1 перевод от 1 плательщика; исходящих переводов 0, они проверены обходом на колене 3","R4a.terminal: исходящих переводов нет, они проверены обходом (depth <= 3)",3,False,1,0,51143.0,0.0,1,0,0.000287226796606961,0.0,-0.0,0.0029401741,0.0,51143.0,0.0,0,False,observed_sink,1.0,,,1,1,False,False,False,0.0,0,1877,False
100000008763688100,terminal,0.65,0,0.2442,"получил 21 тыс. KZT, 1 перевод от 1 плательщика; исходящих переводов 0, они проверены обходом на колене 3; сумма ниже медианы графа 50 тыс. KZT — мелкий получатель","R4a.terminal: исходящих переводов нет, они проверены обходом (depth <= 3)",3,False,1,0,21000.0,0.0,1,0,0.00028884692758013016,0.0,-0.0,0.0,0.0,21000.0,0.0,0,False,observed_sink,1.0,,,1,1,False,False,False,0.0,0,270,False
100000002809896100,terminal,0.65,8,0.3122,"получил 38 тыс. KZT, 1 перевод от 1 плательщика; исходящих переводов 0, они проверены обходом на колене 3; сумма ниже медианы графа 50 тыс. KZT — мелкий получатель","R4a.terminal: исходящих переводов нет, они проверены обходом (depth <= 3)",3,False,1,0,38000.0,0.0,1,0,0.0002997274196422272,0.0,-0.0,6.407e-07,0.0,38000.0,0.0,0,False,observed_sink,1.0,,,1,1,False,False,False,0.0,0,1877,False
100000008716072100,terminal,0.65,0,0.197,"получил 12 тыс. KZT, 1 перевод от 1 плательщика; исходящих переводов 0, они проверены обходом на колене 3; сумма ниже медианы графа 50 тыс. KZT — мелкий получатель","R4a.terminal: исходящих переводов нет, они проверены обходом (depth <= 3)",3,False,1,0,12100.0,0.0,1,0,0.00028745783534540274,0.0,-0.0,0.0,0.0,12100.0,0.0,0,False,observed_sink,1.0,,,1,1,False,False,False,0.0,0,270,False
100000001279272100,peripheral,0.5,1,0.4584,"вход 250 тыс. KZT от 1, выход 137 тыс. KZT на 2, пропуск 55% — смешанный профиль: плательщиков меньше 4, получателей меньше 11, пропуск вне зон транзита и осаждения",R5.peripheral,3,False,1,2,250000.0,136758.0,1,2,0.00030773985752305947,0.00029919545413681863,9.77531e-05,0.0011319384,0.547032,113242.0,0.0,0,False,observed_forwarder,0.0,3.0,0.9505842437005514,1,1,False,False,False,0.0,1595,1877,True
100000001714173100,terminal,0.9,20,0.635,"получил 639 тыс. KZT, 6 переводов от 1 плательщика; исходящих переводов 0, они проверены обходом на колене 3 | дробление: 3 перевода от одного плательщика за день","R4a.terminal: исходящих переводов нет, они проверены обходом (depth <= 3)",3,False,1,0,638905.0,0.0,6,0,0.0005706777097822553,0.0,-0.0,1.58e-08,0.0,638905.0,0.0,0,False,observed_sink,1.0,,,1,3,False,False,True,1.0,0,1877,False
100000008729597100,terminal,0.9,5,0.3808,"получил 83 тыс. KZT, 1 перевод от 1 плательщика; исходящих переводов 0, они проверены обходом на колене 3","R4a.terminal: исходящих переводов нет, они проверены обходом (depth <= 3)",3,False,1,0,83090.0,0.0,1,0,0.0003024747023657878,0.0,-0.0,0.0016044118,0.0,83090.0,0.0,0,False,observed_sink,1.0,,,1,1,False,False,False,0.0,0,1877,False
100000002255058100,terminal,0.9,2,0.51,"получил 492 тыс. KZT, 2 перевода от 1 плательщика; исходящих переводов 0, они проверены обходом на колене 3","R4a.terminal: исходящих переводов нет, они проверены обходом (depth <= 3)",3,False,1,0,491500.0,0.0,2,0,0.00042612867221805017,0.0,-0.0,3.78e-06,0.0,491500.0,0.0,0,False,observed_sink,1.0,,,1,1,False,False,False,0.0,0,1877,False
100000006111442100,terminal,0.9,4,0.3569,"получил 64 тыс. KZT, 1 перевод от 1 плательщика; исходящих переводов 0, они проверены обходом на колене 3","R4a.terminal: исходящих переводов нет, они проверены обходом (depth <= 3)",3,False,1,0,64000.0,0.0,1,0,0.00029552622405626405,0.0,-0.0,1.8497e-06,0.0,64000.0,0.0,0,False,observed_sink,1.0,,,1,1,False,False,False,0.0,0,1877,False
100000008686247100,terminal,0.773,23,0.2705,"из 22 тыс. KZT дальше ушло только 23% (5 тыс. KZT на 1 получателя), осело 17 тыс. KZT — сумма остановилась здесь",R4b.terminal: дальше уходит не более 26% полученного — сумма осела,3,False,1,1,22000.0,5000.0,2,1,0.00031367376777992426,0.0,0.0,0.0,0.22727272727272727,17000.0,0.0,0,False,observed_forwarder,0.0,11.0,0.0,1,1,False,False,False,0.0,7,1877,False
100000001893287100,transit,0.6,7,0.4055,отдал 153 тыс. KZT на 1 получателя при поступлениях 18 тыс. KZT: 135 тыс. KZT пришло вне выборки (собраны только исходящие); удержания нет,"R3b.transit: pass_through > 1.2 — отдал больше, чем получил по данным, приток извне выборки",3,False,1,1,18000.0,152700.0,3,14,0.0006184515295005443,0.0,1.23223e-05,0.0,8.483333333333333,0.0,134700.0,0,False,observed_forwarder,0.0,1.0,0.37786509495743287,1,1,False,False,False,0.0,3,1877,False
100000005172860100,terminal,0.65,1,0.2232,"получил 15 тыс. KZT, 1 перевод от 1 плательщика; исходящих переводов 0, они проверены обходом на колене 3; сумма ниже медианы графа 50 тыс. KZT — мелкий получатель","R4a.terminal: исходящих переводов нет, они проверены обходом (depth <= 3)",3,False,1,0,15209.2,0.0,1,0,0.00029179582395841194,0.0,-0.0,0.0006428157,0.0,15209.2,0.0,0,False,observed_sink,1.0,,,1,1,False,False,False,0.0,0,1877,False
100000001788284100,transit,0.6,25,0.5067,отдал 297 тыс. KZT на 5 получателей при поступлениях 8 тыс. KZT: 289 тыс. KZT пришло вне выборки (собраны только исходящие); удержания нет | сквозной транзит за 0 дн. (65% суммы),"R3b.transit: pass_through > 1.2 — отдал больше, чем получил по данным, приток извне выборки",3,False,1,5,8000.0,296700.0,1,8,0.00029938268059674525,5.9444055416126226e-05,1.1085e-06,2.5007e-06,37.0875,0.0,288700.0,0,False,observed_forwarder,0.0,0.0,0.6501516683518705,1,1,True,False,False,0.6501516683518705,14,1877,True
100000008755580100,terminal,0.65,0,0.217,"получил 16 тыс. KZT, 1 перевод от 1 плательщика; исходящих переводов 0, они проверены обходом на колене 3; сумма ниже медианы графа 50 тыс. KZT — мелкий получатель","R4a.terminal: исходящих переводов нет, они проверены обходом (depth <= 3)",3,False,1,0,16000.0,0.0,1,0,0.00028806653868421585,0.0,-0.0,0.0,0.0,16000.0,0.0,0,False,observed_sink,1.0,,,1,1,False,False,False,0.0,0,270,False
100000003896956100,transit,0.6,3,0.3519,отдал 27 тыс. KZT на 1 получателя при поступлениях 10 тыс. KZT: 17 тыс. KZT пришло вне выборки (собраны только исходящие); удержания нет | сквозной транзит за 2 дн. (67% суммы),"R3b.transit: pass_through > 1.2 — отдал больше, чем получил по данным, приток извне выборки",3,False,1,1,10000.0,27000.0,1,2,0.0002885646095495058,1.922024458454748e-05,0.0,5.25698e-05,2.7,0.0,17000.0,0,False,observed_forwarder,0.0,2.0,0.6666666666666666,1,1,True,False,False,0.6666666666666666,1,1877,True
100000002475601100,terminal,0.9,19,0.4469,"получил 232 тыс. KZT, 1 перевод от 1 плательщика; исходящих переводов 0, они проверены обходом на колене 3","R4a.terminal: исходящих переводов нет, они проверены обходом (depth <= 3)",3,False,1,0,232301.0,0.0,1,0,0.00030211439246599533,0.0,-0.0,7.93604e-05,0.0,232301.0,0.0,0,False,observed_sink,1.0,,,1,1,False,False,False,0.0,0,1877,False
100000008619857100,peripheral,0.5,1,0.3219,"вход 29 тыс. KZT от 1, выход 13 тыс. KZT на 2, пропуск 45% — смешанный профиль: плательщиков меньше 4, получателей меньше 11 | сквозной транзит за 0 дн. (62% суммы)",R5.peripheral,3,False,1,2,29000.0,13000.0,1,2,0.0002872025732618279,1.75823270987009e-06,0.0004040543,0.0029057817,0.4482758620689655,16000.0,0.0,0,False,observed_forwarder,0.0,0.0,0.6153846153846154,1,1,True,False,False,0.6153846153846154,9,1877,False
100000001373265100,terminal,0.85,5,0.4558,"из 142 тыс. KZT дальше ушло только 4% (5 тыс. KZT на 1 получателя), осело 137 тыс. KZT — сумма остановилась здесь",R4b.terminal: дальше уходит не более 26% полученного — сумма осела,3,False,1,1,142482.0,5000.0,1,1,0.00031455853917834725,1.922024458454748e-05,0.0,0.0016044118,0.0350921519911287,137482.0,0.0,0,False,observed_forwarder,0.0,,,1,1,False,False,False,0.0,1,1877,True
100000004185681100,terminal,0.65,2,0.2422,"получил 10 тыс. KZT, 1 перевод от 1 плательщика; исходящих переводов 0, они проверены обходом на колене 3; сумма ниже медианы графа 50 тыс. KZT — мелкий получатель","R4a.terminal: исходящих переводов нет, они проверены обходом (depth <= 3)",3,False,1,0,10000.0,0.0,1,0,0.000535296205282201,0.0,-0.0,0.0,0.0,10000.0,0.0,0,False,observed_sink,1.0,,,1,1,False,False,False,0.0,0,1877,False
100000003031633100,terminal,0.9,4,0.5382,"получил 414 тыс. KZT, 2 перевода от 1 плательщика; исходящих переводов 0, они проверены обходом на колене 3","R4a.terminal: исходящих переводов нет, они проверены обходом (depth <= 3)",3,False,1,0,414000.0,0.0,2,0,0.0003146261273194669,0.0,-0.0,1.9662e-06,0.0,414000.0,0.0,0,False,observed_sink,1.0,,,1,2,False,False,False,0.5,0,1877,False
100000002632742100,terminal,0.9,4,0.5406,"получил 236 тыс. KZT, 2 перевода от 2 плательщиков; исходящих переводов 0, они проверены обходом на колене 3","R4a.terminal: исходящих переводов нет, они проверены обходом (depth <= 3)",3,False,2,0,235500.0,0.0,2,0,0.0003175643151957884,0.0,-0.0,1.5515e-06,0.0,235500.0,0.0,0,False,observed_sink,1.0,,,1,1,False,False,False,0.0,0,1877,False
100000005847078100,terminal,0.65,0,0.2183,"получил 16 тыс. KZT, 1 перевод от 1 плательщика; исходящих переводов 0, они проверены обходом на колене 3; сумма ниже медианы графа 50 тыс. KZT — мелкий получатель","R4a.terminal: исходящих переводов нет, они проверены обходом (depth <= 3)",3,False,1,0,16300.0,0.0,1,0,0.0002881133620179708,0.0,-0.0,0.0,0.0,16300.0,0.0,0,False,observed_sink,1.0,,,1,1,False,False,False,0.0,0,270,False
100000002807334100,terminal,0.9,6,0.3285,"получил 55 тыс. KZT, 1 перевод от 1 плательщика; исходящих переводов 0, они проверены обходом на колене 3","R4a.terminal: исходящих переводов нет, они проверены обходом (depth <= 3)",3,False,1,0,54715.0,0.0,1,0,0.00028734256217675366,0.0,-0.0,0.0029401741,0.0,54715.0,0.0,0,False,observed_sink,1.0,,,1,1,False,False,False,0.0,0,1877,False
100000008748795100,terminal,0.65,1,0.3083,"получил 47 тыс. KZT, 1 перевод от 1 плательщика; исходящих переводов 0, они проверены обходом на колене 3; сумма ниже медианы графа 50 тыс. KZT — мелкий получатель","R4a.terminal: исходящих переводов нет, они проверены обходом (depth <= 3)",3,False,1,0,47057.0,0.0,1,0,0.0002882195429069043,0.0,-0.0,0.0029057817,0.0,47057.0,0.0,0,False,observed_sink,1.0,,,1,1,False,False,False,0.0,0,1877,False
100000003899899100,terminal,0.85,3,0.701,"из 218 тыс. KZT дальше ушло только 5% (10 тыс. KZT на 1 получателя), осело 208 тыс. KZT — сумма остановилась здесь | сквозной транзит за 1 дн. (100% суммы)",R4b.terminal: дальше уходит не более 26% полученного — сумма осела,3,False,2,1,218500.0,10000.0,5,1,0.0006539846029635851,1.9418391435934565e-05,0.0,5.29902e-05,0.04576659038901602,208500.0,0.0,0,False,observed_forwarder,0.0,1.0,1.0,1,2,True,False,False,1.0,1,1877,True
100000002308091100,terminal,0.9,12,0.4667,"получил 187 тыс. KZT, 1 перевод от 1 плательщика; исходящих переводов 0, они проверены обходом на колене 3","R4a.terminal: исходящих переводов нет, они проверены обходом (depth <= 3)",3,False,1,0,186720.0,0.0,1,0,0.000561106872834332,0.0,-0.0,0.0,0.0,186720.0,0.0,0,False,observed_sink,1.0,,,1,1,False,False,False,0.0,0,1877,False
100000008680912100,terminal,0.85,5,0.463,"из 45 тыс. KZT дальше ушло только 13% (6 тыс. KZT на 1 получателя), осело 39 тыс. KZT — сумма остановилась здесь | сквозной транзит за 1 дн. (100% суммы)",R4b.terminal: дальше уходит не более 26% полученного — сумма осела,3,False,1,1,45112.0,5990.85,2,1,0.000535175712479058,0.0,0.0001019776,2.3509e-06,0.13279947685759888,39121.15,0.0,0,False,observed_forwarder,0.0,1.0,1.0,1,1,True,False,False,1.0,7,1877,False
100000008742053100,distributor,0.545,12,0.4771,"веер на 12 получателей, 12 переводов на 2.8 млн KZT; отдал на 2.8 млн KZT больше, чем получил в выборке",R1.distributor: out_deg >= 11,3,False,1,12,10000.0,2789000.0,1,12,0.00028627115008932345,0.00012107303358925224,1.13714e-05,1.9662e-06,278.9,0.0,2779000.0,0,False,observed_forwarder,0.0,7.0,0.0,1,1,False,False,False,0.0,12,1877,True
100000008473765100,terminal,0.65,5,0.2837,"получил 30 тыс. KZT, 1 перевод от 1 плательщика; исходящих переводов 0, они проверены обходом на колене 3; сумма ниже медианы графа 50 тыс. KZT — мелкий получатель","R4a.terminal: исходящих переводов нет, они проверены обходом (depth <= 3)",3,False,1,0,30000.0,0.0,1,0,0.00029167306415897907,0.0,-0.0,0.0016044118,0.0,30000.0,0.0,0,False,observed_sink,1.0,,,1,1,False,False,False,0.0,0,1877,False
100000007472293100,transit,0.6,48,0.4193,отдал 346 тыс. KZT на 3 получателей при поступлениях 5 тыс. KZT: 341 тыс. KZT пришло вне выборки (собраны только исходящие); удержания нет,"R3b.transit: pass_through > 1.2 — отдал больше, чем получил по данным, приток извне выборки",3,False,1,3,5000.0,345900.0,1,3,0.0002863329149575189,4.8034099223753116e-05,0.0,3.559e-07,69.18,0.0,340900.0,0,False,observed_forwarder,0.0,4.0,0.0,1,1,False,False,False,0.0,3,1877,True
100000008753061100,terminal,0.65,0,0.2746,"получил 28 тыс. KZT, 2 перевода от 1 плательщика; исходящих переводов 0, они проверены обходом на колене 3; сумма ниже медианы графа 50 тыс. KZT — мелкий получатель","R4a.terminal: исходящих переводов нет, они проверены обходом (depth <= 3)",3,False,1,0,28400.0,0.0,2,0,0.0002900019031460833,0.0,-0.0,0.0,0.0,28400.0,0.0,0,False,observed_sink,1.0,,,1,1,False,False,False,0.0,0,270,False
100000008501413100,transit,0.95,33,0.3687,"пропускает 102% полученного: вход 5 тыс. KZT от 1, выход 5 тыс. KZT на 1, деньги лежат 2 дн. | сквозной транзит за 2 дн. (100% суммы)","R3a.transit: pass_through в [0.8, 1.2] — прошло почти всё полученное",3,False,1,1,5000.0,5100.0,1,1,0.00036664528360685694,2.1201713098418353e-05,0.0,9.978e-07,1.02,0.0,100.0,0,False,observed_forwarder,0.0,2.0,1.0,1,1,True,False,False,1.0,1,1877,True
100000002748581100,terminal,0.65,13,0.3158,"получил 41 тыс. KZT, 1 перевод от 1 плательщика; исходящих переводов 0, они проверены обходом на колене 3; сумма ниже медианы графа 50 тыс. KZT — мелкий получатель","R4a.terminal: исходящих переводов нет, они проверены обходом (depth <= 3)",3,False,1,0,41180.0,0.0,1,0,0.0002972088887992536,0.0,-0.0,2.44138e-05,0.0,41180.0,0.0,0,False,observed_sink,1.0,,,1,1,False,False,False,0.0,0,1877,False
100000001384826100,terminal,0.85,6,0.4995,"из 364 тыс. KZT дальше ушло только 3% (10 тыс. KZT на 1 получателя), осело 354 тыс. KZT — сумма остановилась здесь",R4b.terminal: дальше уходит не более 26% полученного — сумма осела,3,False,1,1,364260.0,10000.0,1,1,0.0002973746599655157,1.922024458454748e-05,0.0,0.0029401741,0.027452918245209467,354260.0,0.0,0,False,observed_forwarder,0.0,12.0,0.0,1,1,False,False,False,0.0,1,1877,True
100000004099450100,terminal,0.65,5,0.2949,"получил 31 тыс. KZT, 1 перевод от 1 плательщика; исходящих переводов 0, они проверены обходом на колене 3; сумма ниже медианы графа 50 тыс. KZT — мелкий получатель","R4a.terminal: исходящих переводов нет, они проверены обходом (depth <= 3)",3,False,1,0,31000.0,0.0,1,0,0.0002961658639475312,0.0,-0.0,0.0001610543,0.0,31000.0,0.0,0,False,observed_sink,1.0,,,1,1,False,False,False,0.0,0,1877,False
100000002926970100,terminal,0.9,8,0.3906,"получил 85 тыс. KZT, 1 перевод от 1 плательщика; исходящих переводов 0, они проверены обходом на колене 3","R4a.terminal: исходящих переводов нет, они проверены обходом (depth <= 3)",3,False,1,0,85000.0,0.0,1,0,0.0003172387852993861,0.0,-0.0,6.407e-07,0.0,85000.0,0.0,0,False,observed_sink,1.0,,,1,1,False,False,False,0.0,0,1877,False
100000002753146100,terminal,0.9,12,0.566,"получил 804 тыс. KZT, 3 перевода от 1 плательщика; исходящих переводов 0, они проверены обходом на колене 3","R4a.terminal: исходящих переводов нет, они проверены обходом (depth <= 3)",3,False,1,0,803540.0,0.0,3,0,0.0003238433894737329,0.0,-0.0,3.794e-07,0.0,803540.0,0.0,0,False,observed_sink,1.0,,,1,2,False,False,False,0.5,0,1877,False
100000003943247100,terminal,0.65,1,0.2935,"получил 40 тыс. KZT, 1 перевод от 1 плательщика; исходящих переводов 0, они проверены обходом на колене 3; сумма ниже медианы графа 50 тыс. KZT — мелкий получатель","R4a.terminal: исходящих переводов нет, они проверены обходом (depth <= 3)",3,False,1,0,40000.0,0.0,1,0,0.0002878220928994111,0.0,-0.0,0.0029057817,0.0,40000.0,0.0,0,False,observed_sink,1.0,,,1,1,False,False,False,0.0,0,1877,False
100000002872399100,terminal,0.9,7,0.5977,"получил 1.1 млн KZT, 9 переводов от 1 плательщика; исходящих переводов 0, они проверены обходом на колене 3","R4a.terminal: исходящих переводов нет, они проверены обходом (depth <= 3)",3,False,1,0,1090000.0,0.0,9,0,0.0007057669186571349,0.0,-0.0,3.5e-08,0.0,1090000.0,0.0,0,False,observed_sink,1.0,,,1,2,False,False,False,0.5,0,1877,False
100000008417359100,transit,0.6,15,0.4279,отдал 111 тыс. KZT на 2 получателей при поступлениях 41 тыс. KZT: 70 тыс. KZT пришло вне выборки (собраны только исходящие); удержания нет | сквозной транзит за 1 дн. (81% суммы),"R3b.transit: pass_through > 1.2 — отдал больше, чем получил по данным, приток извне выборки",3,False,1,2,40810.0,110760.0,2,3,0.0002919927493261812,0.0,0.000245127,0.0002333446,2.714040676304827,0.0,69950.0,0,False,observed_forwarder,0.0,1.0,0.8125677139761647,1,1,True,False,False,0.8125677139761647,1595,1877,False
100000002614095100,terminal,0.65,0,0.1642,"получил 5 тыс. KZT, 1 перевод от 1 плательщика; исходящих переводов 0, они проверены обходом на колене 3; сумма ниже медианы графа 50 тыс. KZT — мелкий получатель","R4a.terminal: исходящих переводов нет, они проверены обходом (depth <= 3)",3,False,1,0,5300.0,0.0,1,0,0.00028639650644695936,0.0,-0.0,0.0,0.0,5300.0,0.0,0,False,observed_sink,1.0,,,1,1,False,False,False,0.0,0,270,False
100000004717647100,transit,0.6,45,0.5287,отдал 2.2 млн KZT на 5 получателей при поступлениях 300 тыс. KZT: 1.9 млн KZT пришло вне выборки (собраны только исходящие); удержания нет,"R3b.transit: pass_through > 1.2 — отдал больше, чем получил по данным, приток извне выборки",3,False,1,5,300000.0,2240000.0,2,10,0.0010233609552644468,7.767356574373826e-05,4.11093e-05,0.0,7.466666666666667,0.0,1940000.0,0,False,observed_forwarder,0.0,0.0,0.020982142857142855,1,1,False,False,False,0.0,5,1877,True
100000008537380100,terminal,0.65,0,0.1751,"получил 8 тыс. KZT, 1 перевод от 1 плательщика; исходящих переводов 0, они проверены обходом на колене 3; сумма ниже медианы графа 50 тыс. KZT — мелкий получатель","R4a.terminal: исходящих переводов нет, они проверены обходом (depth <= 3)",3,False,1,0,8000.0,0.0,1,0,0.00028681791645075304,0.0,-0.0,0.0,0.0,8000.0,0.0,0,False,observed_sink,1.0,,,1,1,False,False,False,0.0,0,270,False
100000001534244100,terminal,0.85,4,0.6579,"из 366 тыс. KZT дальше ушло только 12% (45 тыс. KZT на 1 получателя), осело 321 тыс. KZT — сумма остановилась здесь",R4b.terminal: дальше уходит не более 26% полученного — сумма осела,3,False,2,1,366000.0,45000.0,2,1,0.00034150708804052356,2.159800680119253e-05,0.0,1.9971e-06,0.12295081967213115,321000.0,0.0,0,False,observed_forwarder,0.0,,,2,1,False,False,False,0.5,1,1877,True
100000008767950100,terminal,0.65,0,0.2234,"получил 17 тыс. KZT, 1 перевод от 1 плательщика; исходящих переводов 0, они проверены обходом на колене 3; сумма ниже медианы графа 50 тыс. KZT — мелкий получатель","R4a.terminal: исходящих переводов нет, они проверены обходом (depth <= 3)",3,False,1,0,17350.0,0.0,1,0,0.0002882772436861127,0.0,-0.0,0.0,0.0,17350.0,0.0,0,False,observed_sink,1.0,,,1,1,False,False,False,0.0,0,270,False
100000004613582100,transit,0.6,7,0.2706,отдал 10 тыс. KZT на 1 получателя при поступлениях 5 тыс. KZT: 4 тыс. KZT пришло вне выборки (собраны только исходящие); удержания нет,"R3b.transit: pass_through > 1.2 — отдал больше, чем получил по данным, приток извне выборки",3,False,1,1,5000.0,9500.0,1,1,0.0005534434661680602,3.962937027741748e-07,0.0,0.0,1.9,0.0,4500.0,0,False,observed_forwarder,0.0,15.0,0.0,1,1,False,False,False,0.0,2,1877,False
100000008121806100,transit,0.6,5,0.4361,отдал 249 тыс. KZT на 4 получателей при поступлениях 67 тыс. KZT: 182 тыс. KZT пришло вне выборки (собраны только исходящие); удержания нет,"R3b.transit: pass_through > 1.2 — отдал больше, чем получил по данным, приток извне выборки",3,False,1,4,67000.0,248509.0,1,6,0.00030036879713769664,0.0007808641134044801,9.23598e-05,0.0001302804,3.709089552238806,0.0,181509.0,0,False,observed_forwarder,0.0,7.5,0.34203992611937595,1,1,False,False,False,0.0,1595,1877,True
100000002369443100,terminal,0.9,0,0.3336,"получил 50 тыс. KZT, 1 перевод от 1 плательщика; исходящих переводов 0, они проверены обходом на колене 3","R4a.terminal: исходящих переводов нет, они проверены обходом (depth <= 3)",3,False,1,0,50000.0,0.0,1,0,0.000293373183176433,0.0,-0.0,0.0,0.0,50000.0,0.0,0,False,observed_sink,1.0,,,1,1,False,False,False,0.0,0,270,False
100000008655779100,peripheral,0.5,28,0.3506,"вход 47 тыс. KZT от 1, выход 25 тыс. KZT на 2, пропуск 53% — смешанный профиль: плательщиков меньше 4, получателей меньше 11, пропуск вне зон транзита и осаждения",R5.peripheral,3,False,1,2,47000.0,24704.0,1,2,0.00039705232861292724,5.920977464216475e-05,0.0,0.0,0.5256170212765957,22296.0,0.0,0,False,observed_forwarder,0.0,19.5,0.0,1,1,False,False,False,0.0,4,1877,True
100000008561016100,transit,0.931,4,0.5218,"пропускает 103% полученного: вход 180 тыс. KZT от 1, выход 185 тыс. KZT на 1, деньги лежат 0 дн. | сквозной транзит за 0 дн. (100% суммы)","R3a.transit: pass_through в [0.8, 1.2] — прошло почти всё полученное",3,False,1,1,180000.0,185000.0,2,4,0.00029484284060031247,2.2390594206740877e-05,0.0,3.2207e-06,1.0277777777777777,0.0,5000.0,0,False,observed_forwarder,0.0,0.0,1.0,1,1,True,False,False,1.0,1,1877,True
100000002727288100,terminal,0.65,14,0.2592,"получил 16 тыс. KZT, 1 перевод от 1 плательщика; исходящих переводов 0, они проверены обходом на колене 3; сумма ниже медианы графа 50 тыс. KZT — мелкий получатель","R4a.terminal: исходящих переводов нет, они проверены обходом (depth <= 3)",3,False,1,0,16000.0,0.0,1,0,0.0003661692337362445,0.0,-0.0,0.0,0.0,16000.0,0.0,0,False,observed_sink,1.0,,,1,1,False,False,False,0.0,0,1877,False
100000001270349100,terminal,0.9,27,0.456,"получил 200 тыс. KZT, 1 перевод от 1 плательщика; исходящих переводов 0, они проверены обходом на колене 3","R4a.terminal: исходящих переводов нет, они проверены обходом (depth <= 3)",3,False,1,0,200000.0,0.0,1,0,0.0003553003383239642,0.0,-0.0,4.727e-07,0.0,200000.0,0.0,0,False,observed_sink,1.0,,,1,1,False,False,False,0.0,0,1877,False
100000004722765100,transit,0.6,47,0.5222,отдал 2.3 млн KZT на 3 получателей при поступлениях 230 тыс. KZT: 2.1 млн KZT пришло вне выборки (собраны только исходящие); удержания нет,"R3b.transit: pass_through > 1.2 — отдал больше, чем получил по данным, приток извне выборки",3,False,1,3,230000.0,2284500.0,1,9,0.0005815882668655397,5.8255174307803695e-05,0.0,0.0,9.932608695652174,0.0,2054500.0,0,False,observed_forwarder,0.0,9.0,0.07660319544758153,1,1,False,False,False,0.0,3,1877,True
100000001677389100,peripheral,0.5,15,0.1964,"вход 11 тыс. KZT от 1, выход 5 тыс. KZT на 1, пропуск 49% — смешанный профиль: плательщиков меньше 4, получателей меньше 11, пропуск вне зон транзита и осаждения",R5.peripheral,3,False,1,1,11000.0,5400.0,1,1,0.000288630969544677,1.922024458454748e-05,0.0,1.86922e-05,0.4909090909090909,5600.0,0.0,0,False,observed_forwarder,0.0,,,1,1,False,False,False,0.0,1,1877,True
100000005857058100,terminal,0.9,1,0.4978,"получил 80 тыс. KZT, 3 перевода от 3 плательщиков; исходящих переводов 0, они проверены обходом на колене 3","R4a.terminal: исходящих переводов нет, они проверены обходом (depth <= 3)",3,False,3,0,80222.0,0.0,3,0,0.0003899337552291787,0.0,-0.0,0.0017975909,0.0,80222.0,0.0,0,False,observed_sink,1.0,,,1,1,False,False,False,0.0,0,1877,False
100000008760098100,transit,0.6,20,0.4163,отдал 390 тыс. KZT на 1 получателя при поступлениях 7 тыс. KZT: 383 тыс. KZT пришло вне выборки (собраны только исходящие); удержания нет,"R3b.transit: pass_through > 1.2 — отдал больше, чем получил по данным, приток извне выборки",3,False,1,1,7000.0,390000.0,1,1,0.0002866383632536104,7.299981620149681e-06,5.715e-07,3.559e-07,55.714285714285715,0.0,383000.0,0,False,observed_forwarder,0.0,4.0,0.0,1,1,False,False,False,0.0,2,1877,False
100000002838519100,terminal,0.65,13,0.3268,"получил 47 тыс. KZT, 1 перевод от 1 плательщика; исходящих переводов 0, они проверены обходом на колене 3; сумма ниже медианы графа 50 тыс. KZT — мелкий получатель","R4a.terminal: исходящих переводов нет, они проверены обходом (depth <= 3)",3,False,1,0,46900.0,0.0,1,0,0.0002988256561865491,0.0,-0.0,2.44138e-05,0.0,46900.0,0.0,0,False,observed_sink,1.0,,,1,1,False,False,False,0.0,0,1877,False
100000002597623100,terminal,0.65,1,0.2151,"получил 16 тыс. KZT, 1 перевод от 1 плательщика; исходящих переводов 0, они проверены обходом на колене 3; сумма ниже медианы графа 50 тыс. KZT — мелкий получатель","R4a.terminal: исходящих переводов нет, они проверены обходом (depth <= 3)",3,False,1,0,16418.0,0.0,1,0,0.0002864939554363667,0.0,-0.0,0.0029057817,0.0,16418.0,0.0,0,False,observed_sink,1.0,,,1,1,False,False,False,0.0,0,1877,False
100000003635660100,terminal,0.65,1,0.2369,"получил 19 тыс. KZT, 1 перевод от 1 плательщика; исходящих переводов 0, они проверены обходом на колене 3; сумма ниже медианы графа 50 тыс. KZT — мелкий получатель","R4a.terminal: исходящих переводов нет, они проверены обходом (depth <= 3)",3,False,1,0,18985.0,0.0,1,0,0.00029052194004178835,0.0,-0.0,0.0011379074,0.0,18985.0,0.0,0,False,observed_sink,1.0,,,1,1,False,False,False,0.0,0,1877,False
100000008676812100,terminal,0.9,16,0.4719,"получил 231 тыс. KZT, 1 перевод от 1 плательщика; исходящих переводов 0, они проверены обходом на колене 3","R4a.terminal: исходящих переводов нет, они проверены обходом (depth <= 3)",3,False,1,0,230800.0,0.0,1,0,0.00047313415798955915,0.0,-0.0,0.0,0.0,230800.0,0.0,0,False,observed_sink,1.0,,,1,1,False,False,False,0.0,0,1877,False
100000003213473100,distributor,0.5,1,0.4228,"веер на 11 получателей, 12 переводов на 240 тыс. KZT; отдал на 182 тыс. KZT больше, чем получил в выборке",R1.distributor: out_deg >= 11,3,False,1,11,57500.0,240000.0,2,12,0.00028880769232283906,0.00010972673620999486,0.0016894766,0.0029057817,4.173913043478261,0.0,182500.0,0,False,observed_forwarder,0.0,2.0,0.1875,1,1,False,False,False,0.0,1595,1877,True
100000003071649100,terminal,0.9,4,0.427,"получил 190 тыс. KZT, 1 перевод от 1 плательщика; исходящих переводов 0, они проверены обходом на колене 3","R4a.terminal: исходящих переводов нет, они проверены обходом (depth <= 3)",3,False,1,0,189500.0,0.0,1,0,0.0002953322777705275,0.0,-0.0,3.2207e-06,0.0,189500.0,0.0,0,False,observed_sink,1.0,,,1,1,False,False,False,0.0,0,1877,False
100000002433697100,transit,0.615,6,0.5103,"пропускает 85% полученного: вход 130 тыс. KZT от 1, выход 110 тыс. KZT на 1, деньги лежат 0 дн. | сквозной транзит за 0 дн. (100% суммы)","R3a.transit: pass_through в [0.8, 1.2] — прошло почти всё полученное",3,False,1,1,130000.0,110000.0,1,1,0.000289782486846921,1.922024458454748e-05,0.0,0.0029401741,0.8461538461538461,20000.0,0.0,0,False,observed_forwarder,0.0,0.0,1.0,1,1,True,False,False,1.0,1,1877,True
100000008612257100,terminal,0.65,15,0.1821,"получил 10 тыс. KZT, 1 перевод от 1 плательщика; исходящих переводов 0, они проверены обходом на колене 3; сумма ниже медианы графа 50 тыс. KZT — мелкий получатель","R4a.terminal: исходящих переводов нет, они проверены обходом (depth <= 3)",3,False,1,0,9500.0,0.0,1,0,0.00028786387694202726,0.0,-0.0,0.0004659018,0.0,9500.0,0.0,0,False,observed_sink,1.0,,,1,1,False,False,False,0.0,0,1877,False
100000002736033100,peripheral,0.5,15,0.2976,"вход 35 тыс. KZT от 1, выход 11 тыс. KZT на 1, пропуск 32% — смешанный профиль: плательщиков меньше 4, получателей меньше 11, пропуск вне зон транзита и осаждения",R5.peripheral,3,False,1,1,34530.0,11000.0,1,1,0.0002951801714040782,1.922024458454748e-05,0.0,1.86922e-05,0.3185635679119606,23530.0,0.0,0,False,observed_forwarder,0.0,20.0,0.0,1,1,False,False,False,0.0,1,1877,True
100000008687990100,terminal,0.65,0,0.2254,"получил 18 тыс. KZT, 1 перевод от 1 плательщика; исходящих переводов 0, они проверены обходом на колене 3; сумма ниже медианы графа 50 тыс. KZT — мелкий получатель","R4a.terminal: исходящих переводов нет, они проверены обходом (depth <= 3)",3,False,1,0,17600.0,0.0,1,0,0.00028831626313090844,0.0,-0.0,0.0,0.0,17600.0,0.0,0,False,observed_sink,1.0,,,1,1,False,False,False,0.0,0,270,False
100000008776310100,terminal,0.65,0,0.2321,"получил 19 тыс. KZT, 1 перевод от 1 плательщика; исходящих переводов 0, они проверены обходом на колене 3; сумма ниже медианы графа 50 тыс. KZT — мелкий получатель","R4a.terminal: исходящих переводов нет, они проверены обходом (depth <= 3)",3,False,1,0,19200.0,0.0,1,0,0.000288565987577601,0.0,-0.0,0.0,0.0,19200.0,0.0,0,False,observed_sink,1.0,,,1,1,False,False,False,0.0,0,270,False
100000007267915100,peripheral,0.5,15,0.4304,"вход 21 тыс. KZT от 2, выход 10 тыс. KZT на 1, пропуск 48% — смешанный профиль: плательщиков меньше 4, получателей меньше 11 | сквозной транзит за 2 дн. (100% суммы)",R5.peripheral,3,False,2,1,21000.0,10000.0,3,1,0.0002913946069790751,1.6729898929614312e-06,0.0001284354,0.0008761603,0.47619047619047616,11000.0,0.0,0,False,observed_forwarder,0.0,2.0,1.0,1,1,True,False,False,1.0,4,1877,False
100000004217419100,terminal,0.85,5,0.6618,"из 118 тыс. KZT дальше ушло только 7% (8 тыс. KZT на 1 получателя), осело 110 тыс. KZT — сумма остановилась здесь | сквозной транзит за 0 дн. (100% суммы)",R4b.terminal: дальше уходит не более 26% полученного — сумма осела,3,False,2,1,118200.0,7700.0,3,1,0.000584182953023545,1.9418391435934565e-05,0.0,0.0016172396,0.06514382402707276,110500.0,0.0,0,False,observed_forwarder,0.0,0.0,1.0,1,1,True,False,False,1.0,1,1877,True
100000002773323100,transit,0.6,4,0.6233,отдал 1.2 млн KZT на 1 получателя при поступлениях 285 тыс. KZT: 887 тыс. KZT пришло вне выборки (собраны только исходящие); удержания нет,"R3b.transit: pass_through > 1.2 — отдал больше, чем получил по данным, приток извне выборки",3,False,2,1,285000.0,1171644.0,2,2,0.0003254977886002247,2.139985994980544e-05,0.0,7.529e-07,4.111031578947369,0.0,886644.0,0,False,observed_forwarder,0.0,15.5,0.0,2,1,False,False,False,0.5,1,1877,True
100000002528544100,terminal,0.9,19,0.4329,"получил 193 тыс. KZT, 1 перевод от 1 плательщика; исходящих переводов 0, они проверены обходом на колене 3","R4a.terminal: исходящих переводов нет, они проверены обходом (depth <= 3)",3,False,1,0,192912.0,0.0,1,0,0.00029930900258425463,0.0,-0.0,7.93604e-05,0.0,192912.0,0.0,0,False,observed_sink,1.0,,,1,1,False,False,False,0.0,0,1877,False
100000003760160100,terminal,0.9,6,0.3798,"получил 104 тыс. KZT, 1 перевод от 1 плательщика; исходящих переводов 0, они проверены обходом на колене 3","R4a.terminal: исходящих переводов нет, они проверены обходом (depth <= 3)",3,False,1,0,104470.0,0.0,1,0,0.00028895508063280965,0.0,-0.0,0.0029401741,0.0,104470.0,0.0,0,False,observed_sink,1.0,,,1,1,False,False,False,0.0,0,1877,False
100000000640800100,transit,0.6,5,0.4673,отдал 518 тыс. KZT на 4 получателей при поступлениях 80 тыс. KZT: 438 тыс. KZT пришло вне выборки (собраны только исходящие); удержания нет,"R3b.transit: pass_through > 1.2 — отдал больше, чем получил по данным, приток извне выборки",3,False,1,4,80000.0,518135.0,1,6,0.0003032403424804621,0.000145174954828096,1.706e-07,0.0001302804,6.4766875,0.0,438135.0,0,False,observed_forwarder,0.0,13.0,0.031096142897121405,1,1,False,False,False,0.0,17,1877,True
100000008238112100,terminal,0.9,6,0.4213,"получил 190 тыс. KZT, 1 перевод от 1 плательщика; исходящих переводов 0, они проверены обходом на колене 3","R4a.terminal: исходящих переводов нет, они проверены обходом (depth <= 3)",3,False,1,0,190000.0,0.0,1,0,0.000291727037291366,0.0,-0.0,0.0029401741,0.0,190000.0,0.0,0,False,observed_sink,1.0,,,1,1,False,False,False,0.0,0,1877,False
100000008751349100,terminal,0.65,26,0.1978,"получил 12 тыс. KZT, 1 перевод от 1 плательщика; исходящих переводов 0, они проверены обходом на колене 3; сумма ниже медианы графа 50 тыс. KZT — мелкий получатель","R4a.terminal: исходящих переводов нет, они проверены обходом (depth <= 3)",3,False,1,0,11630.0,0.0,1,0,0.00028848577638606915,0.0,-0.0,0.0,0.0,11630.0,0.0,0,False,observed_sink,1.0,,,1,1,False,False,False,0.0,0,1877,False
100000002963189100,transit,0.6,13,0.5694,отдал 5.2 млн KZT на 7 получателей при поступлениях 490 тыс. KZT: 4.7 млн KZT пришло вне выборки (собраны только исходящие); удержания нет,"R3b.transit: pass_through > 1.2 — отдал больше, чем получил по данным, приток извне выборки",3,False,1,7,490000.0,5219000.0,3,15,0.0004240685983737267,8.540784150822377e-05,3.1769e-06,2.44138e-05,10.651020408163266,0.0,4729000.0,0,False,observed_forwarder,0.0,4.0,0.0,1,2,False,False,False,0.5,1595,1877,True
100000008548853100,terminal,0.65,0,0.2042,"получил 14 тыс. KZT, 1 перевод от 1 плательщика; исходящих переводов 0, они проверены обходом на колене 3; сумма ниже медианы графа 50 тыс. KZT — мелкий получатель","R4a.terminal: исходящих переводов нет, они проверены обходом (depth <= 3)",3,False,1,0,14000.0,0.0,1,0,0.0002877543831258502,0.0,-0.0,0.0,0.0,14000.0,0.0,0,False,observed_sink,1.0,,,1,1,False,False,False,0.0,0,270,False
100000003164661100,terminal,0.9,29,0.5294,"получил 596 тыс. KZT, 3 перевода от 1 плательщика; исходящих переводов 0, они проверены обходом на колене 3","R4a.terminal: исходящих переводов нет, они проверены обходом (depth <= 3)",3,False,1,0,596200.0,0.0,3,0,0.0006007384807220591,0.0,-0.0,0.0,0.0,596200.0,0.0,0,False,observed_sink,1.0,,,1,1,False,False,False,0.0,0,13,False
100000000791285100,peripheral,0.5,26,0.6449,"вход 1.1 млн KZT от 1, выход 650 тыс. KZT на 3, пропуск 58% — смешанный профиль: плательщиков меньше 4, получателей меньше 11 | сквозной транзит за 0 дн. (95% суммы)",R5.peripheral,3,False,1,3,1120000.0,650000.0,2,3,0.0005664343010128576,3.883678287186913e-05,2.1645e-06,0.0,0.5803571428571429,470000.0,0.0,0,False,observed_forwarder,0.0,0.0,0.9538461538461539,1,2,True,False,False,0.9538461538461539,14,1877,True
100000003192309100,transit,0.6,0,0.3918,отдал 213 тыс. KZT на 1 получателя при поступлениях 17 тыс. KZT: 196 тыс. KZT пришло вне выборки (собраны только исходящие); удержания нет,"R3b.transit: pass_through > 1.2 — отдал больше, чем получил по данным, приток извне выборки",3,False,1,1,17200.0,213000.0,1,1,0.00028825383201923533,1.387027959709612e-06,0.0,0.0,12.383720930232558,0.0,195800.0,0,False,observed_forwarder,0.0,16.0,0.0,1,1,False,False,False,0.0,1,270,True
100000002891765100,terminal,0.9,13,0.3555,"получил 56 тыс. KZT, 1 перевод от 1 плательщика; исходящих переводов 0, они проверены обходом на колене 3","R4a.terminal: исходящих переводов нет, они проверены обходом (depth <= 3)",3,False,1,0,55576.0,0.0,1,0,0.0003012779418250415,0.0,-0.0,2.44138e-05,0.0,55576.0,0.0,0,False,observed_sink,1.0,,,1,1,False,False,False,0.0,0,1877,False
100000001740277100,peripheral,0.5,7,0.2955,"вход 9 тыс. KZT от 1, выход 5 тыс. KZT на 1, пропуск 57% — смешанный профиль: плательщиков меньше 4, получателей меньше 11 | сквозной транзит за 2 дн. (100% суммы)",R5.peripheral,3,False,1,1,8700.0,5000.0,1,1,0.00036969341532294166,0.0,0.0,0.0,0.5747126436781609,3700.0,0.0,0,False,observed_forwarder,0.0,2.0,1.0,1,1,True,False,False,1.0,2,1877,False
100000002232266100,terminal,0.65,5,0.3184,"получил 45 тыс. KZT, 1 перевод от 1 плательщика; исходящих переводов 0, они проверены обходом на колене 3; сумма ниже медианы графа 50 тыс. KZT — мелкий получатель","R4a.terminal: исходящих переводов нет, они проверены обходом (depth <= 3)",3,False,1,0,45000.0,0.0,1,0,0.00029472494912982346,0.0,-0.0,0.0016044118,0.0,45000.0,0.0,0,False,observed_sink,1.0,,,1,1,False,False,False,0.0,0,1877,False
100000006701983100,terminal,0.65,0,0.2714,"получил 27 тыс. KZT, 1 перевод от 1 плательщика; исходящих переводов 0, они проверены обходом на колене 3; сумма ниже медианы графа 50 тыс. KZT — мелкий получатель","R4a.terminal: исходящих переводов нет, они проверены обходом (depth <= 3)",3,False,1,0,27000.0,0.0,1,0,0.00028978339425522726,0.0,-0.0,0.0,0.0,27000.0,0.0,0,False,observed_sink,1.0,,,1,1,False,False,False,0.0,0,270,False
100000002871199100,terminal,0.65,13,0.258,"получил 23 тыс. KZT, 1 перевод от 1 плательщика; исходящих переводов 0, они проверены обходом на колене 3; сумма ниже медианы графа 50 тыс. KZT — мелкий получатель","R4a.terminal: исходящих переводов нет, они проверены обходом (depth <= 3)",3,False,1,0,23186.0,0.0,1,0,0.00029212285516865986,0.0,-0.0,2.44138e-05,0.0,23186.0,0.0,0,False,observed_sink,1.0,,,1,1,False,False,False,0.0,0,1877,False
100000002757791100,terminal,0.9,27,0.3776,"получил 73 тыс. KZT, 1 перевод от 1 плательщика; исходящих переводов 0, они проверены обходом на колене 3","R4a.terminal: исходящих переводов нет, они проверены обходом (depth <= 3)",3,False,1,0,73050.0,0.0,1,0,0.00031103855807725284,0.0,-0.0,4.727e-07,0.0,73050.0,0.0,0,False,observed_sink,1.0,,,1,1,False,False,False,0.0,0,1877,False
100000000572276100,transit,0.6,0,0.2903,отдал 35 тыс. KZT на 1 получателя при поступлениях 13 тыс. KZT: 21 тыс. KZT пришло вне выборки (собраны только исходящие); удержания нет,"R3b.transit: pass_through > 1.2 — отдал больше, чем получил по данным, приток извне выборки",3,False,1,1,13075.0,34547.0,1,1,0.00028761001118010604,1.387027959709612e-06,0.0,0.0,2.6422179732313578,0.0,21472.0,0,False,observed_forwarder,0.0,13.0,0.0,1,1,False,False,False,0.0,1,270,True
100000001853812100,terminal,0.9,5,0.3671,"получил 70 тыс. KZT, 1 перевод от 1 плательщика; исходящих переводов 0, они проверены обходом на колене 3","R4a.terminal: исходящих переводов нет, они проверены обходом (depth <= 3)",3,False,1,0,70000.0,0.0,1,0,0.0002998114240812309,0.0,-0.0,0.0016044118,0.0,70000.0,0.0,0,False,observed_sink,1.0,,,1,1,False,False,False,0.0,0,1877,False
100000004726132100,terminal,0.85,1,0.5098,"из 349 тыс. KZT дальше ушло только 7% (24 тыс. KZT на 1 получателя), осело 325 тыс. KZT — сумма остановилась здесь",R4b.terminal: дальше уходит не более 26% полученного — сумма осела,3,False,1,1,349000.0,24000.0,1,2,0.00031651940059214406,1.922024458454748e-05,0.0,0.0011319384,0.06876790830945559,325000.0,0.0,0,False,observed_forwarder,0.0,5.5,0.0,1,1,False,False,False,0.0,1,1877,True
100000001785161100,terminal,0.65,30,0.3937,"получил 30 тыс. KZT, 2 перевода от 2 плательщиков; исходящих переводов 0, они проверены обходом на колене 3; сумма ниже медианы графа 50 тыс. KZT — мелкий получатель","R4a.terminal: исходящих переводов нет, они проверены обходом (depth <= 3)",3,False,2,0,30000.0,0.0,2,0,0.0003312208709043073,0.0,-0.0,4.53688e-05,0.0,30000.0,0.0,0,False,observed_sink,1.0,,,1,1,False,False,False,0.0,0,1877,False
100000002612809100,transit,0.6,37,0.4102,отдал 114 тыс. KZT на 3 получателей при поступлениях 30 тыс. KZT: 84 тыс. KZT пришло вне выборки (собраны только исходящие); удержания нет,"R3b.transit: pass_through > 1.2 — отдал больше, чем получил по данным, приток извне выборки",3,False,1,3,30000.0,114000.0,2,4,0.00042829267239375183,1.5851748110966993e-06,0.0,0.0,3.8,0.0,84000.0,0,False,observed_forwarder,0.0,4.0,0.13157894736842105,1,1,False,False,False,0.0,7,1877,True
100000008769097100,terminal,0.65,0,0.2853,"получил 31 тыс. KZT, 1 перевод от 1 плательщика; исходящих переводов 0, они проверены обходом на колене 3; сумма ниже медианы графа 50 тыс. KZT — мелкий получатель","R4a.terminal: исходящих переводов нет, они проверены обходом (depth <= 3)",3,False,1,0,31100.0,0.0,1,0,0.000290423313149877,0.0,-0.0,0.0,0.0,31100.0,0.0,0,False,observed_sink,1.0,,,1,1,False,False,False,0.0,0,270,False
100000004488265100,terminal,0.65,5,0.305,"получил 39 тыс. KZT, 1 перевод от 1 плательщика; исходящих переводов 0, они проверены обходом на колене 3; сумма ниже медианы графа 50 тыс. KZT — мелкий получатель","R4a.terminal: исходящих переводов нет, они проверены обходом (depth <= 3)",3,False,1,0,38740.0,0.0,1,0,0.0002934512958019911,0.0,-0.0,0.0016044118,0.0,38740.0,0.0,0,False,observed_sink,1.0,,,1,1,False,False,False,0.0,0,1877,False
100000002509598100,terminal,0.9,12,0.4636,"получил 306 тыс. KZT, 1 перевод от 1 плательщика; исходящих переводов 0, они проверены обходом на колене 3","R4a.terminal: исходящих переводов нет, они проверены обходом (depth <= 3)",3,False,1,0,305550.0,0.0,1,0,0.00030012320541723803,0.0,-0.0,3.794e-07,0.0,305550.0,0.0,0,False,observed_sink,1.0,,,1,1,False,False,False,0.0,0,1877,False
100000008706846100,terminal,0.65,0,0.2054,"получил 14 тыс. KZT, 1 перевод от 1 плательщика; исходящих переводов 0, они проверены обходом на колене 3; сумма ниже медианы графа 50 тыс. KZT — мелкий получатель","R4a.terminal: исходящих переводов нет, они проверены обходом (depth <= 3)",3,False,1,0,14200.0,0.0,1,0,0.00028778559868168673,0.0,-0.0,0.0,0.0,14200.0,0.0,0,False,observed_sink,1.0,,,1,1,False,False,False,0.0,0,270,False
100000001280798100,terminal,0.65,8,0.2654,"получил 24 тыс. KZT, 1 перевод от 1 плательщика; исходящих переводов 0, они проверены обходом на колене 3; сумма ниже медианы графа 50 тыс. KZT — мелкий получатель","R4a.terminal: исходящих переводов нет, они проверены обходом (depth <= 3)",3,False,1,0,23785.0,0.0,1,0,0.00029443116298655665,0.0,-0.0,6.407e-07,0.0,23785.0,0.0,0,False,observed_sink,1.0,,,1,1,False,False,False,0.0,0,1877,False
100000006664478100,transit,0.773,27,0.4439,"пропускает 109% полученного: вход 55 тыс. KZT от 1, выход 60 тыс. KZT на 2, деньги лежат 7 дн.","R3a.transit: pass_through в [0.8, 1.2] — прошло почти всё полученное",3,False,1,2,55000.0,60000.0,3,2,0.0006168426303113105,1.1888811083225246e-06,0.0,0.0,1.0909090909090908,0.0,5000.0,0,False,observed_forwarder,0.0,7.0,0.6666666666666666,1,2,False,False,False,0.5,2,1877,True
100000003781406100,terminal,0.65,11,0.416,"получил 45 тыс. KZT, 2 перевода от 1 плательщика; исходящих переводов 0, они проверены обходом на колене 3; сумма ниже медианы графа 50 тыс. KZT — мелкий получатель","R4a.terminal: исходящих переводов нет, они проверены обходом (depth <= 3)",3,False,1,0,45000.0,0.0,2,0,0.0007228806641155297,0.0,-0.0,0.0,0.0,45000.0,0.0,0,False,observed_sink,1.0,,,1,2,False,False,False,0.5,0,1877,False
100000008708595100,terminal,0.65,0,0.2226,"получил 17 тыс. KZT, 1 перевод от 1 плательщика; исходящих переводов 0, они проверены обходом на колене 3; сумма ниже медианы графа 50 тыс. KZT — мелкий получатель","R4a.terminal: исходящих переводов нет, они проверены обходом (depth <= 3)",3,False,1,0,17200.0,0.0,1,0,0.00028825383201923533,0.0,-0.0,0.0,0.0,17200.0,0.0,0,False,observed_sink,1.0,,,1,1,False,False,False,0.0,0,270,False
100000004611571100,terminal,0.65,1,0.2422,"получил 23 тыс. KZT, 1 перевод от 1 плательщика; исходящих переводов 0, они проверены обходом на колене 3; сумма ниже медианы графа 50 тыс. KZT — мелкий получатель","R4a.terminal: исходящих переводов нет, они проверены обходом (depth <= 3)",3,False,1,0,22550.0,0.0,1,0,0.0002868393094743359,0.0,-0.0,0.0029057817,0.0,22550.0,0.0,0,False,observed_sink,1.0,,,1,1,False,False,False,0.0,0,1877,False
100000008576243100,terminal,0.9,1,0.5582,"получил 83 тыс. KZT, 4 перевода от 2 плательщиков; исходящих переводов 0, они проверены обходом на колене 3","R4a.terminal: исходящих переводов нет, они проверены обходом (depth <= 3)",3,False,2,0,82920.0,0.0,4,0,0.0016515737888683456,0.0,-0.0,9.24432e-05,0.0,82920.0,0.0,0,False,observed_sink,1.0,,,2,1,False,False,False,0.5,0,1877,False
100000008662216100,terminal,0.65,0,0.2685,"получил 26 тыс. KZT, 1 перевод от 1 плательщика; исходящих переводов 0, они проверены обходом на колене 3; сумма ниже медианы графа 50 тыс. KZT — мелкий получатель","R4a.terminal: исходящих переводов нет, они проверены обходом (depth <= 3)",3,False,1,0,26200.0,0.0,1,0,0.000289658532031881,0.0,-0.0,0.0,0.0,26200.0,0.0,0,False,observed_sink,1.0,,,1,1,False,False,False,0.0,0,270,False
100000002681544100,terminal,0.9,7,0.577,"получил 166 тыс. KZT, 2 перевода от 2 плательщиков; исходящих переводов 0, они проверены обходом на колене 3","R4a.terminal: исходящих переводов нет, они проверены обходом (depth <= 3)",3,False,2,0,166072.0,0.0,2,0,0.00033571724351569586,0.0,-0.0,0.0017127237,0.0,166072.0,0.0,0,False,observed_sink,1.0,,,2,1,False,False,False,0.5,0,1877,False
100000007864477100,transit,0.6,1,0.5113,отдал 204 тыс. KZT на 6 получателей при поступлениях 76 тыс. KZT: 128 тыс. KZT пришло вне выборки (собраны только исходящие); удержания нет,"R3b.transit: pass_through > 1.2 — отдал больше, чем получил по данным, приток извне выборки",3,False,2,6,76000.0,203500.0,2,10,0.00030477469496319144,7.54197319634361e-05,0.0011108515,0.0013712521,2.6776315789473686,0.0,127500.0,0,False,observed_forwarder,0.0,2.0,0.371007371007371,1,1,False,False,False,0.0,130,1877,True
100000004746397100,terminal,0.85,6,0.4761,"из 220 тыс. KZT дальше ушло только 3% (8 тыс. KZT на 1 получателя), осело 212 тыс. KZT — сумма остановилась здесь",R4b.terminal: дальше уходит не более 26% полученного — сумма осела,3,False,1,1,219520.0,7500.0,1,1,0.00029268375611003295,0.0006677699345145905,8.15236e-05,0.0029401741,0.03416545189504373,212020.0,0.0,0,False,observed_forwarder,0.0,,,1,1,False,False,False,0.0,1595,1877,False
100000003814002100,terminal,0.65,6,0.2701,"получил 30 тыс. KZT, 1 перевод от 1 плательщика; исходящих переводов 0, они проверены обходом на колене 3; сумма ниже медианы графа 50 тыс. KZT — мелкий получатель","R4a.terminal: исходящих переводов нет, они проверены обходом (depth <= 3)",3,False,1,0,30000.0,0.0,1,0,0.00028654156943951265,0.0,-0.0,0.0029401741,0.0,30000.0,0.0,0,False,observed_sink,1.0,,,1,1,False,False,False,0.0,0,1877,False
100000003962994100,terminal,0.65,38,0.238,"получил 10 тыс. KZT, 1 перевод от 1 плательщика; исходящих переводов 0, они проверены обходом на колене 3; сумма ниже медианы графа 50 тыс. KZT — мелкий получатель","R4a.terminal: исходящих переводов нет, они проверены обходом (depth <= 3)",3,False,1,0,10000.0,0.0,1,0,0.00048122982573492034,0.0,-0.0,0.0,0.0,10000.0,0.0,0,False,observed_sink,1.0,,,1,1,False,False,False,0.0,0,1877,False
100000003366471100,terminal,0.85,5,0.705,"из 330 тыс. KZT дальше ушло только 6% (20 тыс. KZT на 1 получателя), осело 310 тыс. KZT — сумма остановилась здесь | сквозной транзит за 0 дн. (100% суммы)",R4b.terminal: дальше уходит не более 26% полученного — сумма осела,3,False,2,1,329789.0,20000.0,5,1,0.00036049115115409467,1.922024458454748e-05,0.0,0.0027423192,0.0606448365470043,309789.0,0.0,0,False,observed_forwarder,0.0,0.0,1.0,2,1,True,False,False,1.0,1,1877,True
100000003561031100,peripheral,0.5,5,0.2033,"вход 13 тыс. KZT от 1, выход 5 тыс. KZT на 1, пропуск 38% — смешанный профиль: плательщиков меньше 4, получателей меньше 11, пропуск вне зон транзита и осаждения",R5.peripheral,3,False,1,1,13300.0,5000.0,1,1,0.00028827529889143894,1.922024458454748e-05,0.0,0.0016044118,0.37593984962406013,8300.0,0.0,0,False,observed_forwarder,0.0,,,1,1,False,False,False,0.0,1,1877,True
100000001690439100,terminal,0.65,6,0.2557,"получил 14 тыс. KZT, 1 перевод от 1 плательщика; исходящих переводов 0, они проверены обходом на колене 3; сумма ниже медианы графа 50 тыс. KZT — мелкий получатель","R4a.terminal: исходящих переводов нет, они проверены обходом (depth <= 3)",3,False,1,0,14200.0,0.0,1,0,0.00047706727238734246,0.0,-0.0,9.31552e-05,0.0,14200.0,0.0,0,False,observed_sink,1.0,,,1,1,False,False,False,0.0,0,1877,False
100000002954780100,terminal,0.9,4,0.4005,"получил 133 тыс. KZT, 1 перевод от 1 плательщика; исходящих переводов 0, они проверены обходом на колене 3","R4a.terminal: исходящих переводов нет, они проверены обходом (depth <= 3)",3,False,1,0,133400.0,0.0,1,0,0.0002924420224811522,0.0,-0.0,3.2207e-06,0.0,133400.0,0.0,0,False,observed_sink,1.0,,,1,1,False,False,False,0.0,0,1877,False
100000008720668100,terminal,0.65,0,0.217,"получил 16 тыс. KZT, 1 перевод от 1 плательщика; исходящих переводов 0, они проверены обходом на колене 3; сумма ниже медианы графа 50 тыс. KZT — мелкий получатель","R4a.terminal: исходящих переводов нет, они проверены обходом (depth <= 3)",3,False,1,0,16000.0,0.0,1,0,0.00028806653868421585,0.0,-0.0,0.0,0.0,16000.0,0.0,0,False,observed_sink,1.0,,,1,1,False,False,False,0.0,0,270,False
100000002459164100,terminal,0.65,1,0.2902,"получил 20 тыс. KZT, 1 перевод от 1 плательщика; исходящих переводов 0, они проверены обходом на колене 3; сумма ниже медианы графа 50 тыс. KZT — мелкий получатель","R4a.terminal: исходящих переводов нет, они проверены обходом (depth <= 3)",3,False,1,0,20000.0,0.0,1,0,0.0005418286835835163,0.0,-0.0,0.0,0.0,20000.0,0.0,0,False,observed_sink,1.0,,,1,1,False,False,False,0.0,0,1877,False
100000005082652100,terminal,0.65,7,0.3196,"получил 30 тыс. KZT, 1 перевод от 1 плательщика; исходящих переводов 0, они проверены обходом на колене 3; сумма ниже медианы графа 50 тыс. KZT — мелкий получатель","R4a.terminal: исходящих переводов нет, они проверены обходом (depth <= 3)",3,False,1,0,30000.0,0.0,1,0,0.00040800365167801807,0.0,-0.0,3.5e-08,0.0,30000.0,0.0,0,False,observed_sink,1.0,,,1,1,False,False,False,0.0,0,1877,False
100000005041905100,transit,0.6,0,0.4112,отдал 1.1 млн KZT на 1 получателя при поступлениях 5 тыс. KZT: 1.1 млн KZT пришло вне выборки (собраны только исходящие); удержания нет,"R3b.transit: pass_through > 1.2 — отдал больше, чем получил по данным, приток извне выборки",3,False,1,1,5000.0,1080351.0,1,5,0.00028634968311320444,0.0,0.0,0.0,216.0702,0.0,1075351.0,0,False,observed_forwarder,0.0,,,1,1,False,False,False,0.0,269,270,False
100000008653041100,terminal,0.65,0,0.2734,"получил 28 тыс. KZT, 1 перевод от 1 плательщика; исходящих переводов 0, они проверены обходом на колене 3; сумма ниже медианы графа 50 тыс. KZT — мелкий получатель","R4a.terminal: исходящих переводов нет, они проверены обходом (depth <= 3)",3,False,1,0,28000.0,0.0,1,0,0.00028993947203441017,0.0,-0.0,0.0,0.0,28000.0,0.0,0,False,observed_sink,1.0,,,1,1,False,False,False,0.0,0,270,False
100000008722417100,transit,0.6,6,0.4649,отдал 720 тыс. KZT на 3 получателей при поступлениях 332 тыс. KZT: 388 тыс. KZT пришло вне выборки (собраны только исходящие); удержания нет,"R3b.transit: pass_through > 1.2 — отдал больше, чем получил по данным, приток извне выборки",3,False,1,3,331900.0,720000.0,1,6,0.0002963258990924784,5.7660733753642434e-05,0.0,0.0029401741,2.16932811087677,0.0,388100.0,0,False,observed_forwarder,0.0,6.5,0.3611111111111111,1,1,False,False,False,0.0,3,1877,True
100000008625905100,transit,0.6,57,0.4987,отдал 635 тыс. KZT на 2 получателей при поступлениях 198 тыс. KZT: 437 тыс. KZT пришло вне выборки (собраны только исходящие); удержания нет,"R3b.transit: pass_through > 1.2 — отдал больше, чем получил по данным, приток извне выборки",3,False,1,2,197800.0,635000.0,1,2,0.0005453128171044582,3.962937027741748e-05,0.0,0.0,3.210313447927199,0.0,437200.0,0,False,observed_forwarder,0.0,,,1,1,False,False,False,0.0,2,1877,True
100000007487729100,terminal,0.65,5,0.2707,"получил 25 тыс. KZT, 1 перевод от 1 плательщика; исходящих переводов 0, они проверены обходом на колене 3; сумма ниже медианы графа 50 тыс. KZT — мелкий получатель","R4a.terminal: исходящих переводов нет, они проверены обходом (depth <= 3)",3,False,1,0,25000.0,0.0,1,0,0.0002941149149674846,0.0,-0.0,0.0001610543,0.0,25000.0,0.0,0,False,observed_sink,1.0,,,1,1,False,False,False,0.0,0,1877,False
100000000838385100,peripheral,0.5,28,0.6271,"вход 437 тыс. KZT от 1, выход 178 тыс. KZT на 2, пропуск 41% — смешанный профиль: плательщиков меньше 4, получателей меньше 11 | дробление: 4 перевода от одного плательщика за день",R5.peripheral,3,False,1,2,436900.0,177500.0,8,6,0.0019211545642599033,2.1796153652579615e-05,0.0,0.0,0.40627145799954223,259400.0,0.0,0,False,observed_forwarder,0.0,11.0,0.6901408450704225,1,4,False,False,True,1.0,2,1877,True
100000004750321100,terminal,0.9,8,0.437,"получил 50 тыс. KZT, 2 перевода от 2 плательщиков; исходящих переводов 0, они проверены обходом на колене 3","R4a.terminal: исходящих переводов нет, они проверены обходом (depth <= 3)",3,False,2,0,50185.0,0.0,2,0,0.0003125361003811254,0.0,-0.0,0.0001097007,0.0,50185.0,0.0,0,False,observed_sink,1.0,,,1,1,False,False,False,0.0,0,1877,False
100000008664774100,terminal,0.65,0,0.2183,"получил 16 тыс. KZT, 1 перевод от 1 плательщика; исходящих переводов 0, они проверены обходом на колене 3; сумма ниже медианы графа 50 тыс. KZT — мелкий получатель","R4a.terminal: исходящих переводов нет, они проверены обходом (depth <= 3)",3,False,1,0,16300.0,0.0,1,0,0.0002881133620179708,0.0,-0.0,0.0,0.0,16300.0,0.0,0,False,observed_sink,1.0,,,1,1,False,False,False,0.0,0,270,False
100000006274203100,coordinator,0.8,16,0.8609,получает 3.4 млн KZT (топ-5% графа) от 2 плательщиков; 2 из них сами собирают от 4+ плательщиков; отдаёт дальше 2% | дробление: 4 перевода от одного плательщика за день,"R6.coordinator: >= 2 плательщиков-сборщиков (in_deg >= 4) либо >= 2 seed-плательщиков, при in_kzt в топ-5% (614 тыс. KZT) и не seed",3,False,2,3,3417512.0,72000.0,41,3,0.0006321051467844558,3.734276532549144e-05,0.0019068782,0.0029636818,0.02106795821053445,3345512.0,0.0,0,False,observed_forwarder,0.0,0.0,0.06944444444444445,1,4,False,False,True,1.0,3,1877,True
100000002185328100,transit,0.6,21,0.3744,отдал 55 тыс. KZT на 4 получателей при поступлениях 15 тыс. KZT: 40 тыс. KZT пришло вне выборки (собраны только исходящие); удержания нет,"R3b.transit: pass_through > 1.2 — отдал больше, чем получил по данным, приток извне выборки",3,False,1,4,15000.0,55000.0,1,4,0.0003518471698066015,6.162367078138419e-05,0.0,0.0,3.6666666666666665,0.0,40000.0,0,False,observed_forwarder,0.0,21.0,0.0,1,1,False,False,False,0.0,5,1877,True
100000008254576100,transit,0.6,35,0.343,отдал 60 тыс. KZT на 1 получателя при поступлениях 8 тыс. KZT: 52 тыс. KZT пришло вне выборки (собраны только исходящие); удержания нет,"R3b.transit: pass_through > 1.2 — отдал больше, чем получил по данным, приток извне выборки",3,False,1,1,8000.0,60000.0,1,1,0.00029167108817849073,1.9616538287321655e-05,0.0,0.0,7.5,0.0,52000.0,0,False,observed_forwarder,0.0,,,1,1,False,False,False,0.0,1,1877,True
100000001689968100,terminal,0.9,6,0.5834,"получил 344 тыс. KZT, 3 перевода от 3 плательщиков; исходящих переводов 0, они проверены обходом на колене 3","R4a.terminal: исходящих переводов нет, они проверены обходом (depth <= 3)",3,False,3,0,344333.75,0.0,3,0,0.0003391431091830108,0.0,-0.0,0.0040488916,0.0,344333.75,0.0,0,False,observed_sink,1.0,,,1,1,False,False,False,0.0,0,1877,False
100000002236528100,terminal,0.9,7,0.3696,"получил 66 тыс. KZT, 1 перевод от 1 плательщика; исходящих переводов 0, они проверены обходом на колене 3","R4a.terminal: исходящих переводов нет, они проверены обходом (depth <= 3)",3,False,1,0,66000.0,0.0,1,0,0.0003072417833612635,0.0,-0.0,0.0001083119,0.0,66000.0,0.0,0,False,observed_sink,1.0,,,1,1,False,False,False,0.0,0,1877,False
100000002670960100,terminal,0.9,12,0.4896,"получил 480 тыс. KZT, 1 перевод от 1 плательщика; исходящих переводов 0, они проверены обходом на колене 3","R4a.terminal: исходящих переводов нет, они проверены обходом (depth <= 3)",3,False,1,0,480310.0,0.0,1,0,0.0003084473471986253,0.0,-0.0,3.794e-07,0.0,480310.0,0.0,0,False,observed_sink,1.0,,,1,1,False,False,False,0.0,0,1877,False
100000003557488100,terminal,0.792,31,0.6521,"из 665 тыс. KZT дальше ушло только 21% (138 тыс. KZT на 2 получателей), осело 527 тыс. KZT — сумма остановилась здесь | сквозной транзит за 2 дн. (86% суммы)",R4b.terminal: дальше уходит не более 26% полученного — сумма осела,3,False,1,2,664992.0,138000.0,3,4,0.0005809718147261454,1.981468513870874e-05,0.0,4.74736e-05,0.20752129348924497,526992.0,0.0,0,False,observed_forwarder,0.0,1.5,0.855072463768116,1,1,True,False,False,0.855072463768116,10,1877,True
100000003888197100,terminal,0.9,6,0.3576,"получил 83 тыс. KZT, 1 перевод от 1 плательщика; исходящих переводов 0, они проверены обходом на колене 3","R4a.terminal: исходящих переводов нет, они проверены обходом (depth <= 3)",3,False,1,0,83167.0,0.0,1,0,0.0002882646679975095,0.0,-0.0,0.0029401741,0.0,83167.0,0.0,0,False,observed_sink,1.0,,,1,1,False,False,False,0.0,0,1877,False
100000002799941100,terminal,0.9,16,0.5156,"получил 600 тыс. KZT, 1 перевод от 1 плательщика; исходящих переводов 0, они проверены обходом на колене 3","R4a.terminal: исходящих переводов нет, они проверены обходом (depth <= 3)",3,False,1,0,600000.0,0.0,1,0,0.0003881784929365055,0.0,-0.0,8.44807e-05,0.0,600000.0,0.0,0,False,observed_sink,1.0,,,1,1,False,False,False,0.0,0,1877,False
100000001632325100,terminal,0.9,0,0.4316,"получил 86 тыс. KZT, 3 перевода от 1 плательщика; исходящих переводов 0, они проверены обходом на колене 3","R4a.terminal: исходящих переводов нет, они проверены обходом (depth <= 3)",3,False,1,0,85600.0,0.0,3,0,0.0002989295521153426,0.0,-0.0,0.0,0.0,85600.0,0.0,0,False,observed_sink,1.0,,,1,2,False,False,False,0.5,0,270,False
100000008620570100,terminal,0.781,5,0.5507,"из 145 тыс. KZT дальше ушло только 22% (32 тыс. KZT на 2 получателей), осело 113 тыс. KZT — сумма остановилась здесь",R4b.terminal: дальше уходит не более 26% полученного — сумма осела,3,False,2,2,145000.0,31800.0,2,2,0.00034853843958794993,3.308344750837977e-05,3.4032e-06,0.0003810594,0.2193103448275862,113200.0,0.0,0,False,observed_forwarder,0.0,0.0,0.31446540880503143,1,1,False,False,False,0.0,2,1877,True
100000005308954100,peripheral,0.5,3,0.3777,"вход 69 тыс. KZT от 1, выход 30 тыс. KZT на 1, пропуск 43% — смешанный профиль: плательщиков меньше 4, получателей меньше 11, пропуск вне зон транзита и осаждения",R5.peripheral,3,False,1,1,69020.0,30000.0,1,1,0.0003594505153223273,1.981468513870874e-05,0.0,1.01236e-05,0.43465662126919735,39020.0,0.0,0,False,observed_forwarder,0.0,5.0,0.0,1,1,False,False,False,0.0,1,1877,True
100000008468762100,terminal,0.9,20,0.5708,"получил 170 тыс. KZT, 2 перевода от 2 плательщиков; исходящих переводов 0, они проверены обходом на колене 3","R4a.terminal: исходящих переводов нет, они проверены обходом (depth <= 3)",3,False,2,0,170000.0,0.0,2,0,0.00031040507384099927,0.0,-0.0,1.3212e-06,0.0,170000.0,0.0,0,False,observed_sink,1.0,,,2,1,False,False,False,0.5,0,1877,False
100000002305007100,terminal,0.9,0,0.348,"получил 56 тыс. KZT, 1 перевод от 1 плательщика; исходящих переводов 0, они проверены обходом на колене 3","R4a.terminal: исходящих переводов нет, они проверены обходом (depth <= 3)",3,False,1,0,56000.0,0.0,1,0,0.0002943096498515301,0.0,-0.0,0.0,0.0,56000.0,0.0,0,False,observed_sink,1.0,,,1,1,False,False,False,0.0,0,270,False
100000008314863100,terminal,0.65,2,0.2491,"получил 12 тыс. KZT, 1 перевод от 1 плательщика; исходящих переводов 0, они проверены обходом на колене 3; сумма ниже медианы графа 50 тыс. KZT — мелкий получатель","R4a.terminal: исходящих переводов нет, они проверены обходом (depth <= 3)",3,False,1,0,12000.0,0.0,1,0,0.0005170968391841071,0.0,-0.0,0.0,0.0,12000.0,0.0,0,False,observed_sink,1.0,,,1,1,False,False,False,0.0,0,1877,False
100000005709551100,terminal,0.65,10,0.2684,"получил 25 тыс. KZT, 1 перевод от 1 плательщика; исходящих переводов 0, они проверены обходом на колене 3; сумма ниже медианы графа 50 тыс. KZT — мелкий получатель","R4a.terminal: исходящих переводов нет, они проверены обходом (depth <= 3)",3,False,1,0,24560.0,0.0,1,0,0.00029466084362895616,0.0,-0.0,0.0002594601,0.0,24560.0,0.0,0,False,observed_sink,1.0,,,1,1,False,False,False,0.0,0,1877,False
100000008297199100,terminal,0.65,1,0.3164,"получил 42 тыс. KZT, 1 перевод от 1 плательщика; исходящих переводов 0, они проверены обходом на колене 3; сумма ниже медианы графа 50 тыс. KZT — мелкий получатель","R4a.terminal: исходящих переводов нет, они проверены обходом (depth <= 3)",3,False,1,0,42268.0,0.0,1,0,0.0002965958116631627,0.0,-0.0,0.0011379074,0.0,42268.0,0.0,0,False,observed_sink,1.0,,,1,1,False,False,False,0.0,0,1877,False
100000003271151100,terminal,0.9,5,0.416,"получил 127 тыс. KZT, 1 перевод от 1 плательщика; исходящих переводов 0, они проверены обходом на колене 3","R4a.terminal: исходящих переводов нет, они проверены обходом (depth <= 3)",3,False,1,0,127294.0,0.0,1,0,0.0003114684039158683,0.0,-0.0,0.0016044118,0.0,127294.0,0.0,0,False,observed_sink,1.0,,,1,1,False,False,False,0.0,0,1877,False
100000007005380100,terminal,0.65,6,0.2069,"получил 9 тыс. KZT, 1 перевод от 1 плательщика; исходящих переводов 0, они проверены обходом на колене 3; сумма ниже медианы графа 50 тыс. KZT — мелкий получатель","R4a.terminal: исходящих переводов нет, они проверены обходом (depth <= 3)",3,False,1,0,9400.0,0.0,1,0,0.00030309570708396725,0.0,-0.0,0.0001069424,0.0,9400.0,0.0,0,False,observed_sink,1.0,,,1,1,False,False,False,0.0,0,1877,False
100000004451012100,peripheral,0.5,16,0.3715,"вход 91 тыс. KZT от 1, выход 66 тыс. KZT на 3, пропуск 72% — смешанный профиль: плательщиков меньше 4, получателей меньше 11, пропуск вне зон транзита и осаждения",R5.peripheral,3,False,1,3,91245.0,65740.0,1,3,0.00030117358811251486,5.7660733753642434e-05,0.0,8.44807e-05,0.7204778344018851,25505.0,0.0,0,False,observed_forwarder,0.0,,,1,1,False,False,False,0.0,3,1877,True
100000004779204100,peripheral,0.5,1,0.2593,"вход 30 тыс. KZT от 1, выход 20 тыс. KZT на 1, пропуск 66% — смешанный профиль: плательщиков меньше 4, получателей меньше 11, пропуск вне зон транзита и осаждения",R5.peripheral,3,False,1,1,30450.0,20000.0,1,2,0.0002872842372140548,1.922024458454748e-05,0.0,0.0029057817,0.6568144499178982,10450.0,0.0,0,False,observed_forwarder,0.0,0.0,0.5,1,1,False,False,False,0.0,1,1877,True
100000002793881100,terminal,0.9,4,0.7246,"получил 786 тыс. KZT, 3 перевода от 3 плательщиков; исходящих переводов 0, они проверены обходом на колене 3 | 3 плательщика в один день","R4a.terminal: исходящих переводов нет, они проверены обходом (depth <= 3)",3,False,3,0,785600.0,0.0,3,0,0.0003750831470797373,0.0,-0.0,5.2775e-06,0.0,785600.0,0.0,0,False,observed_sink,1.0,,,3,1,False,True,False,1.0,0,1877,False
100000008671129100,terminal,0.65,0,0.2685,"получил 26 тыс. KZT, 1 перевод от 1 плательщика; исходящих переводов 0, они проверены обходом на колене 3; сумма ниже медианы графа 50 тыс. KZT — мелкий получатель","R4a.terminal: исходящих переводов нет, они проверены обходом (depth <= 3)",3,False,1,0,26200.0,0.0,1,0,0.000289658532031881,0.0,-0.0,0.0,0.0,26200.0,0.0,0,False,observed_sink,1.0,,,1,1,False,False,False,0.0,0,270,False
100000002095257100,terminal,0.65,11,0.2248,"получил 8 тыс. KZT, 1 перевод от 1 плательщика; исходящих переводов 0, они проверены обходом на колене 3; сумма ниже медианы графа 50 тыс. KZT — мелкий получатель","R4a.terminal: исходящих переводов нет, они проверены обходом (depth <= 3)",3,False,1,0,8500.0,0.0,1,0,0.00039673382024222074,0.0,-0.0,1.0252e-06,0.0,8500.0,0.0,0,False,observed_sink,1.0,,,1,1,False,False,False,0.0,0,1877,False
100000002194329100,terminal,0.65,1,0.2563,"получил 25 тыс. KZT, 1 перевод от 1 плательщика; исходящих переводов 0, они проверены обходом на колене 3; сумма ниже медианы графа 50 тыс. KZT — мелкий получатель","R4a.terminal: исходящих переводов нет, они проверены обходом (depth <= 3)",3,False,1,0,25170.0,0.0,1,0,0.00028698686778801477,0.0,-0.0,0.0029057817,0.0,25170.0,0.0,0,False,observed_sink,1.0,,,1,1,False,False,False,0.0,0,1877,False
100000001884825100,terminal,0.9,4,0.6527,"получил 495 тыс. KZT, 3 перевода от 3 плательщиков; исходящих переводов 0, они проверены обходом на колене 3","R4a.terminal: исходящих переводов нет, они проверены обходом (depth <= 3)",3,False,3,0,495000.0,0.0,3,0,0.0003400964668098235,0.0,-0.0,3.5733e-06,0.0,495000.0,0.0,0,False,observed_sink,1.0,,,2,1,False,False,False,0.5,0,1877,False
100000008692291100,transit,0.938,4,0.5869,"пропускает 98% полученного: вход 160 тыс. KZT от 3, выход 156 тыс. KZT на 3, деньги лежат 2 дн.","R3a.transit: pass_through в [0.8, 1.2] — прошло почти всё полученное",3,False,3,3,160000.0,156000.0,3,3,0.0003078529865771743,6.419957984941633e-05,0.0,7.5033e-06,0.975,4000.0,0.0,0,False,observed_forwarder,0.0,2.0,0.1346153846153846,2,1,False,False,False,0.5,3,1877,True
100000002697752100,terminal,0.9,5,0.5312,"получил 191 тыс. KZT, 2 перевода от 2 плательщиков; исходящих переводов 0, они проверены обходом на колене 3","R4a.terminal: исходящих переводов нет, они проверены обходом (depth <= 3)",3,False,2,0,190785.0,0.0,2,0,0.000329580043041525,0.0,-0.0,0.0027423192,0.0,190785.0,0.0,0,False,observed_sink,1.0,,,1,1,False,False,False,0.0,0,1877,False
100000007170072100,transit,0.988,5,0.516,"пропускает 100% полученного: вход 100 тыс. KZT от 1, выход 100 тыс. KZT на 2, деньги лежат 2 дн. | сквозной транзит за 2 дн. (100% суммы)","R3a.transit: pass_through в [0.8, 1.2] — прошло почти всё полученное",3,False,1,2,100000.0,99500.0,1,9,0.0003076581045462551,3.844048916909496e-05,0.0,0.0001302804,0.995,500.0,0.0,0,False,observed_forwarder,0.0,2.0,1.0,1,1,True,False,False,1.0,2,1877,True
100000002373144100,terminal,0.768,1,0.3413,"из 46 тыс. KZT дальше ушло только 23% (11 тыс. KZT на 1 получателя), осело 36 тыс. KZT — сумма остановилась здесь",R4b.terminal: дальше уходит не более 26% полученного — сумма осела,3,False,1,1,46468.0,10764.0,1,1,0.00028969018116006015,1.922024458454748e-05,0.0,0.0011319384,0.2316432813979513,35704.0,0.0,0,False,observed_forwarder,0.0,5.0,0.0,1,1,False,False,False,0.0,1,1877,True
100000000287768100,terminal,0.65,1,0.2886,"получил 35 тыс. KZT, 1 перевод от 1 плательщика; исходящих переводов 0, они проверены обходом на колене 3; сумма ниже медианы графа 50 тыс. KZT — мелкий получатель","R4a.terminal: исходящих переводов нет, они проверены обходом (depth <= 3)",3,False,1,0,35168.0,0.0,1,0,0.0002886880716986394,0.0,-0.0,0.0011319384,0.0,35168.0,0.0,0,False,observed_sink,1.0,,,1,1,False,False,False,0.0,0,1877,False
100000004508696100,transit,0.6,38,0.5171,отдал 111 тыс. KZT на 3 получателей при поступлениях 7 тыс. KZT: 104 тыс. KZT пришло вне выборки (собраны только исходящие); удержания нет | сквозной транзит за 0 дн. (95% суммы),"R3b.transit: pass_through > 1.2 — отдал больше, чем получил по данным, приток извне выборки",3,False,1,3,7000.0,111000.0,1,4,0.00042253166627963126,3.923307657464331e-05,0.0,0.0,15.857142857142858,0.0,104000.0,0,False,observed_forwarder,0.0,0.0,0.954954954954955,1,1,True,False,False,0.954954954954955,5,1877,True
100000008688109100,terminal,0.65,0,0.1998,"получил 13 тыс. KZT, 1 перевод от 1 плательщика; исходящих переводов 0, они проверены обходом на колене 3; сумма ниже медианы графа 50 тыс. KZT — мелкий получатель","R4a.terminal: исходящих переводов нет, они проверены обходом (depth <= 3)",3,False,1,0,12800.0,0.0,1,0,0.0002875670897908307,0.0,-0.0,0.0,0.0,12800.0,0.0,0,False,observed_sink,1.0,,,1,1,False,False,False,0.0,0,270,False
100000008724461100,transit,0.6,4,0.4867,отдал 130 тыс. KZT на 1 получателя при поступлениях 100 тыс. KZT: 30 тыс. KZT пришло вне выборки (собраны только исходящие); удержания нет | сквозной транзит за 0 дн. (100% суммы),"R3b.transit: pass_through > 1.2 — отдал больше, чем получил по данным, приток извне выборки",3,False,1,1,100111.0,130000.0,1,1,0.00029072698311701655,2.2390594206740877e-05,0.0,3.2207e-06,1.298558599954051,0.0,29889.0,0,False,observed_forwarder,0.0,0.0,1.0,1,1,True,False,False,1.0,1,1877,True
100000001714413100,terminal,0.9,6,0.4434,"получил 250 тыс. KZT, 1 перевод от 1 плательщика; исходящих переводов 0, они проверены обходом на колене 3","R4a.terminal: исходящих переводов нет, они проверены обходом (depth <= 3)",3,False,1,0,250172.0,0.0,1,0,0.00029367716211375173,0.0,-0.0,0.0029401741,0.0,250172.0,0.0,0,False,observed_sink,1.0,,,1,1,False,False,False,0.0,0,1877,False
100000008672493100,terminal,0.65,0,0.2042,"получил 14 тыс. KZT, 1 перевод от 1 плательщика; исходящих переводов 0, они проверены обходом на колене 3; сумма ниже медианы графа 50 тыс. KZT — мелкий получатель","R4a.terminal: исходящих переводов нет, они проверены обходом (depth <= 3)",3,False,1,0,14000.0,0.0,1,0,0.0002877543831258502,0.0,-0.0,0.0,0.0,14000.0,0.0,0,False,observed_sink,1.0,,,1,1,False,False,False,0.0,0,270,False
100000003241965100,terminal,0.65,8,0.2192,"получил 15 тыс. KZT, 1 перевод от 1 плательщика; исходящих переводов 0, они проверены обходом на колене 3; сумма ниже медианы графа 50 тыс. KZT — мелкий получатель","R4a.terminal: исходящих переводов нет, они проверены обходом (depth <= 3)",3,False,1,0,15000.0,0.0,1,0,0.00029115802793766007,0.0,-0.0,6.407e-07,0.0,15000.0,0.0,0,False,observed_sink,1.0,,,1,1,False,False,False,0.0,0,1877,False
100000002241986100,transit,0.6,39,0.4842,отдал 3.1 млн KZT на 6 получателей при поступлениях 280 тыс. KZT: 2.8 млн KZT пришло вне выборки (собраны только исходящие); удержания нет,"R3b.transit: pass_through > 1.2 — отдал больше, чем получил по данным, приток извне выборки",3,False,1,6,280000.0,3077000.0,1,12,0.00029464386295803346,0.00011532146750728487,0.0,0.0029401741,10.989285714285714,0.0,2797000.0,0,False,observed_forwarder,0.0,,,1,1,False,False,False,0.0,6,1877,True
100000004140994100,terminal,0.65,0,0.2303,"получил 19 тыс. KZT, 1 перевод от 1 плательщика; исходящих переводов 0, они проверены обходом на колене 3; сумма ниже медианы графа 50 тыс. KZT — мелкий получатель","R4a.terminal: исходящих переводов нет, они проверены обходом (depth <= 3)",3,False,1,0,18650.0,0.0,1,0,0.00028848014479905044,0.0,-0.0,0.0,0.0,18650.0,0.0,0,False,observed_sink,1.0,,,1,1,False,False,False,0.0,0,270,False
100000008489922100,distributor,1.0,4,0.7134,"веер на 36 получателей, 41 перевод на 3.8 млн KZT; отдал на 3.5 млн KZT больше, чем получил в выборке",R1.distributor: out_deg >= 11,3,False,3,36,262010.0,3789900.0,5,41,0.0005858952858663079,0.0008721882963004519,6.84778e-05,3.8464e-06,14.464715087210411,0.0,3527890.0,0,False,observed_forwarder,0.0,4.0,0.2690572310615056,2,2,False,False,False,0.5,334,1877,True
100000001252290100,terminal,0.85,6,0.4306,"из 141 тыс. KZT дальше ушло только 4% (5 тыс. KZT на 1 получателя), осело 136 тыс. KZT — сумма остановилась здесь",R4b.terminal: дальше уходит не более 26% полученного — сумма осела,3,False,1,1,141005.0,5000.0,1,1,0.0002901391498076063,1.922024458454748e-05,0.0,0.0029401741,0.03545973547037339,136005.0,0.0,0,False,observed_forwarder,0.0,,,1,1,False,False,False,0.0,1,1877,True
100000008667799100,terminal,0.65,0,0.2914,"получил 34 тыс. KZT, 1 перевод от 1 плательщика; исходящих переводов 0, они проверены обходом на колене 3; сумма ниже медианы графа 50 тыс. KZT — мелкий получатель","R4a.terminal: исходящих переводов нет, они проверены обходом (depth <= 3)",3,False,1,0,34000.0,0.0,1,0,0.00029087593870950727,0.0,-0.0,0.0,0.0,34000.0,0.0,0,False,observed_sink,1.0,,,1,1,False,False,False,0.0,0,270,False
100000008684951100,terminal,0.65,0,0.2226,"получил 17 тыс. KZT, 1 перевод от 1 плательщика; исходящих переводов 0, они проверены обходом на колене 3; сумма ниже медианы графа 50 тыс. KZT — мелкий получатель","R4a.terminal: исходящих переводов нет, они проверены обходом (depth <= 3)",3,False,1,0,17200.0,0.0,1,0,0.00028825383201923533,0.0,-0.0,0.0,0.0,17200.0,0.0,0,False,observed_sink,1.0,,,1,1,False,False,False,0.0,0,270,False
100000006126743100,terminal,0.9,6,0.3295,"получил 55 тыс. KZT, 1 перевод от 1 плательщика; исходящих переводов 0, они проверены обходом на колене 3","R4a.terminal: исходящих переводов нет, они проверены обходом (depth <= 3)",3,False,1,0,55000.0,0.0,1,0,0.0002873517987913648,0.0,-0.0,0.0029401741,0.0,55000.0,0.0,0,False,observed_sink,1.0,,,1,1,False,False,False,0.0,0,1877,False
100000003009900100,terminal,0.65,8,0.2263,"получил 16 тыс. KZT, 1 перевод от 1 плательщика; исходящих переводов 0, они проверены обходом на колене 3; сумма ниже медианы графа 50 тыс. KZT — мелкий получатель","R4a.terminal: исходящих переводов нет, они проверены обходом (depth <= 3)",3,False,1,0,15998.0,0.0,1,0,0.0002915298650211887,0.0,-0.0,6.407e-07,0.0,15998.0,0.0,0,False,observed_sink,1.0,,,1,1,False,False,False,0.0,0,1877,False
100000001745217100,terminal,0.9,1,0.3267,"получил 50 тыс. KZT, 1 перевод от 1 плательщика; исходящих переводов 0, они проверены обходом на колене 3","R4a.terminal: исходящих переводов нет, они проверены обходом (depth <= 3)",3,False,1,0,50000.0,0.0,1,0,0.000290003406878444,0.0,-0.0,0.0011319384,0.0,50000.0,0.0,0,False,observed_sink,1.0,,,1,1,False,False,False,0.0,0,1877,False
100000002886166100,terminal,0.9,24,0.4964,"получил 185 тыс. KZT, 3 перевода от 1 плательщика; исходящих переводов 0, они проверены обходом на колене 3","R4a.terminal: исходящих переводов нет, они проверены обходом (depth <= 3)",3,False,1,0,185000.0,0.0,3,0,0.00032459115017370436,0.0,-0.0,0.0,0.0,185000.0,0.0,0,False,observed_sink,1.0,,,1,2,False,False,False,0.5,0,17,False
100000002956779100,terminal,0.9,2,0.5003,"получил 411 тыс. KZT, 1 перевод от 1 плательщика; исходящих переводов 0, они проверены обходом на колене 3","R4a.terminal: исходящих переводов нет, они проверены обходом (depth <= 3)",3,False,1,0,411000.0,0.0,1,0,0.00040310724815078425,0.0,-0.0,3.78e-06,0.0,411000.0,0.0,0,False,observed_sink,1.0,,,1,1,False,False,False,0.0,0,1877,False
100000008568512100,terminal,0.9,6,0.4252,"получил 200 тыс. KZT, 1 перевод от 1 плательщика; исходящих переводов 0, они проверены обходом на колене 3","R4a.terminal: исходящих переводов нет, они проверены обходом (depth <= 3)",3,False,1,0,199640.0,0.0,1,0,0.0002920394617294402,0.0,-0.0,0.0029401741,0.0,199640.0,0.0,0,False,observed_sink,1.0,,,1,1,False,False,False,0.0,0,1877,False
100000008583360100,transit,0.6,8,0.4202,отдал 170 тыс. KZT на 1 получателя при поступлениях 113 тыс. KZT: 57 тыс. KZT пришло вне выборки (собраны только исходящие); удержания нет,"R3b.transit: pass_through > 1.2 — отдал больше, чем получил по данным, приток извне выборки",3,False,1,1,112843.0,170000.0,1,1,0.0003276125928311366,1.922024458454748e-05,0.0,6.407e-07,1.5065179054083992,0.0,57157.0,0,False,observed_forwarder,0.0,5.0,0.0,1,1,False,False,False,0.0,1,1877,True
100000001130176100,terminal,0.65,1,0.3128,"получил 25 тыс. KZT, 2 перевода от 1 плательщика; исходящих переводов 0, они проверены обходом на колене 3; сумма ниже медианы графа 50 тыс. KZT — мелкий получатель","R4a.terminal: исходящих переводов нет, они проверены обходом (depth <= 3)",3,False,1,0,25000.0,0.0,2,0,0.0005580456003895453,0.0,-0.0,0.0,0.0,25000.0,0.0,0,False,observed_sink,1.0,,,1,1,False,False,False,0.0,0,1877,False
100000001145749100,terminal,0.65,2,0.2379,"получил 10 тыс. KZT, 1 перевод от 1 плательщика; исходящих переводов 0, они проверены обходом на колене 3; сумма ниже медианы графа 50 тыс. KZT — мелкий получатель","R4a.terminal: исходящих переводов нет, они проверены обходом (depth <= 3)",3,False,1,0,10000.0,0.0,1,0,0.0004785089150229709,0.0,-0.0,0.0,0.0,10000.0,0.0,0,False,observed_sink,1.0,,,1,1,False,False,False,0.0,0,1877,False
100000005367445100,transit,1.0,4,0.3561,"пропускает 100% полученного: вход 5 тыс. KZT от 1, выход 5 тыс. KZT на 1, деньги лежат 1 дн. | сквозной транзит за 1 дн. (100% суммы)","R3a.transit: pass_through в [0.8, 1.2] — прошло почти всё полученное",3,False,1,1,5000.0,5000.0,1,1,0.0018429964605732548,0.0,9.847e-07,0.0,1.0,0.0,0.0,0,False,observed_forwarder,0.0,1.0,1.0,1,1,True,False,False,1.0,1,1877,False
100000003917461100,transit,0.6,11,0.422,отдал 140 тыс. KZT на 2 получателей при поступлениях 10 тыс. KZT: 130 тыс. KZT пришло вне выборки (собраны только исходящие); удержания нет,"R3b.transit: pass_through > 1.2 — отдал больше, чем получил по данным, приток извне выборки",3,False,1,2,10000.0,140000.0,1,5,0.0003991316698685005,2.0210978841482916e-05,0.0,0.0,14.0,0.0,130000.0,0,False,observed_forwarder,0.0,0.0,0.07142857142857142,1,1,False,False,False,0.0,6,1877,True
100000008200810100,terminal,0.9,12,0.4885,"получил 475 тыс. KZT, 1 перевод от 1 плательщика; исходящих переводов 0, они проверены обходом на колене 3","R4a.terminal: исходящих переводов нет, они проверены обходом (depth <= 3)",3,False,1,0,475000.0,0.0,1,0,0.0003081944220849885,0.0,-0.0,3.794e-07,0.0,475000.0,0.0,0,False,observed_sink,1.0,,,1,1,False,False,False,0.0,0,1877,False
100000002554175100,terminal,0.65,8,0.2688,"получил 25 тыс. KZT, 1 перевод от 1 плательщика; исходящих переводов 0, они проверены обходом на колене 3; сумма ниже медианы графа 50 тыс. KZT — мелкий получатель","R4a.terminal: исходящих переводов нет, они проверены обходом (depth <= 3)",3,False,1,0,24621.0,0.0,1,0,0.0002947426417459053,0.0,-0.0,6.407e-07,0.0,24621.0,0.0,0,False,observed_sink,1.0,,,1,1,False,False,False,0.0,0,1877,False
100000008751380100,terminal,0.9,4,0.5606,"получил 346 тыс. KZT, 2 перевода от 2 плательщиков; исходящих переводов 0, они проверены обходом на колене 3","R4a.terminal: исходящих переводов нет, они проверены обходом (depth <= 3)",3,False,2,0,345780.0,0.0,2,0,0.0003127638118830448,0.0,-0.0,1.9821e-06,0.0,345780.0,0.0,0,False,observed_sink,1.0,,,1,1,False,False,False,0.0,0,1877,False
100000004071444100,peripheral,0.5,1,0.4489,"вход 247 тыс. KZT от 1, выход 100 тыс. KZT на 1, пропуск 40% — смешанный профиль: плательщиков меньше 4, получателей меньше 11, пропуск вне зон транзита и осаждения",R5.peripheral,3,False,1,1,247350.0,100000.0,1,1,0.0003075048495520183,1.922024458454748e-05,0.0,0.0011319384,0.40428542551041036,147350.0,0.0,0,False,observed_forwarder,0.0,,,1,1,False,False,False,0.0,1,1877,True
100000001141268100,terminal,0.85,20,0.727,"из 480 тыс. KZT дальше ушло только 2% (10 тыс. KZT на 1 получателя), осело 470 тыс. KZT — сумма остановилась здесь | сквозной транзит за 1 дн. (100% суммы)",R4b.terminal: дальше уходит не более 26% полученного — сумма осела,3,False,2,1,480000.0,10000.0,2,1,0.0003648625677100086,2.2390594206740877e-05,0.0,4.396e-07,0.020833333333333332,470000.0,0.0,0,False,observed_forwarder,0.0,1.0,1.0,2,1,True,False,False,1.0,1,1877,True
100000002645993100,transit,0.6,1,0.5592,отдал 87 тыс. KZT на 5 получателей при поступлениях 50 тыс. KZT: 37 тыс. KZT пришло вне выборки (собраны только исходящие); удержания нет | сквозной транзит за 0 дн. (100% суммы),"R3b.transit: pass_through > 1.2 — отдал больше, чем получил по данным, приток извне выборки",3,False,2,5,49650.0,86980.0,4,9,0.0002933085935851196,9.387624077821862e-05,0.0005629114,0.0035485973,1.7518630412890233,0.0,37330.0,0,False,observed_forwarder,0.0,0.0,1.0,2,3,True,False,True,1.0,1595,1877,False
100000002546921100,terminal,0.65,13,0.2443,"получил 20 тыс. KZT, 1 перевод от 1 плательщика; исходящих переводов 0, они проверены обходом на колене 3; сумма ниже медианы графа 50 тыс. KZT — мелкий получатель","R4a.terminal: исходящих переводов нет, они проверены обходом (depth <= 3)",3,False,1,0,20000.0,0.0,1,0,0.0002912223270400019,0.0,-0.0,2.44138e-05,0.0,20000.0,0.0,0,False,observed_sink,1.0,,,1,1,False,False,False,0.0,0,1877,False
100000008753897100,terminal,0.65,0,0.2567,"получил 24 тыс. KZT, 1 перевод от 1 плательщика; исходящих переводов 0, они проверены обходом на колене 3; сумма ниже медианы графа 50 тыс. KZT — мелкий получатель","R4a.terminal: исходящих переводов нет, они проверены обходом (depth <= 3)",3,False,1,0,24050.0,0.0,1,0,0.0002893229648066379,0.0,-0.0,0.0,0.0,24050.0,0.0,0,False,observed_sink,1.0,,,1,1,False,False,False,0.0,0,270,False
100000000870121100,terminal,0.65,10,0.2294,"получил 12 тыс. KZT, 1 перевод от 1 плательщика; исходящих переводов 0, они проверены обходом на колене 3; сумма ниже медианы графа 50 тыс. KZT — мелкий получатель","R4a.terminal: исходящих переводов нет, они проверены обходом (depth <= 3)",3,False,1,0,12000.0,0.0,1,0,0.00031567480064349947,0.0,-0.0,4.26e-08,0.0,12000.0,0.0,0,False,observed_sink,1.0,,,1,1,False,False,False,0.0,0,1877,False
100000003171006100,terminal,0.9,4,0.6357,"получил 485 тыс. KZT, 2 перевода от 2 плательщиков; исходящих переводов 0, они проверены обходом на колене 3","R4a.terminal: исходящих переводов нет, они проверены обходом (depth <= 3)",3,False,2,0,485000.0,0.0,2,0,0.00033496794429429064,0.0,-0.0,4.4969e-06,0.0,485000.0,0.0,0,False,observed_sink,1.0,,,2,1,False,False,False,0.5,0,1877,False
100000001690558100,terminal,0.9,16,0.523,"получил 740 тыс. KZT, 1 перевод от 1 плательщика; исходящих переводов 0, они проверены обходом на колене 3","R4a.terminal: исходящих переводов нет, они проверены обходом (depth <= 3)",3,False,1,0,740000.0,0.0,1,0,0.0004121206393043224,0.0,-0.0,8.44807e-05,0.0,740000.0,0.0,0,False,observed_sink,1.0,,,1,1,False,False,False,0.0,0,1877,False
100000008667795100,terminal,0.65,0,0.2914,"получил 34 тыс. KZT, 1 перевод от 1 плательщика; исходящих переводов 0, они проверены обходом на колене 3; сумма ниже медианы графа 50 тыс. KZT — мелкий получатель","R4a.terminal: исходящих переводов нет, они проверены обходом (depth <= 3)",3,False,1,0,34000.0,0.0,1,0,0.00029087593870950727,0.0,-0.0,0.0,0.0,34000.0,0.0,0,False,observed_sink,1.0,,,1,1,False,False,False,0.0,0,270,False
100000005674387100,terminal,0.65,0,0.2685,"получил 26 тыс. KZT, 1 перевод от 1 плательщика; исходящих переводов 0, они проверены обходом на колене 3; сумма ниже медианы графа 50 тыс. KZT — мелкий получатель","R4a.terminal: исходящих переводов нет, они проверены обходом (depth <= 3)",3,False,1,0,26200.0,0.0,1,0,0.000289658532031881,0.0,-0.0,0.0,0.0,26200.0,0.0,0,False,observed_sink,1.0,,,1,1,False,False,False,0.0,0,270,False
100000003636627100,terminal,0.85,7,0.4158,"из 77 тыс. KZT дальше ушло только 13% (10 тыс. KZT на 1 получателя), осело 67 тыс. KZT — сумма остановилась здесь | дробление: 8 поступлений по 10 тыс. в среднем",R4b.terminal: дальше уходит не более 26% полученного — сумма осела,3,False,1,1,77000.0,10000.0,8,1,0.001976312410294793,0.0,1.24232e-05,0.0,0.12987012987012986,67000.0,0.0,0,False,observed_forwarder,0.0,3.0,0.0,1,1,False,False,True,0.0,1,1877,False
100000001275752100,terminal,0.9,4,0.4116,"получил 152 тыс. KZT, 1 перевод от 1 плательщика; исходящих переводов 0, они проверены обходом на колене 3","R4a.terminal: исходящих переводов нет, они проверены обходом (depth <= 3)",3,False,1,0,151500.0,0.0,1,0,0.00029337452908966726,0.0,-0.0,3.2207e-06,0.0,151500.0,0.0,0,False,observed_sink,1.0,,,1,1,False,False,False,0.0,0,1877,False
100000002459240100,terminal,0.9,6,0.404,"получил 150 тыс. KZT, 1 перевод от 1 плательщика; исходящих переводов 0, они проверены обходом на колене 3","R4a.terminal: исходящих переводов нет, они проверены обходом (depth <= 3)",3,False,1,0,150000.0,0.0,1,0,0.00029043067032840264,0.0,-0.0,0.0029401741,0.0,150000.0,0.0,0,False,observed_sink,1.0,,,1,1,False,False,False,0.0,0,1877,False
100000002644285100,terminal,0.9,12,0.4926,"получил 500 тыс. KZT, 1 перевод от 1 плательщика; исходящих переводов 0, они проверены обходом на колене 3","R4a.terminal: исходящих переводов нет, они проверены обходом (depth <= 3)",3,False,1,0,500000.0,0.0,1,0,0.00030938521828855153,0.0,-0.0,3.794e-07,0.0,500000.0,0.0,0,False,observed_sink,1.0,,,1,1,False,False,False,0.0,0,1877,False
100000005186109100,terminal,0.65,14,0.2226,"получил 5 тыс. KZT, 1 перевод от 1 плательщика; исходящих переводов 0, они проверены обходом на колене 3; сумма ниже медианы графа 50 тыс. KZT — мелкий получатель","R4a.terminal: исходящих переводов нет, они проверены обходом (depth <= 3)",3,False,1,0,5000.0,0.0,1,0,0.0006059178330672794,0.0,-0.0,0.0,0.0,5000.0,0.0,0,False,observed_sink,1.0,,,1,1,False,False,False,0.0,0,1877,False
100000005317181100,terminal,0.85,1,0.4578,"из 141 тыс. KZT дальше ушло только 10% (14 тыс. KZT на 1 получателя), осело 127 тыс. KZT — сумма остановилась здесь",R4b.terminal: дальше уходит не более 26% полученного — сумма осела,3,False,1,1,141250.0,14500.0,1,1,0.00032241739654599024,1.922024458454748e-05,0.0,0.0011379074,0.10265486725663717,126750.0,0.0,0,False,observed_forwarder,0.0,,,1,1,False,False,False,0.0,1,1877,True
100000003001661100,transit,0.6,28,0.4892,отдал 440 тыс. KZT на 5 получателей при поступлениях 110 тыс. KZT: 330 тыс. KZT пришло вне выборки (собраны только исходящие); удержания нет,"R3b.transit: pass_through > 1.2 — отдал больше, чем получил по данным, приток извне выборки",3,False,1,5,110000.0,439500.0,1,8,0.0005464870342921854,8.322167758257671e-05,1.6e-09,0.0,3.9954545454545456,0.0,329500.0,0,False,observed_forwarder,0.0,8.5,0.0,1,1,False,False,False,0.0,13,1877,True
100000000288317100,peripheral,0.5,5,0.4808,"вход 100 тыс. KZT от 2, выход 54 тыс. KZT на 3, пропуск 54% — смешанный профиль: плательщиков меньше 4, получателей меньше 11, пропуск вне зон транзита и осаждения",R5.peripheral,3,False,2,3,100000.0,53500.0,2,3,0.0003128334856204937,5.8255174307803695e-05,0.0,0.0017654661,0.535,46500.0,0.0,0,False,observed_forwarder,0.0,2.5,0.308411214953271,1,1,False,False,False,0.0,3,1877,True
100000004368189100,terminal,0.85,12,0.5856,"из 385 тыс. KZT дальше ушло только 7% (28 тыс. KZT на 2 получателей), осело 356 тыс. KZT — сумма остановилась здесь | сквозной транзит за 1 дн. (77% суммы)",R4b.terminal: дальше уходит не более 26% полученного — сумма осела,3,False,1,2,384600.0,28200.0,1,2,0.0003038885030129045,2.774055919419224e-06,0.0,3.794e-07,0.07332293291731669,356400.0,0.0,0,False,observed_forwarder,0.0,1.0,0.7695035460992907,1,1,True,False,False,0.7695035460992907,2,1877,True
100000004493586100,terminal,0.65,1,0.1786,"получил 8 тыс. KZT, 1 перевод от 1 плательщика; исходящих переводов 0, они проверены обходом на колене 3; сумма ниже медианы графа 50 тыс. KZT — мелкий получатель","R4a.terminal: исходящих переводов нет, они проверены обходом (depth <= 3)",3,False,1,0,7500.0,0.0,1,0,0.0002886397366507129,0.0,-0.0,0.0006428157,0.0,7500.0,0.0,0,False,observed_sink,1.0,,,1,1,False,False,False,0.0,0,1877,False
100000004114962100,terminal,0.9,6,0.5475,"получил 165 тыс. KZT, 2 перевода от 2 плательщиков; исходящих переводов 0, они проверены обходом на колене 3","R4a.terminal: исходящих переводов нет, они проверены обходом (depth <= 3)",3,False,2,0,165000.0,0.0,2,0,0.0007112908662345276,0.0,-0.0,0.0029636818,0.0,165000.0,0.0,0,False,observed_sink,1.0,,,1,1,False,False,False,0.0,0,1877,False
100000008088082100,transit,0.6,10,0.3402,отдал 50 тыс. KZT на 1 получателя при поступлениях 39 тыс. KZT: 11 тыс. KZT пришло вне выборки (собраны только исходящие); удержания нет,"R3b.transit: pass_through > 1.2 — отдал больше, чем получил по данным, приток извне выборки",3,False,1,1,39138.0,50000.0,1,1,0.0003000572852952129,1.922024458454748e-05,0.0,0.0002594601,1.2775307884920026,0.0,10862.0,0,False,observed_forwarder,0.0,20.0,0.0,1,1,False,False,False,0.0,1,1877,True
100000008595687100,terminal,0.838,3,0.5105,"из 64 тыс. KZT дальше ушло только 16% (10 тыс. KZT на 1 получателя), осело 54 тыс. KZT — сумма остановилась здесь | сквозной транзит за 1 дн. (100% суммы)",R4b.terminal: дальше уходит не более 26% полученного — сумма осела,3,False,1,1,64395.0,10400.0,1,1,0.00030485762729909273,0.00030108414068267934,5.3164e-06,5.25698e-05,0.161503222299868,53995.0,0.0,0,False,observed_forwarder,0.0,1.0,1.0,1,1,True,False,False,1.0,1595,1877,False
100000001248999100,terminal,0.65,15,0.2517,"получил 23 тыс. KZT, 1 перевод от 1 плательщика; исходящих переводов 0, они проверены обходом на колене 3; сумма ниже медианы графа 50 тыс. KZT — мелкий получатель","R4a.terminal: исходящих переводов нет, они проверены обходом (depth <= 3)",3,False,1,0,23425.0,0.0,1,0,0.00028925636689373647,0.0,-0.0,0.0002333446,0.0,23425.0,0.0,0,False,observed_sink,1.0,,,1,1,False,False,False,0.0,0,1877,False
100000002736316100,terminal,0.9,1,0.6274,"получил 267 тыс. KZT, 3 перевода от 3 плательщиков; исходящих переводов 0, они проверены обходом на колене 3","R4a.terminal: исходящих переводов нет, они проверены обходом (depth <= 3)",3,False,3,0,266921.0,0.0,3,0,0.0003838232724141563,0.0,-0.0,0.0025066876,0.0,266921.0,0.0,0,False,observed_sink,1.0,,,2,1,False,False,False,0.5,0,1877,False
100000008596924100,terminal,0.9,7,0.4184,"получил 100 тыс. KZT, 1 перевод от 1 плательщика; исходящих переводов 0, они проверены обходом на колене 3","R4a.terminal: исходящих переводов нет, они проверены обходом (depth <= 3)",3,False,1,0,100000.0,0.0,1,0,0.0004160204242994214,0.0,-0.0,0.0,0.0,100000.0,0.0,0,False,observed_sink,1.0,,,1,1,False,False,False,0.0,0,1877,False
100000008598972100,terminal,0.9,19,0.399,"получил 120 тыс. KZT, 1 перевод от 1 плательщика; исходящих переводов 0, они проверены обходом на колене 3","R4a.terminal: исходящих переводов нет, они проверены обходом (depth <= 3)",3,False,1,0,120000.0,0.0,1,0,0.0002941160150228167,0.0,-0.0,7.93604e-05,0.0,120000.0,0.0,0,False,observed_sink,1.0,,,1,1,False,False,False,0.0,0,1877,False
100000002769809100,terminal,0.9,16,0.4255,"получил 113 тыс. KZT, 1 перевод от 1 плательщика; исходящих переводов 0, они проверены обходом на колене 3","R4a.terminal: исходящих переводов нет, они проверены обходом (depth <= 3)",3,False,1,0,113422.0,0.0,1,0,0.0003777442594632966,0.0,-0.0,0.0,0.0,113422.0,0.0,0,False,observed_sink,1.0,,,1,1,False,False,False,0.0,0,1877,False
100000003089553100,terminal,0.9,4,0.4236,"получил 150 тыс. KZT, 1 перевод от 1 плательщика; исходящих переводов 0, они проверены обходом на колене 3","R4a.terminal: исходящих переводов нет, они проверены обходом (depth <= 3)",3,False,1,0,150000.0,0.0,1,0,0.00030709199718265064,0.0,-0.0,2.613e-07,0.0,150000.0,0.0,0,False,observed_sink,1.0,,,1,1,False,False,False,0.0,0,1877,False
100000002343825100,terminal,0.743,4,0.6678,"из 350 тыс. KZT дальше ушло только 26% (90 тыс. KZT на 2 получателей), осело 260 тыс. KZT — сумма остановилась здесь",R4b.terminal: дальше уходит не более 26% полученного — сумма осела,3,False,3,2,350000.0,89800.0,4,2,0.00033359725354762716,4.279971989961088e-05,0.0,3.6175e-06,0.25657142857142856,260200.0,0.0,0,False,observed_forwarder,0.0,3.0,0.5567928730512249,2,1,False,False,False,0.5,2,1877,True
100000002015633100,terminal,0.9,6,0.3686,"получил 95 тыс. KZT, 1 перевод от 1 плательщика; исходящих переводов 0, они проверены обходом на колене 3","R4a.terminal: исходящих переводов нет, они проверены обходом (depth <= 3)",3,False,1,0,94970.0,0.0,1,0,0.00028864719347910584,0.0,-0.0,0.0029401741,0.0,94970.0,0.0,0,False,observed_sink,1.0,,,1,1,False,False,False,0.0,0,1877,False
100000002906470100,terminal,0.9,16,0.4151,"получил 130 тыс. KZT, 1 перевод от 1 плательщика; исходящих переводов 0, они проверены обходом на колене 3","R4a.terminal: исходящих переводов нет, они проверены обходом (depth <= 3)",3,False,1,0,130000.0,0.0,1,0,0.0003078012872731202,0.0,-0.0,8.44807e-05,0.0,130000.0,0.0,0,False,observed_sink,1.0,,,1,1,False,False,False,0.0,0,1877,False
100000005628518100,terminal,0.9,16,0.4059,"получил 77 тыс. KZT, 3 перевода от 1 плательщика; исходящих переводов 0, они проверены обходом на колене 3","R4a.terminal: исходящих переводов нет, они проверены обходом (depth <= 3)",3,False,1,0,77000.0,0.0,3,0,0.0005329929869212501,0.0,-0.0,0.0,0.0,77000.0,0.0,0,False,observed_sink,1.0,,,1,1,False,False,False,0.0,0,1877,False
100000002958139100,terminal,0.9,4,0.4405,"получил 210 тыс. KZT, 2 перевода от 1 плательщика; исходящих переводов 0, они проверены обходом на колене 3","R4a.terminal: исходящих переводов нет, они проверены обходом (depth <= 3)",3,False,1,0,209500.0,0.0,2,0,0.0003002731747363869,0.0,-0.0,1.9662e-06,0.0,209500.0,0.0,0,False,observed_sink,1.0,,,1,1,False,False,False,0.0,0,1877,False
100000008754747100,terminal,0.65,0,0.3164,"получил 46 тыс. KZT, 1 перевод от 1 плательщика; исходящих переводов 0, они проверены обходом на колене 3; сумма ниже медианы графа 50 тыс. KZT — мелкий получатель","R4a.terminal: исходящих переводов нет, они проверены обходом (depth <= 3)",3,False,1,0,45500.0,0.0,1,0,0.00029267083317011014,0.0,-0.0,0.0,0.0,45500.0,0.0,0,False,observed_sink,1.0,,,1,1,False,False,False,0.0,0,270,False
100000008776720100,terminal,0.65,0,0.2671,"получил 26 тыс. KZT, 1 перевод от 1 плательщика; исходящих переводов 0, они проверены обходом на колене 3; сумма ниже медианы графа 50 тыс. KZT — мелкий получатель","R4a.terminal: исходящих переводов нет, они проверены обходом (depth <= 3)",3,False,1,0,26150.0,0.0,1,0,0.00028965072814292185,0.0,-0.0,0.0,0.0,26150.0,0.0,0,False,observed_sink,1.0,,,1,1,False,False,False,0.0,0,270,False
100000008576528100,terminal,0.65,6,0.2636,"получил 28 тыс. KZT, 1 перевод от 1 плательщика; исходящих переводов 0, они проверены обходом на колене 3; сумма ниже медианы графа 50 тыс. KZT — мелкий получатель","R4a.terminal: исходящих переводов нет, они проверены обходом (depth <= 3)",3,False,1,0,28000.0,0.0,1,0,0.00028647675109136453,0.0,-0.0,0.0029401741,0.0,28000.0,0.0,0,False,observed_sink,1.0,,,1,1,False,False,False,0.0,0,1877,False
100000004603109100,terminal,0.85,23,0.7945,"из 2.7 млн KZT дальше ушло только 15% (400 тыс. KZT на 2 получателей), осело 2.3 млн KZT — сумма остановилась здесь | сквозной транзит за 0 дн. (100% суммы)",R4b.terminal: дальше уходит не более 26% полученного — сумма осела,3,False,3,2,2730000.0,400000.0,8,2,0.00317836527963168,6.93513979854806e-07,0.0,0.0,0.14652014652014653,2330000.0,0.0,0,False,observed_forwarder,0.0,0.0,1.0,2,2,True,False,False,1.0,4,1877,False
100000008721637100,transit,0.6,7,0.385,отдал 127 тыс. KZT на 2 получателей при поступлениях 24 тыс. KZT: 103 тыс. KZT пришло вне выборки (собраны только исходящие); удержания нет,"R3b.transit: pass_through > 1.2 — отдал больше, чем получил по данным, приток извне выборки",3,False,1,2,24041.0,127000.0,1,2,0.0002904606519895616,7.331450401719378e-05,2.17256e-05,0.0016044118,5.282642152988644,0.0,102959.0,0,False,observed_forwarder,0.0,0.0,0.09448818897637795,1,1,False,False,False,0.0,7,1877,False
100000004491749100,terminal,0.9,7,0.3601,"получил 50 тыс. KZT, 1 перевод от 1 плательщика; исходящих переводов 0, они проверены обходом на колене 3","R4a.terminal: исходящих переводов нет, они проверены обходом (depth <= 3)",3,False,1,0,50000.0,0.0,1,0,0.0003507948592583558,0.0,-0.0,0.0,0.0,50000.0,0.0,0,False,observed_sink,1.0,,,1,1,False,False,False,0.0,0,1877,False
100000005171642100,transit,0.953,27,0.7167,"пропускает 98% полученного: вход 697 тыс. KZT от 2, выход 684 тыс. KZT на 1, деньги лежат 2 дн. | сквозной транзит за 2 дн. (96% суммы)","R3a.transit: pass_through в [0.8, 1.2] — прошло почти всё полученное",3,False,2,1,696800.0,683600.0,5,4,0.002767182224758268,3.962937027741748e-07,1.26261e-05,0.0,0.9810562571756601,13200.0,0.0,0,False,observed_forwarder,0.0,2.0,0.96255119953189,1,1,True,False,False,0.96255119953189,4,1877,False
100000008682426100,terminal,0.65,13,0.2443,"получил 20 тыс. KZT, 1 перевод от 1 плательщика; исходящих переводов 0, они проверены обходом на колене 3; сумма ниже медианы графа 50 тыс. KZT — мелкий получатель","R4a.terminal: исходящих переводов нет, они проверены обходом (depth <= 3)",3,False,1,0,20000.0,0.0,1,0,0.0002912223270400019,0.0,-0.0,2.44138e-05,0.0,20000.0,0.0,0,False,observed_sink,1.0,,,1,1,False,False,False,0.0,0,1877,False
100000006209210100,terminal,0.9,7,0.4635,"получил 229 тыс. KZT, 1 перевод от 1 плательщика; исходящих переводов 0, они проверены обходом на колене 3","R4a.terminal: исходящих переводов нет, они проверены обходом (depth <= 3)",3,False,1,0,229111.0,0.0,1,0,0.00036080271331221227,0.0,-0.0,0.0001083119,0.0,229111.0,0.0,0,False,observed_sink,1.0,,,1,1,False,False,False,0.0,0,1877,False
100000003888527100,terminal,0.65,42,0.3158,"получил 30 тыс. KZT, 1 перевод от 1 плательщика; исходящих переводов 0, они проверены обходом на колене 3; сумма ниже медианы графа 50 тыс. KZT — мелкий получатель","R4a.terminal: исходящих переводов нет, они проверены обходом (depth <= 3)",3,False,1,0,30000.0,0.0,1,0,0.0003666748083508467,0.0,-0.0,2.42844e-05,0.0,30000.0,0.0,0,False,observed_sink,1.0,,,1,1,False,False,False,0.0,0,1877,False
100000008490127100,transit,0.6,6,0.5281,отдал 923 тыс. KZT на 6 получателей при поступлениях 432 тыс. KZT: 491 тыс. KZT пришло вне выборки (собраны только исходящие); удержания нет,"R3b.transit: pass_through > 1.2 — отдал больше, чем получил по данным, приток извне выборки",3,False,1,6,431755.0,923000.0,2,9,0.00029956211716964596,0.00011532146750728487,0.0,0.0029401741,2.137786476126507,0.0,491245.0,0,False,observed_forwarder,0.0,,,1,2,False,False,False,0.5,6,1877,True
100000004336228100,terminal,0.9,5,0.3946,"получил 51 тыс. KZT, 2 перевода от 1 плательщика; исходящих переводов 0, они проверены обходом на колене 3","R4a.terminal: исходящих переводов нет, они проверены обходом (depth <= 3)",3,False,1,0,51407.0,0.0,2,0,0.00029602851093037016,0.0,-0.0,0.0016044118,0.0,51407.0,0.0,0,False,observed_sink,1.0,,,1,2,False,False,False,0.5,0,1877,False
100000006844004100,terminal,0.65,2,0.2954,"получил 21 тыс. KZT, 1 перевод от 1 плательщика; исходящих переводов 0, они проверены обходом на колене 3; сумма ниже медианы графа 50 тыс. KZT — мелкий получатель","R4a.terminal: исходящих переводов нет, они проверены обходом (depth <= 3)",3,False,1,0,20600.0,0.0,1,0,0.000545441716485238,0.0,-0.0,0.0,0.0,20600.0,0.0,0,False,observed_sink,1.0,,,1,1,False,False,False,0.0,0,1877,False
100000001688676100,terminal,0.9,16,0.4166,"получил 134 тыс. KZT, 1 перевод от 1 плательщика; исходящих переводов 0, они проверены обходом на колене 3","R4a.terminal: исходящих переводов нет, они проверены обходом (depth <= 3)",3,False,1,0,133700.0,0.0,1,0,0.00030843404399855535,0.0,-0.0,8.44807e-05,0.0,133700.0,0.0,0,False,observed_sink,1.0,,,1,1,False,False,False,0.0,0,1877,False
100000008712036100,terminal,0.65,0,0.2442,"получил 21 тыс. KZT, 1 перевод от 1 плательщика; исходящих переводов 0, они проверены обходом на колене 3; сумма ниже медианы графа 50 тыс. KZT — мелкий получатель","R4a.terminal: исходящих переводов нет, они проверены обходом (depth <= 3)",3,False,1,0,21000.0,0.0,1,0,0.00028884692758013016,0.0,-0.0,0.0,0.0,21000.0,0.0,0,False,observed_sink,1.0,,,1,1,False,False,False,0.0,0,270,False
100000004697956100,transit,1.0,7,0.2525,"пропускает 100% полученного: вход 10 тыс. KZT от 1, выход 10 тыс. KZT на 1, деньги лежат 3 дн.","R3a.transit: pass_through в [0.8, 1.2] — прошло почти всё полученное",3,False,1,1,10000.0,10000.0,1,1,0.0004681160760661767,0.0,1.24216e-05,0.0,1.0,0.0,0.0,0,False,observed_forwarder,0.0,3.0,0.0,1,1,False,False,False,0.0,3,1877,False
100000004921657100,transit,0.6,2,0.3777,отдал 22 тыс. KZT на 1 получателя при поступлениях 8 тыс. KZT: 14 тыс. KZT пришло вне выборки (собраны только исходящие); удержания нет | сквозной транзит за 0 дн. (100% суммы),"R3b.transit: pass_through > 1.2 — отдал больше, чем получил по данным, приток извне выборки",3,False,1,1,8300.0,22190.0,1,1,0.00036129622421142584,0.0,0.0,0.0,2.6734939759036145,0.0,13890.0,0,False,observed_forwarder,0.0,0.0,1.0,1,1,True,False,False,1.0,1,1877,False
100000000408846100,terminal,0.65,26,0.3131,"получил 40 тыс. KZT, 1 перевод от 1 плательщика; исходящих переводов 0, они проверены обходом на колене 3; сумма ниже медианы графа 50 тыс. KZT — мелкий получатель","R4a.terminal: исходящих переводов нет, они проверены обходом (depth <= 3)",3,False,1,0,40500.0,0.0,1,0,0.0002957255734808799,0.0,-0.0,0.0,0.0,40500.0,0.0,0,False,observed_sink,1.0,,,1,1,False,False,False,0.0,0,1877,False
100000003406094100,peripheral,0.5,3,0.3911,"вход 70 тыс. KZT от 1, выход 47 тыс. KZT на 3, пропуск 67% — смешанный профиль: плательщиков меньше 4, получателей меньше 11, пропуск вне зон транзита и осаждения",R5.peripheral,3,False,1,3,70000.0,47000.0,4,3,0.0007781507813786729,3.883678287186913e-05,1.1352e-06,0.0,0.6714285714285714,23000.0,0.0,0,False,observed_forwarder,0.0,8.0,0.14893617021276595,1,1,False,False,False,0.0,3,1877,True
100000008695566100,terminal,0.65,0,0.2904,"получил 34 тыс. KZT, 1 перевод от 1 плательщика; исходящих переводов 0, они проверены обходом на колене 3; сумма ниже медианы графа 50 тыс. KZT — мелкий получатель","R4a.terminal: исходящих переводов нет, они проверены обходом (depth <= 3)",3,False,1,0,33700.0,0.0,1,0,0.0002908291153757524,0.0,-0.0,0.0,0.0,33700.0,0.0,0,False,observed_sink,1.0,,,1,1,False,False,False,0.0,0,270,False
100000005974542100,terminal,0.9,22,0.4157,"получил 94 тыс. KZT, 3 перевода от 1 плательщика; исходящих переводов 0, они проверены обходом на колене 3","R4a.terminal: исходящих переводов нет, они проверены обходом (depth <= 3)",3,False,1,0,94500.0,0.0,3,0,0.000483047219122777,0.0,-0.0,3.1979e-06,0.0,94500.0,0.0,0,False,observed_sink,1.0,,,1,1,False,False,False,0.0,0,1877,False
100000001887715100,peripheral,0.5,20,0.7554,"вход 1.3 млн KZT от 3, выход 750 тыс. KZT на 1, пропуск 56% — смешанный профиль: плательщиков меньше 4, получателей меньше 11, пропуск вне зон транзита и осаждения | 3 плательщика в один день",R5.peripheral,3,False,3,1,1331500.0,750000.0,4,1,0.0007309294553868668,2.2588741058127966e-05,0.0,1.3426e-06,0.5632745024408562,581500.0,0.0,0,False,observed_forwarder,0.0,0.0,1.0,3,2,True,True,False,1.0,1,1877,True
100000002472632100,terminal,0.85,25,0.6982,"из 502 тыс. KZT дальше ушло только 4% (20 тыс. KZT на 1 получателя), осело 482 тыс. KZT — сумма остановилась здесь",R4b.terminal: дальше уходит не более 26% полученного — сумма осела,3,False,2,1,502400.0,20000.0,3,1,0.000985619333290865,2.0012831990095827e-05,0.0,2.5213e-06,0.03980891719745223,482400.0,0.0,0,False,observed_forwarder,0.0,,,1,2,False,False,False,0.5,1,1877,True
100000004629688100,transit,0.6,14,0.251,отдал 15 тыс. KZT на 1 получателя при поступлениях 5 тыс. KZT: 10 тыс. KZT пришло вне выборки (собраны только исходящие); удержания нет,"R3b.transit: pass_through > 1.2 — отдал больше, чем получил по данным, приток извне выборки",3,False,1,1,5000.0,15000.0,1,2,0.00038797258449924186,0.0,1.54295e-05,0.0,3.0,0.0,10000.0,0,False,observed_forwarder,0.0,3.0,0.0,1,1,False,False,False,0.0,5,1877,False
100000002459832100,terminal,0.9,19,0.61,"получил 881 тыс. KZT, 2 перевода от 2 плательщиков; исходящих переводов 0, они проверены обходом на колене 3","R4a.terminal: исходящих переводов нет, они проверены обходом (depth <= 3)",3,False,2,0,880606.0,0.0,2,0,0.00039318803670429763,0.0,-0.0,0.0002096408,0.0,880606.0,0.0,0,False,observed_sink,1.0,,,1,1,False,False,False,0.0,0,1877,False
100000006100920100,terminal,0.9,1,0.4072,"получил 100 тыс. KZT, 1 перевод от 1 плательщика; исходящих переводов 0, они проверены обходом на колене 3","R4a.terminal: исходящих переводов нет, они проверены обходом (depth <= 3)",3,False,1,0,100000.0,0.0,1,0,0.0003265085266629265,0.0,-0.0,0.0006428157,0.0,100000.0,0.0,0,False,observed_sink,1.0,,,1,1,False,False,False,0.0,0,1877,False
100000001439416100,transit,0.6,5,0.4231,отдал 165 тыс. KZT на 2 получателей при поступлениях 10 тыс. KZT: 155 тыс. KZT пришло вне выборки (собраны только исходящие); удержания нет,"R3b.transit: pass_through > 1.2 — отдал больше, чем получил по данным, приток извне выборки",3,False,1,2,10000.0,165000.0,1,3,0.0003408996759919328,1.981468513870874e-05,0.0001027929,2.3509e-06,16.5,0.0,155000.0,0,False,observed_forwarder,0.0,18.0,0.0,1,1,False,False,False,0.0,7,1877,True
100000002121357100,peripheral,0.5,4,0.5456,"вход 255 тыс. KZT от 2, выход 113 тыс. KZT на 1, пропуск 44% — смешанный профиль: плательщиков меньше 4, получателей меньше 11, пропуск вне зон транзита и осаждения",R5.peripheral,3,False,2,1,255300.0,113000.0,2,1,0.0003262737748092851,2.159800680119253e-05,0.0,5.922e-07,0.4426165295730513,142300.0,0.0,0,False,observed_forwarder,0.0,,,1,1,False,False,False,0.0,1,1877,True
100000002970466100,transit,0.6,1,0.355,отдал 93 тыс. KZT на 2 получателей при поступлениях 23 тыс. KZT: 70 тыс. KZT пришло вне выборки (собраны только исходящие); удержания нет,"R3b.transit: pass_through > 1.2 — отдал больше, чем получил по данным, приток извне выборки",3,False,1,2,23317.0,93000.0,1,3,0.0002868825068890655,3.844048916909496e-05,0.0,0.0029057817,3.9885062400823434,0.0,69683.0,0,False,observed_forwarder,0.0,3.0,0.43010752688172044,1,1,False,False,False,0.0,2,1877,True
100000002581346100,terminal,0.9,6,0.4124,"получил 166 тыс. KZT, 1 перевод от 1 плательщика; исходящих переводов 0, они проверены обходом на колене 3","R4a.terminal: исходящих переводов нет, они проверены обходом (depth <= 3)",3,False,1,0,166400.0,0.0,1,0,0.00029096218078321763,0.0,-0.0,0.0029401741,0.0,166400.0,0.0,0,False,observed_sink,1.0,,,1,1,False,False,False,0.0,0,1877,False
100000008738658100,terminal,0.65,0,0.2778,"получил 30 тыс. KZT, 1 перевод от 1 плательщика; исходящих переводов 0, они проверены обходом на колене 3; сумма ниже медианы графа 50 тыс. KZT — мелкий получатель","R4a.terminal: исходящих переводов нет, они проверены обходом (depth <= 3)",3,False,1,0,29920.0,0.0,1,0,0.00029023914137044126,0.0,-0.0,0.0,0.0,29920.0,0.0,0,False,observed_sink,1.0,,,1,1,False,False,False,0.0,0,270,False
100000005910114100,distributor,0.864,5,0.6322,"веер на 19 получателей, 56 переводов на 1.5 млн KZT; отдал на 1.1 млн KZT больше, чем получил в выборке",R1.distributor: out_deg >= 11,3,False,3,19,326144.0,1469993.0,3,56,0.0003616504127742248,0.005842206056572956,0.0049211324,0.0043031492,4.507190075549451,0.0,1143849.0,0,False,observed_forwarder,0.0,1.0,0.42215711231277975,1,1,False,False,False,0.0,1595,1877,True
100000001046626100,terminal,0.9,6,0.404,"получил 150 тыс. KZT, 1 перевод от 1 плательщика; исходящих переводов 0, они проверены обходом на колене 3","R4a.terminal: исходящих переводов нет, они проверены обходом (depth <= 3)",3,False,1,0,150000.0,0.0,1,0,0.00029043067032840264,0.0,-0.0,0.0029401741,0.0,150000.0,0.0,0,False,observed_sink,1.0,,,1,1,False,False,False,0.0,0,1877,False
100000006492770100,terminal,0.85,1,0.5906,"из 269 тыс. KZT дальше ушло только 7% (20 тыс. KZT на 1 получателя), осело 249 тыс. KZT — сумма остановилась здесь | сквозной транзит за 1 дн. (100% суммы)",R4b.terminal: дальше уходит не более 26% полученного — сумма осела,3,False,1,1,269000.0,20000.0,1,1,0.0003007193653545536,1.922024458454748e-05,0.0,0.0029057817,0.07434944237918216,249000.0,0.0,0,False,observed_forwarder,0.0,1.0,1.0,1,1,True,False,False,1.0,1,1877,True
100000001674850100,terminal,0.9,4,0.592,"получил 237 тыс. KZT, 2 перевода от 2 плательщиков; исходящих переводов 0, они проверены обходом на колене 3","R4a.terminal: исходящих переводов нет, они проверены обходом (depth <= 3)",3,False,2,0,237000.0,0.0,2,0,0.00031409364237488564,0.0,-0.0,2.4579e-06,0.0,237000.0,0.0,0,False,observed_sink,1.0,,,2,1,False,False,False,0.5,0,1877,False
100000000860514100,transit,0.6,25,0.3475,отдал 50 тыс. KZT на 1 получателя при поступлениях 12 тыс. KZT: 38 тыс. KZT пришло вне выборки (собраны только исходящие); удержания нет,"R3b.transit: pass_through > 1.2 — отдал больше, чем получил по данным, приток извне выборки",3,False,1,1,12000.0,50000.0,1,1,0.0003062893737864728,2.0012831990095827e-05,0.0,2.5007e-06,4.166666666666667,0.0,38000.0,0,False,observed_forwarder,0.0,11.0,0.0,1,1,False,False,False,0.0,1,1877,True
100000003650146100,terminal,0.65,3,0.2283,"получил 14 тыс. KZT, 1 перевод от 1 плательщика; исходящих переводов 0, они проверены обходом на колене 3; сумма ниже медианы графа 50 тыс. KZT — мелкий получатель","R4a.terminal: исходящих переводов нет, они проверены обходом (depth <= 3)",3,False,1,0,14400.0,0.0,1,0,0.0003001273511766368,0.0,-0.0,2.44752e-05,0.0,14400.0,0.0,0,False,observed_sink,1.0,,,1,1,False,False,False,0.0,0,1877,False
100000001227106100,terminal,0.9,6,0.4108,"получил 165 тыс. KZT, 1 перевод от 1 плательщика; исходящих переводов 0, они проверены обходом на колене 3","R4a.terminal: исходящих переводов нет, они проверены обходом (depth <= 3)",3,False,1,0,164765.0,0.0,1,0,0.0002909091917836065,0.0,-0.0,0.0029401741,0.0,164765.0,0.0,0,False,observed_sink,1.0,,,1,1,False,False,False,0.0,0,1877,False
100000003647799100,terminal,0.9,6,0.3746,"получил 100 тыс. KZT, 1 перевод от 1 плательщика; исходящих переводов 0, они проверены обходом на колене 3","R4a.terminal: исходящих переводов нет, они проверены обходом (depth <= 3)",3,False,1,0,100000.0,0.0,1,0,0.0002888102116246985,0.0,-0.0,0.0029401741,0.0,100000.0,0.0,0,False,observed_sink,1.0,,,1,1,False,False,False,0.0,0,1877,False
100000008293431100,transit,0.6,1,0.4148,отдал 297 тыс. KZT на 5 получателей при поступлениях 15 тыс. KZT: 282 тыс. KZT пришло вне выборки (собраны только исходящие); удержания нет,"R3b.transit: pass_through > 1.2 — отдал больше, чем получил по данным, приток извне выборки",3,False,1,5,15000.0,297000.0,1,7,0.0002868995280156364,5.6870616875245766e-05,0.0003669222,0.0011319384,19.8,0.0,282000.0,0,False,observed_forwarder,0.0,,,1,1,False,False,False,0.0,1595,1877,True
100000002975287100,terminal,0.65,15,0.2141,"получил 15 тыс. KZT, 1 перевод от 1 плательщика; исходящих переводов 0, они проверены обходом на колене 3; сумма ниже медианы графа 50 тыс. KZT — мелкий получатель","R4a.terminal: исходящих переводов нет, они проверены обходом (depth <= 3)",3,False,1,0,15000.0,0.0,1,0,0.0002891923195721382,0.0,-0.0,0.0004659018,0.0,15000.0,0.0,0,False,observed_sink,1.0,,,1,1,False,False,False,0.0,0,1877,False
100000008507703100,terminal,0.65,0,0.275,"получил 28 тыс. KZT, 1 перевод от 1 плательщика; исходящих переводов 0, они проверены обходом на колене 3; сумма ниже медианы графа 50 тыс. KZT — мелкий получатель","R4a.terminal: исходящих переводов нет, они проверены обходом (depth <= 3)",3,False,1,0,28500.0,0.0,1,0,0.00029001751092400156,0.0,-0.0,0.0,0.0,28500.0,0.0,0,False,observed_sink,1.0,,,1,1,False,False,False,0.0,0,270,False
100000001733687100,terminal,0.9,4,0.467,"получил 300 тыс. KZT, 1 перевод от 1 плательщика; исходящих переводов 0, они проверены обходом на колене 3","R4a.terminal: исходящих переводов нет, они проверены обходом (depth <= 3)",3,False,1,0,300000.0,0.0,1,0,0.00030662497037828784,0.0,-0.0,1.9662e-06,0.0,300000.0,0.0,0,False,observed_sink,1.0,,,1,1,False,False,False,0.0,0,1877,False
100000004552204100,peripheral,0.5,32,0.3043,"вход 22 тыс. KZT от 1, выход 10 тыс. KZT на 2, пропуск 44% — смешанный профиль: плательщиков меньше 4, получателей меньше 11, пропуск вне зон транзита и осаждения",R5.peripheral,3,False,1,2,22500.0,10000.0,2,2,0.0008646978335399377,2.0210978841482916e-05,0.0,0.0,0.4444444444444444,12500.0,0.0,0,False,observed_forwarder,0.0,8.0,0.0,1,1,False,False,False,0.0,2,1877,True
100000008223756100,terminal,0.9,5,0.5689,"получил 332 тыс. KZT, 2 перевода от 2 плательщиков; исходящих переводов 0, они проверены обходом на колене 3","R4a.terminal: исходящих переводов нет, они проверены обходом (depth <= 3)",3,False,2,0,331682.0,0.0,2,0,0.000356281121163305,0.0,-0.0,0.003036062,0.0,331682.0,0.0,0,False,observed_sink,1.0,,,1,1,False,False,False,0.0,0,1877,False
100000002956769100,terminal,0.9,12,0.7272,"получил 840 тыс. KZT, 3 перевода от 3 плательщиков; исходящих переводов 0, они проверены обходом на колене 3 | 3 плательщика в один день","R4a.terminal: исходящих переводов нет, они проверены обходом (depth <= 3)",3,False,3,0,840000.0,0.0,3,0,0.00038478275617857913,0.0,-0.0,3.2632e-06,0.0,840000.0,0.0,0,False,observed_sink,1.0,,,3,1,False,True,False,1.0,0,1877,False
100000008555233100,terminal,0.9,20,0.4991,"получил 441 тыс. KZT, 1 перевод от 1 плательщика; исходящих переводов 0, они проверены обходом на колене 3","R4a.terminal: исходящих переводов нет, они проверены обходом (depth <= 3)",3,False,1,0,440600.0,0.0,1,0,0.00036340872056222037,0.0,-0.0,8.36e-08,0.0,440600.0,0.0,0,False,observed_sink,1.0,,,1,1,False,False,False,0.0,0,1877,False
100000002346166100,terminal,0.65,0,0.1681,"получил 6 тыс. KZT, 1 перевод от 1 плательщика; исходящих переводов 0, они проверены обходом на колене 3; сумма ниже медианы графа 50 тыс. KZT — мелкий получатель","R4a.terminal: исходящих переводов нет, они проверены обходом (depth <= 3)",3,False,1,0,6000.0,0.0,1,0,0.00028650576089238734,0.0,-0.0,0.0,0.0,6000.0,0.0,0,False,observed_sink,1.0,,,1,1,False,False,False,0.0,0,270,False
100000000878006100,terminal,0.65,6,0.3055,"получил 47 тыс. KZT, 1 перевод от 1 плательщика; исходящих переводов 0, они проверены обходом на колене 3; сумма ниже медианы графа 50 тыс. KZT — мелкий получатель","R4a.terminal: исходящих переводов нет, они проверены обходом (depth <= 3)",3,False,1,0,47003.0,0.0,1,0,0.0002870926226262943,0.0,-0.0,0.0029401741,0.0,47003.0,0.0,0,False,observed_sink,1.0,,,1,1,False,False,False,0.0,0,1877,False
100000004997515100,consolidator,0.6,4,0.6878,"сходятся 4 плательщика на 4 получателей; получено 395 тыс. KZT, отдано дальше 14%, осело 340 тыс. KZT","R2.consolidator: in_deg >= 4 и out_deg <= max(2, in_deg/2)",3,False,4,4,395000.0,54500.0,4,4,0.00035661588331946755,8.956237682696351e-05,0.0,2.3311e-06,0.1379746835443038,340500.0,0.0,0,False,observed_forwarder,0.0,6.5,0.0,1,1,False,False,False,0.0,4,1877,True
100000007653003100,terminal,0.9,15,0.3951,"получил 100 тыс. KZT, 1 перевод от 1 плательщика; исходящих переводов 0, они проверены обходом на колене 3","R4a.terminal: исходящих переводов нет, они проверены обходом (depth <= 3)",3,False,1,0,100000.0,0.0,1,0,0.000301309198919302,0.0,-0.0,0.0002333446,0.0,100000.0,0.0,0,False,observed_sink,1.0,,,1,1,False,False,False,0.0,0,1877,False
100000000661131100,terminal,0.65,0,0.2144,"получил 16 тыс. KZT, 1 перевод от 1 плательщика; исходящих переводов 0, они проверены обходом на колене 3; сумма ниже медианы графа 50 тыс. KZT — мелкий получатель","R4a.terminal: исходящих переводов нет, они проверены обходом (depth <= 3)",3,False,1,0,15600.0,0.0,1,0,0.00028800410757254274,0.0,-0.0,0.0,0.0,15600.0,0.0,0,False,observed_sink,1.0,,,1,1,False,False,False,0.0,0,270,False
100000003880331100,distributor,0.727,5,0.5203,"веер на 16 получателей, 31 перевод на 3.9 млн KZT; отдал на 3.8 млн KZT больше, чем получил в выборке",R1.distributor: out_deg >= 11,3,False,1,16,100000.0,3904908.0,1,31,0.0003076581045462551,0.0006596540844331799,0.0060988204,0.0001302804,39.04908,0.0,3804908.0,0,False,observed_forwarder,0.0,1.0,0.4467150058336842,1,1,False,False,False,0.0,1595,1877,True
100000003204491100,transit,0.7,1,0.5448,"пропускает 71% полученного: вход 140 тыс. KZT от 1, выход 100 тыс. KZT на 1, деньги лежат 0 дн. | сквозной транзит за 0 дн. (100% суммы)",R3d.transit: >=60% исходящих в пределах 2 суток после поступления,3,False,1,1,140000.0,100000.0,1,2,0.000297984809668521,1.922024458454748e-05,0.0,0.0011319384,0.7142857142857143,40000.0,0.0,0,False,observed_forwarder,0.0,0.0,1.0,1,1,True,False,False,1.0,1,1877,True
100000008463968100,terminal,0.65,0,0.1859,"получил 10 тыс. KZT, 1 перевод от 1 плательщика; исходящих переводов 0, они проверены обходом на колене 3; сумма ниже медианы графа 50 тыс. KZT — мелкий получатель","R4a.terminal: исходящих переводов нет, они проверены обходом (depth <= 3)",3,False,1,0,10000.0,0.0,1,0,0.00028713007200911874,0.0,-0.0,0.0,0.0,10000.0,0.0,0,False,observed_sink,1.0,,,1,1,False,False,False,0.0,0,270,False
100000002712416100,terminal,0.9,12,0.4911,"получил 117 тыс. KZT, 2 перевода от 2 плательщиков; исходящих переводов 0, они проверены обходом на колене 3","R4a.terminal: исходящих переводов нет, они проверены обходом (depth <= 3)",3,False,2,0,116800.0,0.0,2,0,0.0003026575194807794,0.0,-0.0,2.9815e-06,0.0,116800.0,0.0,0,False,observed_sink,1.0,,,1,1,False,False,False,0.0,0,1877,False
100000008754997100,terminal,0.65,0,0.2282,"получил 18 тыс. KZT, 1 перевод от 1 плательщика; исходящих переводов 0, они проверены обходом на колене 3; сумма ниже медианы графа 50 тыс. KZT — мелкий получатель","R4a.terminal: исходящих переводов нет, они проверены обходом (depth <= 3)",3,False,1,0,18000.0,0.0,1,0,0.0002883786942425816,0.0,-0.0,0.0,0.0,18000.0,0.0,0,False,observed_sink,1.0,,,1,1,False,False,False,0.0,0,270,False
100000008011573100,terminal,0.65,15,0.2141,"получил 15 тыс. KZT, 1 перевод от 1 плательщика; исходящих переводов 0, они проверены обходом на колене 3; сумма ниже медианы графа 50 тыс. KZT — мелкий получатель","R4a.terminal: исходящих переводов нет, они проверены обходом (depth <= 3)",3,False,1,0,15000.0,0.0,1,0,0.0002891923195721382,0.0,-0.0,0.0004659018,0.0,15000.0,0.0,0,False,observed_sink,1.0,,,1,1,False,False,False,0.0,0,1877,False
100000003178549100,peripheral,0.5,15,0.5589,"вход 250 тыс. KZT от 2, выход 89 тыс. KZT на 4, пропуск 36% — смешанный профиль: плательщиков меньше 4, получателей меньше 11, пропуск вне зон транзита и осаждения",R5.peripheral,3,False,2,4,250000.0,89080.0,2,4,0.0003521578194805638,0.000272122020152055,0.0015225879,0.001623104,0.35632,160920.0,0.0,0,False,observed_forwarder,0.0,,,1,1,False,False,False,0.0,1595,1877,True
100000000534581100,peripheral,0.5,5,0.4103,"вход 56 тыс. KZT от 2, выход 40 тыс. KZT на 1, пропуск 71% — смешанный профиль: плательщиков меньше 4, получателей меньше 11, пропуск вне зон транзита и осаждения",R5.peripheral,3,False,2,1,55960.0,40000.0,2,1,0.00029845332198865065,1.922024458454748e-05,0.0,0.0018638719,0.7147962830593281,15960.0,0.0,0,False,observed_forwarder,0.0,5.0,0.0,1,1,False,False,False,0.0,1,1877,True
100000007138613100,coordinator,0.8,1,0.7371,получает 1 млн KZT (топ-5% графа) от 3 плательщиков; 2 из них сами собирают от 4+ плательщиков; отдаёт дальше 18%,"R6.coordinator: >= 2 плательщиков-сборщиков (in_deg >= 4) либо >= 2 seed-плательщиков, при in_kzt в топ-5% (614 тыс. KZT) и не seed",3,False,3,2,1002000.0,179000.0,3,2,0.0003541752272666075,3.883678287186913e-05,0.0,0.00600701,0.17864271457085829,823000.0,0.0,0,False,observed_forwarder,0.0,,,1,1,False,False,False,0.0,2,1877,True
100000002380341100,terminal,0.9,1,0.362,"получил 58 тыс. KZT, 1 перевод от 1 плательщика; исходящих переводов 0, они проверены обходом на колене 3","R4a.terminal: исходящих переводов нет, они проверены обходом (depth <= 3)",3,False,1,0,57566.4,0.0,1,0,0.00030913653652387497,0.0,-0.0,0.0006428157,0.0,57566.4,0.0,0,False,observed_sink,1.0,,,1,1,False,False,False,0.0,0,1877,False
100000008309514100,terminal,0.65,0,0.2226,"получил 17 тыс. KZT, 1 перевод от 1 плательщика; исходящих переводов 0, они проверены обходом на колене 3; сумма ниже медианы графа 50 тыс. KZT — мелкий получатель","R4a.terminal: исходящих переводов нет, они проверены обходом (depth <= 3)",3,False,1,0,17200.0,0.0,1,0,0.00028825383201923533,0.0,-0.0,0.0,0.0,17200.0,0.0,0,False,observed_sink,1.0,,,1,1,False,False,False,0.0,0,270,False
100000003134474100,terminal,0.9,6,0.3871,"получил 116 тыс. KZT, 1 перевод от 1 плательщика; исходящих переводов 0, они проверены обходом на колене 3","R4a.terminal: исходящих переводов нет, они проверены обходом (depth <= 3)",3,False,1,0,116000.0,0.0,1,0,0.0002893287584098838,0.0,-0.0,0.0029401741,0.0,116000.0,0.0,0,False,observed_sink,1.0,,,1,1,False,False,False,0.0,0,1877,False
100000002373386100,terminal,0.65,0,0.2556,"получил 24 тыс. KZT, 1 перевод от 1 плательщика; исходящих переводов 0, они проверены обходом на колене 3; сумма ниже медианы графа 50 тыс. KZT — мелкий получатель","R4a.terminal: исходящих переводов нет, они проверены обходом (depth <= 3)",3,False,1,0,24000.0,0.0,1,0,0.00028931516091767876,0.0,-0.0,0.0,0.0,24000.0,0.0,0,False,observed_sink,1.0,,,1,1,False,False,False,0.0,0,270,False
100000008684767100,terminal,0.65,0,0.2853,"получил 31 тыс. KZT, 1 перевод от 1 плательщика; исходящих переводов 0, они проверены обходом на колене 3; сумма ниже медианы графа 50 тыс. KZT — мелкий получатель","R4a.terminal: исходящих переводов нет, они проверены обходом (depth <= 3)",3,False,1,0,31100.0,0.0,1,0,0.000290423313149877,0.0,-0.0,0.0,0.0,31100.0,0.0,0,False,observed_sink,1.0,,,1,1,False,False,False,0.0,0,270,False
100000008332511100,terminal,0.9,7,0.4359,"получил 100 тыс. KZT, 1 перевод от 1 плательщика; исходящих переводов 0, они проверены обходом на колене 3","R4a.terminal: исходящих переводов нет, они проверены обходом (depth <= 3)",3,False,1,0,100000.0,0.0,1,0,0.0011127776746800695,0.0,-0.0,0.0,0.0,100000.0,0.0,0,False,observed_sink,1.0,,,1,1,False,False,False,0.0,0,1877,False
100000005754335100,terminal,0.65,42,0.3459,"получил 44 тыс. KZT, 1 перевод от 1 плательщика; исходящих переводов 0, они проверены обходом на колене 3; сумма ниже медианы графа 50 тыс. KZT — мелкий получатель","R4a.terminal: исходящих переводов нет, они проверены обходом (depth <= 3)",3,False,1,0,44037.0,0.0,1,0,0.00040462407841393785,0.0,-0.0,2.42844e-05,0.0,44037.0,0.0,0,False,observed_sink,1.0,,,1,1,False,False,False,0.0,0,1877,False
100000008547295100,terminal,0.65,7,0.2673,"получил 15 тыс. KZT, 1 перевод от 1 плательщика; исходящих переводов 0, они проверены обходом на колене 3; сумма ниже медианы графа 50 тыс. KZT — мелкий получатель","R4a.terminal: исходящих переводов нет, они проверены обходом (depth <= 3)",3,False,1,0,15000.0,0.0,1,0,0.0005629711569533353,0.0,-0.0,0.0,0.0,15000.0,0.0,0,False,observed_sink,1.0,,,1,1,False,False,False,0.0,0,1877,False
100000001875167100,terminal,0.9,6,0.5681,"получил 1 млн KZT, 2 перевода от 1 плательщика; исходящих переводов 0, они проверены обходом на колене 3","R4a.terminal: исходящих переводов нет, они проверены обходом (depth <= 3)",3,False,1,0,1000000.0,0.0,2,0,0.0003179784682913733,0.0,-0.0,0.0029401741,0.0,1000000.0,0.0,0,False,observed_sink,1.0,,,1,2,False,False,False,0.5,0,1877,False
100000004670388100,transit,0.6,50,0.4934,отдал 720 тыс. KZT на 2 получателей при поступлениях 160 тыс. KZT: 560 тыс. KZT пришло вне выборки (собраны только исходящие); удержания нет,"R3b.transit: pass_through > 1.2 — отдал больше, чем получил по данным, приток извне выборки",3,False,1,2,160354.0,720000.0,1,4,0.0005140172616899964,1.9616538287321655e-05,0.0,0.0,4.490065729573319,0.0,559646.0,0,False,observed_forwarder,0.0,2.5,0.5277777777777778,1,1,False,False,False,0.0,4,1877,True
100000004097972100,terminal,0.85,1,0.4507,"из 119 тыс. KZT дальше ушло только 8% (10 тыс. KZT на 2 получателей), осело 109 тыс. KZT — сумма остановилась здесь",R4b.terminal: дальше уходит не более 26% полученного — сумма осела,3,False,1,2,118878.0,10000.0,1,2,0.0003165811788801659,3.844048916909496e-05,0.0,0.0011379074,0.0841198539679335,108878.0,0.0,0,False,observed_forwarder,0.0,7.5,0.5,1,1,False,False,False,0.0,2,1877,True
100000000481716100,terminal,0.65,8,0.2214,"получил 8 тыс. KZT, 1 перевод от 1 плательщика; исходящих переводов 0, они проверены обходом на колене 3; сумма ниже медианы графа 50 тыс. KZT — мелкий получатель","R4a.terminal: исходящих переводов нет, они проверены обходом (depth <= 3)",3,False,1,0,8000.0,0.0,1,0,0.0003771539261882786,0.0,-0.0,2.28e-08,0.0,8000.0,0.0,0,False,observed_sink,1.0,,,1,1,False,False,False,0.0,0,1877,False
100000005089460100,terminal,0.65,0,0.1978,"получил 12 тыс. KZT, 1 перевод от 1 плательщика; исходящих переводов 0, они проверены обходом на колене 3; сумма ниже медианы графа 50 тыс. KZT — мелкий получатель","R4a.terminal: исходящих переводов нет, они проверены обходом (depth <= 3)",3,False,1,0,12300.0,0.0,1,0,0.0002874890509012393,0.0,-0.0,0.0,0.0,12300.0,0.0,0,False,observed_sink,1.0,,,1,1,False,False,False,0.0,0,270,False
100000003105929100,peripheral,0.5,6,0.5266,"вход 430 тыс. KZT от 1, выход 156 тыс. KZT на 1, пропуск 36% — смешанный профиль: плательщиков меньше 4, получателей меньше 11, пропуск вне зон транзита и осаждения",R5.peripheral,3,False,1,1,429567.0,156354.0,2,1,0.0002994912058967719,1.922024458454748e-05,0.0,0.0029401741,0.3639804733603838,273213.0,0.0,0,False,observed_forwarder,0.0,,,1,2,False,False,False,0.5,1,1877,True
100000008379273100,transit,0.861,8,0.4251,"пропускает 106% полученного: вход 36 тыс. KZT от 2, выход 38 тыс. KZT на 4, деньги лежат 3 дн.","R3a.transit: pass_through в [0.8, 1.2] — прошло почти всё полученное",3,False,2,4,36000.0,38000.0,2,4,0.00029901719044964846,0.0017005148871402581,0.0001163238,3.399e-06,1.0555555555555556,0.0,2000.0,0,False,observed_forwarder,0.0,3.0,0.0,1,1,False,False,False,0.0,1595,1877,True
100000005357705100,transit,0.6,5,0.4467,отдал 387 тыс. KZT на 4 получателей при поступлениях 53 тыс. KZT: 334 тыс. KZT пришло вне выборки (собраны только исходящие); удержания нет,"R3b.transit: pass_through > 1.2 — отдал больше, чем получил по данным, приток извне выборки",3,False,1,4,52595.0,387080.0,1,5,0.00029627022022006105,7.688097833818992e-05,0.0,0.0016044118,7.35963494628767,0.0,334485.0,0,False,observed_forwarder,0.0,0.0,0.2724630567324584,1,1,False,False,False,0.0,4,1877,True
100000003111305100,consolidator,0.6,27,0.7184,"сходятся 4 плательщика на 0 получателей; получено 509 тыс. KZT, отдано дальше 0%, осело 509 тыс. KZT","R2.consolidator: in_deg >= 4 и out_deg <= max(2, in_deg/2)",3,False,4,0,509338.0,0.0,4,0,0.0004036018095361793,0.0,-0.0,2.66543e-05,0.0,509338.0,0.0,0,False,observed_sink,1.0,,,2,1,False,False,False,0.5,0,1877,False
100000008503177100,terminal,0.65,5,0.2943,"получил 34 тыс. KZT, 1 перевод от 1 плательщика; исходящих переводов 0, они проверены обходом на колене 3; сумма ниже медианы графа 50 тыс. KZT — мелкий получатель","R4a.terminal: исходящих переводов нет, они проверены обходом (depth <= 3)",3,False,1,0,33951.0,0.0,1,0,0.0002924769306602995,0.0,-0.0,0.0016044118,0.0,33951.0,0.0,0,False,observed_sink,1.0,,,1,1,False,False,False,0.0,0,1877,False
100000000955529100,transit,0.6,2,0.3479,отдал 64 тыс. KZT на 1 получателя при поступлениях 27 тыс. KZT: 36 тыс. KZT пришло вне выборки (собраны только исходящие); удержания нет,"R3b.transit: pass_through > 1.2 — отдал больше, чем получил по данным, приток извне выборки",3,False,1,1,27000.0,63500.0,1,1,0.0002956290149139559,3.368496473580486e-06,0.0001978542,6.407e-07,2.3518518518518516,0.0,36500.0,0,False,observed_forwarder,0.0,7.0,0.0,1,1,False,False,False,0.0,1,1877,False
100000008695689100,terminal,0.65,0,0.2685,"получил 26 тыс. KZT, 1 перевод от 1 плательщика; исходящих переводов 0, они проверены обходом на колене 3; сумма ниже медианы графа 50 тыс. KZT — мелкий получатель","R4a.terminal: исходящих переводов нет, они проверены обходом (depth <= 3)",3,False,1,0,26200.0,0.0,1,0,0.000289658532031881,0.0,-0.0,0.0,0.0,26200.0,0.0,0,False,observed_sink,1.0,,,1,1,False,False,False,0.0,0,270,False
100000004184158100,terminal,0.9,1,0.4429,"получил 204 тыс. KZT, 1 перевод от 1 плательщика; исходящих переводов 0, они проверены обходом на колене 3","R4a.terminal: исходящих переводов нет, они проверены обходом (depth <= 3)",3,False,1,0,203805.0,0.0,1,0,0.0003036431808354194,0.0,-0.0,0.0011319384,0.0,203805.0,0.0,0,False,observed_sink,1.0,,,1,1,False,False,False,0.0,0,1877,False
100000005475379100,peripheral,0.5,9,0.4088,"вход 108 тыс. KZT от 1, выход 81 тыс. KZT на 3, пропуск 75% — смешанный профиль: плательщиков меньше 4, получателей меньше 11, пропуск вне зон транзита и осаждения",R5.peripheral,3,False,1,3,108370.0,81000.0,1,3,0.0004216387717503724,6.538846095773885e-05,0.0,4.0376e-05,0.7474393282273692,27370.0,0.0,0,False,observed_forwarder,0.0,9.0,0.0,1,1,False,False,False,0.0,3,1877,True
100000003093299100,terminal,0.65,1,0.2064,"получил 15 тыс. KZT, 1 перевод от 1 плательщика; исходящих переводов 0, они проверены обходом на колене 3; сумма ниже медианы графа 50 тыс. KZT — мелкий получатель","R4a.terminal: исходящих переводов нет, они проверены обходом (depth <= 3)",3,False,1,0,15000.0,0.0,1,0,0.0002864140937230855,0.0,-0.0,0.0029057817,0.0,15000.0,0.0,0,False,observed_sink,1.0,,,1,1,False,False,False,0.0,0,1877,False
100000008767027100,terminal,0.65,20,0.16,"получил 5 тыс. KZT, 1 перевод от 1 плательщика; исходящих переводов 0, они проверены обходом на колене 3; сумма ниже медианы графа 50 тыс. KZT — мелкий получатель","R4a.terminal: исходящих переводов нет, они проверены обходом (depth <= 3)",3,False,1,0,5000.0,0.0,1,0,0.0002863329149575189,0.0,-0.0,3.559e-07,0.0,5000.0,0.0,0,False,observed_sink,1.0,,,1,1,False,False,False,0.0,0,1877,False
100000004539443100,terminal,0.9,2,0.5385,"получил 62 тыс. KZT, 2 перевода от 2 плательщиков; исходящих переводов 0, они проверены обходом на колене 3","R4a.terminal: исходящих переводов нет, они проверены обходом (depth <= 3)",3,False,2,0,61990.0,0.0,2,0,0.0009561831780302773,0.0,-0.0,0.0,0.0,61990.0,0.0,0,False,observed_sink,1.0,,,2,1,False,False,False,0.5,0,1877,False
100000007863304100,terminal,0.65,6,0.2521,"получил 25 тыс. KZT, 1 перевод от 1 плательщика; исходящих переводов 0, они проверены обходом на колене 3; сумма ниже медианы графа 50 тыс. KZT — мелкий получатель","R4a.terminal: исходящих переводов нет, они проверены обходом (depth <= 3)",3,False,1,0,25000.0,0.0,1,0,0.00028637952356914227,0.0,-0.0,0.0029401741,0.0,25000.0,0.0,0,False,observed_sink,1.0,,,1,1,False,False,False,0.0,0,1877,False
100000004959752100,terminal,0.65,2,0.306,"получил 22 тыс. KZT, 1 перевод от 1 плательщика; исходящих переводов 0, они проверены обходом на колене 3; сумма ниже медианы графа 50 тыс. KZT — мелкий получатель","R4a.terminal: исходящих переводов нет, они проверены обходом (depth <= 3)",3,False,1,0,22200.0,0.0,1,0,0.0007848703238285015,0.0,-0.0,0.0,0.0,22200.0,0.0,0,False,observed_sink,1.0,,,1,1,False,False,False,0.0,0,1877,False
100000002214664100,transit,0.6,0,0.441,отдал 77 тыс. KZT на 1 получателя при поступлениях 8 тыс. KZT: 69 тыс. KZT пришло вне выборки (собраны только исходящие); удержания нет | сквозной транзит за 0 дн. (100% суммы),"R3b.transit: pass_through > 1.2 — отдал больше, чем получил по данным, приток извне выборки",3,False,1,1,7950.0,76950.0,1,2,0.0002868101125617939,1.387027959709612e-06,0.0,0.0,9.679245283018869,0.0,69000.0,0,False,observed_forwarder,0.0,0.0,1.0,1,1,True,False,False,1.0,1,270,True
100000008192264100,transit,0.615,6,0.4882,"пропускает 115% полученного: вход 163 тыс. KZT от 1, выход 188 тыс. KZT на 1, деньги лежат 0 дн. | сквозной транзит за 0 дн. (87% суммы)","R3a.transit: pass_through в [0.8, 1.2] — прошло почти всё полученное",3,False,1,1,162810.0,187910.0,1,2,0.00029084583184829166,1.922024458454748e-05,0.0,0.0029401741,1.1541674344327744,0.0,25100.0,0,False,observed_forwarder,0.0,0.0,0.8749933478793039,1,1,True,False,False,0.8749933478793039,1,1877,True
100000000942301100,terminal,0.9,1,0.3568,"получил 58 тыс. KZT, 2 перевода от 1 плательщика; исходящих переводов 0, они проверены обходом на колене 3","R4a.terminal: исходящих переводов нет, они проверены обходом (depth <= 3)",3,False,1,0,57580.0,0.0,2,0,0.00030059027639135424,0.0,-0.0,0.0011379074,0.0,57580.0,0.0,0,False,observed_sink,1.0,,,1,1,False,False,False,0.0,0,1877,False
100000002578653100,terminal,0.65,47,0.2642,"получил 20 тыс. KZT, 1 перевод от 1 плательщика; исходящих переводов 0, они проверены обходом на колене 3; сумма ниже медианы графа 50 тыс. KZT — мелкий получатель","R4a.terminal: исходящих переводов нет, они проверены обходом (depth <= 3)",3,False,1,0,20000.0,0.0,1,0,0.00031131007444757275,0.0,-0.0,0.0,0.0,20000.0,0.0,0,False,observed_sink,1.0,,,1,1,False,False,False,0.0,0,1877,False
100000002511581100,terminal,0.65,0,0.2254,"получил 18 тыс. KZT, 1 перевод от 1 плательщика; исходящих переводов 0, они проверены обходом на колене 3; сумма ниже медианы графа 50 тыс. KZT — мелкий получатель","R4a.terminal: исходящих переводов нет, они проверены обходом (depth <= 3)",3,False,1,0,17600.0,0.0,1,0,0.00028831626313090844,0.0,-0.0,0.0,0.0,17600.0,0.0,0,False,observed_sink,1.0,,,1,1,False,False,False,0.0,0,270,False
100000005610717100,consolidator,0.5,1,0.7621,"сходятся 4 плательщика на 1 получателя; получено 484 тыс. KZT, отдано дальше 55%, осело 219 тыс. KZT | сквозной транзит за 0 дн. (84% суммы)","R2.consolidator: in_deg >= 4 и out_deg <= max(2, in_deg/2)",3,False,4,1,484500.0,265200.0,6,7,0.00034454483671221336,1.922024458454748e-05,0.0,0.0081158016,0.5473684210526316,219300.0,0.0,0,False,observed_forwarder,0.0,0.0,0.8378582202111614,1,1,True,False,False,0.8378582202111614,1,1877,True
100000005704413100,distributor,1.0,8,0.7055,"веер на 32 получателей, 35 переводов на 1.4 млн KZT; отдал на 1.3 млн KZT больше, чем получил в выборке",R1.distributor: out_deg >= 11,3,False,3,32,97834.67,1363593.0,4,35,0.0005996888032985903,0.002562756260543509,0.0001480083,2.3762e-06,13.9377278014021,0.0,1265758.33,0,False,observed_forwarder,0.0,3.0,0.44522449147216214,2,1,False,False,False,0.5,1595,1877,True
100000000976943100,transit,0.5,9,0.3903,"пропускает 120% полученного: вход 70 тыс. KZT от 1, выход 84 тыс. KZT на 1, деньги лежат 6 дн.","R3a.transit: pass_through в [0.8, 1.2] — прошло почти всё полученное",3,False,1,1,70000.0,84000.0,1,3,0.00037346136238482506,2.1796153652579615e-05,0.0,4.0376e-05,1.2,0.0,14000.0,0,False,observed_forwarder,0.0,6.0,0.13095238095238096,1,1,False,False,False,0.0,1,1877,True
100000008708061100,terminal,0.65,0,0.1776,"получил 9 тыс. KZT, 1 перевод от 1 плательщика; исходящих переводов 0, они проверены обходом на колене 3; сумма ниже медианы графа 50 тыс. KZT — мелкий получатель","R4a.terminal: исходящих переводов нет, они проверены обходом (depth <= 3)",3,False,1,0,8650.0,0.0,1,0,0.0002869193670072219,0.0,-0.0,0.0,0.0,8650.0,0.0,0,False,observed_sink,1.0,,,1,1,False,False,False,0.0,0,270,False
100000003986141100,terminal,0.65,15,0.1649,"получил 5 тыс. KZT, 1 перевод от 1 плательщика; исходящих переводов 0, они проверены обходом на колене 3; сумма ниже медианы графа 50 тыс. KZT — мелкий получатель","R4a.terminal: исходящих переводов нет, они проверены обходом (depth <= 3)",3,False,1,0,5286.32,0.0,1,0,0.0002868461256435462,0.0,-0.0,0.0004659018,0.0,5286.32,0.0,0,False,observed_sink,1.0,,,1,1,False,False,False,0.0,0,1877,False
100000005037490100,transit,0.6,10,0.3226,отдал 30 тыс. KZT на 2 получателей при поступлениях 15 тыс. KZT: 15 тыс. KZT пришло вне выборки (собраны только исходящие); удержания нет,"R3b.transit: pass_through > 1.2 — отдал больше, чем получил по данным, приток извне выборки",3,False,1,2,15000.0,30000.0,1,3,0.0003232011772500518,1.9418391435934565e-05,0.000222854,4.26e-08,2.0,0.0,15000.0,0,False,observed_forwarder,0.0,0.0,0.4666666666666667,1,1,False,False,False,0.0,11,1877,True
100000004257714100,terminal,0.9,0,0.3401,"получил 52 тыс. KZT, 1 перевод от 1 плательщика; исходящих переводов 0, они проверены обходом на колене 3","R4a.terminal: исходящих переводов нет, они проверены обходом (depth <= 3)",3,False,1,0,52220.0,0.0,1,0,0.0002937196758462189,0.0,-0.0,0.0,0.0,52220.0,0.0,0,False,observed_sink,1.0,,,1,1,False,False,False,0.0,0,270,False
100000000569479100,terminal,0.9,5,0.4885,"получил 320 тыс. KZT, 1 перевод от 1 плательщика; исходящих переводов 0, они проверены обходом на колене 3","R4a.terminal: исходящих переводов нет, они проверены обходом (depth <= 3)",3,False,1,0,320000.0,0.0,1,0,0.0003949532398197781,0.0,-0.0,0.0001610543,0.0,320000.0,0.0,0,False,observed_sink,1.0,,,1,1,False,False,False,0.0,0,1877,False
100000007303047100,terminal,0.9,0,0.3404,"получил 52 тыс. KZT, 1 перевод от 1 плательщика; исходящих переводов 0, они проверены обходом на колене 3","R4a.terminal: исходящих переводов нет, они проверены обходом (depth <= 3)",3,False,1,0,52250.0,0.0,1,0,0.0002937243581795944,0.0,-0.0,0.0,0.0,52250.0,0.0,0,False,observed_sink,1.0,,,1,1,False,False,False,0.0,0,270,False
100000008708743100,terminal,0.65,0,0.214,"получил 16 тыс. KZT, 1 перевод от 1 плательщика; исходящих переводов 0, они проверены обходом на колене 3; сумма ниже медианы графа 50 тыс. KZT — мелкий получатель","R4a.terminal: исходящих переводов нет, они проверены обходом (depth <= 3)",3,False,1,0,15550.0,0.0,1,0,0.0002879963036835836,0.0,-0.0,0.0,0.0,15550.0,0.0,0,False,observed_sink,1.0,,,1,1,False,False,False,0.0,0,270,False
100000008745863100,terminal,0.65,0,0.2494,"получил 23 тыс. KZT, 1 перевод от 1 плательщика; исходящих переводов 0, они проверены обходом на колене 3; сумма ниже медианы графа 50 тыс. KZT — мелкий получатель","R4a.terminal: исходящих переводов нет, они проверены обходом (depth <= 3)",3,False,1,0,22900.0,0.0,1,0,0.00028914347536057757,0.0,-0.0,0.0,0.0,22900.0,0.0,0,False,observed_sink,1.0,,,1,1,False,False,False,0.0,0,270,False
100000005048668100,transit,0.6,5,0.4783,отдал 159 тыс. KZT на 8 получателей при поступлениях 17 тыс. KZT: 143 тыс. KZT пришло вне выборки (собраны только исходящие); удержания нет,"R3b.transit: pass_through > 1.2 — отдал больше, чем получил по данным, приток извне выборки",3,False,2,8,16668.0,159400.0,2,11,0.00028854810674879304,0.0006542869684636799,0.0016072691,0.0031652417,9.563234941204703,0.0,142732.0,0,False,observed_forwarder,0.0,3.0,0.30050188205771644,1,1,False,False,False,0.0,1595,1877,True
100000006522972100,terminal,0.65,6,0.2077,"получил 10 тыс. KZT, 1 перевод от 1 плательщика; исходящих переводов 0, они проверены обходом на колене 3; сумма ниже медианы графа 50 тыс. KZT — мелкий получатель","R4a.terminal: исходящих переводов нет, они проверены обходом (depth <= 3)",3,False,1,0,9515.0,0.0,1,0,0.000303310125964783,0.0,-0.0,0.0001069424,0.0,9515.0,0.0,0,False,observed_sink,1.0,,,1,1,False,False,False,0.0,0,1877,False
100000008759857100,transit,0.6,20,0.4403,отдал 994 тыс. KZT на 2 получателей при поступлениях 5 тыс. KZT: 989 тыс. KZT пришло вне выборки (собраны только исходящие); удержания нет,"R3b.transit: pass_through > 1.2 — отдал больше, чем получил по данным, приток извне выборки",3,False,1,2,5000.0,994000.0,1,3,0.0002863329149575189,7.299981620149681e-06,2.2373e-06,3.559e-07,198.8,0.0,989000.0,0,False,observed_forwarder,0.0,4.0,0.0,1,1,False,False,False,0.0,3,1877,False
100000005342513100,terminal,0.85,0,0.59,"из 235 тыс. KZT дальше ушло только 13% (30 тыс. KZT на 1 получателя), осело 205 тыс. KZT — сумма остановилась здесь | сквозной транзит за 0 дн. (100% суммы)",R4b.terminal: дальше уходит не более 26% полученного — сумма осела,3,False,1,1,235000.0,30000.0,2,1,0.001081651299671485,0.0,0.0,0.0,0.1276595744680851,205000.0,0.0,0,False,observed_forwarder,0.0,0.0,1.0,1,1,True,False,False,1.0,2,270,False
100000004750897100,terminal,0.65,14,0.2385,"получил 10 тыс. KZT, 1 перевод от 1 плательщика; исходящих переводов 0, они проверены обходом на колене 3; сумма ниже медианы графа 50 тыс. KZT — мелкий получатель","R4a.terminal: исходящих переводов нет, они проверены обходом (depth <= 3)",3,False,1,0,10000.0,0.0,1,0,0.0004903758747811936,0.0,-0.0,0.0,0.0,10000.0,0.0,0,False,observed_sink,1.0,,,1,1,False,False,False,0.0,0,1877,False
100000001140785100,terminal,0.9,4,0.5874,"получил 215 тыс. KZT, 2 перевода от 2 плательщиков; исходящих переводов 0, они проверены обходом на колене 3","R4a.terminal: исходящих переводов нет, они проверены обходом (depth <= 3)",3,False,2,0,215000.0,0.0,2,0,0.0003153466781884731,0.0,-0.0,7.529e-07,0.0,215000.0,0.0,0,False,observed_sink,1.0,,,2,1,False,False,False,0.5,0,1877,False
100000002821425100,terminal,0.9,12,0.4541,"получил 275 тыс. KZT, 1 перевод от 1 плательщика; исходящих переводов 0, они проверены обходом на колене 3","R4a.terminal: исходящих переводов нет, они проверены обходом (depth <= 3)",3,False,1,0,275000.0,0.0,1,0,0.00029866805245648396,0.0,-0.0,3.794e-07,0.0,275000.0,0.0,0,False,observed_sink,1.0,,,1,1,False,False,False,0.0,0,1877,False
100000003221510100,transit,0.6,1,0.3702,отдал 120 тыс. KZT на 2 получателей при поступлениях 24 тыс. KZT: 96 тыс. KZT пришло вне выборки (собраны только исходящие); удержания нет,"R3b.transit: pass_through > 1.2 — отдал больше, чем получил по данным, приток извне выборки",3,False,1,2,24000.0,120000.0,1,3,0.0002869209734265628,3.844048916909496e-05,0.0,0.0029057817,5.0,0.0,96000.0,0,False,observed_forwarder,0.0,,,1,1,False,False,False,0.0,2,1877,True
100000003031003100,terminal,0.9,12,0.6162,"получил 280 тыс. KZT, 3 перевода от 3 плательщиков; исходящих переводов 0, они проверены обходом на колене 3","R4a.terminal: исходящих переводов нет, они проверены обходом (depth <= 3)",3,False,3,0,280090.0,0.0,3,0,0.00031149881059583704,0.0,-0.0,6.1909e-06,0.0,280090.0,0.0,0,False,observed_sink,1.0,,,2,1,False,False,False,0.5,0,1877,False
100000003060187100,terminal,0.9,16,0.3883,"получил 93 тыс. KZT, 1 перевод от 1 плательщика; исходящих переводов 0, они проверены обходом на колене 3","R4a.terminal: исходящих переводов нет, они проверены обходом (depth <= 3)",3,False,1,0,93046.0,0.0,1,0,0.0003014815867240037,0.0,-0.0,8.44807e-05,0.0,93046.0,0.0,0,False,observed_sink,1.0,,,1,1,False,False,False,0.0,0,1877,False
100000008718811100,terminal,0.9,0,0.3674,"получил 73 тыс. KZT, 1 перевод от 1 плательщика; исходящих переводов 0, они проверены обходом на колене 3","R4a.terminal: исходящих переводов нет, они проверены обходом (depth <= 3)",3,False,1,0,73300.0,0.0,1,0,0.0002970097954313935,0.0,-0.0,0.0,0.0,73300.0,0.0,0,False,observed_sink,1.0,,,1,1,False,False,False,0.0,0,270,False
100000008043184100,terminal,0.9,15,0.3372,"получил 51 тыс. KZT, 1 перевод от 1 плательщика; исходящих переводов 0, они проверены обходом на колене 3","R4a.terminal: исходящих переводов нет, они проверены обходом (depth <= 3)",3,False,1,0,50564.0,0.0,1,0,0.00029352801963081546,0.0,-0.0,0.0002333446,0.0,50564.0,0.0,0,False,observed_sink,1.0,,,1,1,False,False,False,0.0,0,1877,False
100000002530224100,terminal,0.9,4,0.3916,"получил 113 тыс. KZT, 1 перевод от 1 плательщика; исходящих переводов 0, они проверены обходом на колене 3","R4a.terminal: исходящих переводов нет, они проверены обходом (depth <= 3)",3,False,1,0,113000.0,0.0,1,0,0.00029139102055774306,0.0,-0.0,3.2207e-06,0.0,113000.0,0.0,0,False,observed_sink,1.0,,,1,1,False,False,False,0.0,0,1877,False
100000008754608100,terminal,0.65,0,0.1978,"получил 12 тыс. KZT, 1 перевод от 1 плательщика; исходящих переводов 0, они проверены обходом на колене 3; сумма ниже медианы графа 50 тыс. KZT — мелкий получатель","R4a.terminal: исходящих переводов нет, они проверены обходом (depth <= 3)",3,False,1,0,12300.0,0.0,1,0,0.0002874890509012393,0.0,-0.0,0.0,0.0,12300.0,0.0,0,False,observed_sink,1.0,,,1,1,False,False,False,0.0,0,270,False
100000006989232100,terminal,0.65,1,0.2427,"получил 22 тыс. KZT, 1 перевод от 1 плательщика; исходящих переводов 0, они проверены обходом на колене 3; сумма ниже медианы графа 50 тыс. KZT — мелкий получатель","R4a.terminal: исходящих переводов нет, они проверены обходом (depth <= 3)",3,False,1,0,22194.0,0.0,1,0,0.0002875375081453232,0.0,-0.0,0.0011319384,0.0,22194.0,0.0,0,False,observed_sink,1.0,,,1,1,False,False,False,0.0,0,1877,False
100000006532229100,terminal,0.9,4,0.3992,"получил 105 тыс. KZT, 1 перевод от 1 плательщика; исходящих переводов 0, они проверены обходом на колене 3","R4a.terminal: исходящих переводов нет, они проверены обходом (depth <= 3)",3,False,1,0,105000.0,0.0,1,0,0.00030063518629304246,0.0,-0.0,2.613e-07,0.0,105000.0,0.0,0,False,observed_sink,1.0,,,1,1,False,False,False,0.0,0,1877,False
100000005661829100,transit,0.83,16,0.4061,"пропускает 107% полученного: вход 38 тыс. KZT от 1, выход 40 тыс. KZT на 2, деньги лежат 0 дн. | сквозной транзит за 0 дн. (84% суммы)","R3a.transit: pass_through в [0.8, 1.2] — прошло почти всё полученное",3,False,1,2,37790.0,40362.0,1,4,0.0002920319635832888,2.229209894062771e-06,0.0001152283,8.44807e-05,1.0680603334215402,0.0,2572.0,0,False,observed_forwarder,0.0,0.0,0.837173579109063,1,1,True,False,False,0.837173579109063,5,1877,False
100000004553349100,terminal,0.65,6,0.199,"получил 8 тыс. KZT, 1 перевод от 1 плательщика; исходящих переводов 0, они проверены обходом на колене 3; сумма ниже медианы графа 50 тыс. KZT — мелкий получатель","R4a.terminal: исходящих переводов нет, они проверены обходом (depth <= 3)",3,False,1,0,7755.0,0.0,1,0,0.0003000285848322988,0.0,-0.0,0.0001069424,0.0,7755.0,0.0,0,False,observed_sink,1.0,,,1,1,False,False,False,0.0,0,1877,False
100000002945626100,terminal,0.9,4,0.659,"получил 584 тыс. KZT, 3 перевода от 3 плательщиков; исходящих переводов 0, они проверены обходом на колене 3","R4a.terminal: исходящих переводов нет, они проверены обходом (depth <= 3)",3,False,3,0,584000.0,0.0,3,0,0.00033776443625034406,0.0,-0.0,4.8528e-06,0.0,584000.0,0.0,0,False,observed_sink,1.0,,,2,1,False,False,False,0.5,0,1877,False
100000008775471100,terminal,0.9,20,0.5632,"получил 580 тыс. KZT, 2 перевода от 1 плательщика; исходящих переводов 0, они проверены обходом на колене 3","R4a.terminal: исходящих переводов нет, они проверены обходом (depth <= 3)",3,False,1,0,580000.0,0.0,2,0,0.0003583758008227347,0.0,-0.0,1.2903e-06,0.0,580000.0,0.0,0,False,observed_sink,1.0,,,1,2,False,False,False,0.5,0,1877,False
100000000404740100,peripheral,0.5,25,0.2865,"получил 25 тыс. KZT от 1; обход обрезан 4-м коленом, вероятность что конечный 0.59 — роль не присваиваем",R5.peripheral,4,False,1,0,25000.0,0.0,1,0,0.0005579900727464822,0.0,-0.0,0.0,0.0,25000.0,0.0,0,True,unknown_truncated,0.5887,,,1,1,False,False,False,0.0,0,1877,False
100000004268036100,terminal,0.73,17,0.1725,"получил 6 тыс. KZT от 1; обход обрезан 4-м коленом, вероятность что конечный 0.73 по модели на коленах 1-3","R4c.terminal: обрезан 4-м коленом, terminal_p >= 0.7",4,False,1,0,5500.0,0.0,1,0,0.00028851261710781314,0.0,-0.0,3.6874e-06,0.0,5500.0,0.0,0,True,unknown_truncated,0.7304,,,1,1,False,False,False,0.0,0,1877,False
100000001256409100,peripheral,0.5,19,0.2072,"получил 8 тыс. KZT от 1; обход обрезан 4-м коленом, вероятность что конечный 0.56 — роль не присваиваем",R5.peripheral,4,False,1,0,8000.0,0.0,1,0,0.0005471647850140182,0.0,-0.0,0.0,0.0,8000.0,0.0,0,True,unknown_truncated,0.564,,,1,1,False,False,False,0.0,0,1877,False
100000005360814100,peripheral,0.5,5,0.411,"получил 144 тыс. KZT от 1; обход обрезан 4-м коленом, вероятность что конечный 0.47 — роль не присваиваем",R5.peripheral,4,False,1,0,144000.0,0.0,3,0,0.0004336887325641262,0.0,-0.0,1.7212e-06,0.0,144000.0,0.0,0,True,unknown_truncated,0.4674,,,1,1,False,False,False,0.0,0,1877,False
100000002369454100,peripheral,0.5,5,0.2769,"получил 25 тыс. KZT от 1; обход обрезан 4-м коленом, вероятность что конечный 0.60 — роль не присваиваем",R5.peripheral,4,False,1,0,25000.0,0.0,1,0,0.0004288818435522467,0.0,-0.0,0.0,0.0,25000.0,0.0,0,True,unknown_truncated,0.6049,,,1,1,False,False,False,0.0,0,1877,False
100000004272302100,peripheral,0.5,47,0.161,"получил 10 тыс. KZT от 1; обход обрезан 4-м коленом, вероятность что конечный 0.60 — роль не присваиваем",R5.peripheral,4,False,1,0,10000.0,0.0,1,0,0.0002877361499743463,0.0,-0.0,0.0,0.0,10000.0,0.0,0,True,unknown_truncated,0.5955,,,1,1,False,False,False,0.0,0,1877,False
100000008727982100,peripheral,0.5,27,0.3507,"получил 30 тыс. KZT от 1; обход обрезан 4-м коленом, вероятность что конечный 0.49 — роль не присваиваем",R5.peripheral,4,False,1,0,30000.0,0.0,2,0,0.0005138489258762199,0.0,-0.0,0.0,0.0,30000.0,0.0,0,True,unknown_truncated,0.4949,,,1,2,False,False,False,0.5,0,1877,False
100000000600707100,peripheral,0.5,37,0.3872,"получил 89 тыс. KZT от 1; обход обрезан 4-м коленом, вероятность что конечный 0.53 — роль не присваиваем",R5.peripheral,4,False,1,0,89000.0,0.0,2,0,0.0005701602511841799,0.0,-0.0,0.0,0.0,89000.0,0.0,0,True,unknown_truncated,0.5338,,,1,1,False,False,False,0.0,0,1877,False
100000004500781100,peripheral,0.5,13,0.4308,"получил 74 тыс. KZT от 1; обход обрезан 4-м коленом, вероятность что конечный 0.31 — роль не присваиваем",R5.peripheral,4,False,1,0,74000.0,0.0,5,0,0.000680750362585005,0.0,-0.0,0.0,0.0,74000.0,0.0,0,True,unknown_truncated,0.3073,,,1,2,False,False,False,0.5,0,1877,False
100000008703533100,terminal,0.754,4,0.3638,"получил 75 тыс. KZT от 1; обход обрезан 4-м коленом, вероятность что конечный 0.75 по модели на коленах 1-3","R4c.terminal: обрезан 4-м коленом, terminal_p >= 0.7",4,False,1,0,75000.0,0.0,1,0,0.0002955267779905951,0.0,-0.0,4.916e-07,0.0,75000.0,0.0,0,True,unknown_truncated,0.7545,,,1,1,False,False,False,0.0,0,1877,False
100000004549591100,peripheral,0.5,38,0.3334,"получил 49 тыс. KZT от 1; обход обрезан 4-м коленом, вероятность что конечный 0.63 — роль не присваиваем",R5.peripheral,4,False,1,0,49000.0,0.0,1,0,0.0004443211683334039,0.0,-0.0,0.0,0.0,49000.0,0.0,0,True,unknown_truncated,0.6332,,,1,1,False,False,False,0.0,0,1877,False
100000002700161100,peripheral,0.5,51,0.3285,"получил 39 тыс. KZT от 1; обход обрезан 4-м коленом, вероятность что конечный 0.60 — роль не присваиваем",R5.peripheral,4,False,1,0,39000.0,0.0,1,0,0.000902664307815214,0.0,-0.0,0.0,0.0,39000.0,0.0,0,True,unknown_truncated,0.599,,,1,1,False,False,False,0.0,0,1877,False
100000003134550100,terminal,0.76,4,0.3895,"получил 100 тыс. KZT от 1; обход обрезан 4-м коленом, вероятность что конечный 0.76 по модели на коленах 1-3","R4c.terminal: обрезан 4-м коленом, terminal_p >= 0.7",4,False,1,0,100000.0,0.0,1,0,0.00029884593924836344,0.0,-0.0,4.916e-07,0.0,100000.0,0.0,0,True,unknown_truncated,0.7598,,,1,1,False,False,False,0.0,0,1877,False
100000001957974100,terminal,0.711,13,0.4945,"получил 500 тыс. KZT от 1; обход обрезан 4-м коленом, вероятность что конечный 0.71 по модели на коленах 1-3","R4c.terminal: обрезан 4-м коленом, terminal_p >= 0.7",4,False,1,0,500000.0,0.0,1,0,0.00032013746769043446,0.0,-0.0,5.92e-08,0.0,500000.0,0.0,0,True,unknown_truncated,0.7106,,,1,1,False,False,False,0.0,0,1877,False
100000001246806100,peripheral,0.5,4,0.4099,"получил 130 тыс. KZT от 1; обход обрезан 4-м коленом, вероятность что конечный 0.63 — роль не присваиваем",R5.peripheral,4,False,1,0,130000.0,0.0,1,0,0.0005329767614424794,0.0,-0.0,0.0,0.0,130000.0,0.0,0,True,unknown_truncated,0.6263,,,1,1,False,False,False,0.0,0,1877,False
100000003622955100,peripheral,0.5,9,0.2486,"получил 15 тыс. KZT от 1; обход обрезан 4-м коленом, вероятность что конечный 0.57 — роль не присваиваем",R5.peripheral,4,False,1,0,15000.0,0.0,1,0,0.0013342637758280147,0.0,-0.0,0.0,0.0,15000.0,0.0,0,True,unknown_truncated,0.57,,,1,1,False,False,False,0.0,0,1877,False
100000003692843100,peripheral,0.5,61,0.4868,"получил 510 тыс. KZT от 1; обход обрезан 4-м коленом, вероятность что конечный 0.56 — роль не присваиваем",R5.peripheral,4,False,1,0,510000.0,0.0,2,0,0.0005294957412060594,0.0,-0.0,0.0,0.0,510000.0,0.0,0,True,unknown_truncated,0.56,,,1,1,False,False,False,0.0,0,1877,False
100000008629504100,peripheral,0.5,1,0.2324,"получил 20 тыс. KZT от 1; обход обрезан 4-м коленом, вероятность что конечный 0.63 — роль не присваиваем",R5.peripheral,4,False,1,0,20000.0,0.0,1,0,0.00030201034173378425,0.0,-0.0,6.8379e-06,0.0,20000.0,0.0,0,True,unknown_truncated,0.6289,,,1,1,False,False,False,0.0,0,1877,False
100000005621418100,peripheral,0.5,26,0.2746,"получил 30 тыс. KZT от 1; обход обрезан 4-м коленом, вероятность что конечный 0.62 — роль не присваиваем",R5.peripheral,4,False,1,0,30000.0,0.0,1,0,0.00030782638639647263,0.0,-0.0,4.03e-08,0.0,30000.0,0.0,0,True,unknown_truncated,0.618,,,1,1,False,False,False,0.0,0,1877,False
100000004167082100,peripheral,0.5,10,0.2206,"получил 13 тыс. KZT от 1; обход обрезан 4-м коленом, вероятность что конечный 0.58 — роль не присваиваем",R5.peripheral,4,False,1,0,13300.0,0.0,1,0,0.0003849148092594282,0.0,-0.0,0.0,0.0,13300.0,0.0,0,True,unknown_truncated,0.585,,,1,1,False,False,False,0.0,0,1877,False
100000004379306100,peripheral,0.5,5,0.2369,"получил 15 тыс. KZT от 1; обход обрезан 4-м коленом, вероятность что конечный 0.57 — роль не присваиваем",R5.peripheral,4,False,1,0,15000.0,0.0,1,0,0.0005320511103436054,0.0,-0.0,0.0,0.0,15000.0,0.0,0,True,unknown_truncated,0.5737,,,1,1,False,False,False,0.0,0,1877,False
100000004856746100,peripheral,0.5,34,0.2305,"получил 20 тыс. KZT от 1; обход обрезан 4-м коленом, вероятность что конечный 0.63 — роль не присваиваем",R5.peripheral,4,False,1,0,20000.0,0.0,1,0,0.0003000473060624511,0.0,-0.0,1.468e-07,0.0,20000.0,0.0,0,True,unknown_truncated,0.6337,,,1,1,False,False,False,0.0,0,1877,False
100000004891562100,terminal,0.778,17,0.4119,"получил 103 тыс. KZT от 1; обход обрезан 4-м коленом, вероятность что конечный 0.78 по модели на коленах 1-3","R4c.terminal: обрезан 4-м коленом, terminal_p >= 0.7",4,False,1,0,103400.0,0.0,1,0,0.0003409037645591215,0.0,-0.0,3.6874e-06,0.0,103400.0,0.0,0,True,unknown_truncated,0.7781,,,1,1,False,False,False,0.0,0,1877,False
100000007042175100,peripheral,0.5,1,0.3595,"получил 60 тыс. KZT от 1; обход обрезан 4-м коленом, вероятность что конечный 0.61 — роль не присваиваем",R5.peripheral,4,False,1,0,60000.0,0.0,1,0,0.0005340058628254442,0.0,-0.0,0.0,0.0,60000.0,0.0,0,True,unknown_truncated,0.6062,,,1,1,False,False,False,0.0,0,1877,False
100000002670463100,terminal,0.762,17,0.3048,"получил 32 тыс. KZT от 1; обход обрезан 4-м коленом, вероятность что конечный 0.76 по модели на коленах 1-3","R4c.terminal: обрезан 4-м коленом, terminal_p >= 0.7",4,False,1,0,31500.0,0.0,1,0,0.00030242650713573977,0.0,-0.0,3.6874e-06,0.0,31500.0,0.0,0,True,unknown_truncated,0.7623,,,1,1,False,False,False,0.0,0,1877,False
100000005567828100,terminal,0.783,8,0.397,"получил 94 тыс. KZT от 1; обход обрезан 4-м коленом, вероятность что конечный 0.78 по модели на коленах 1-3","R4c.terminal: обрезан 4-м коленом, terminal_p >= 0.7",4,False,1,0,94000.0,0.0,1,0,0.00032075622145791993,0.0,-0.0,2.7583e-06,0.0,94000.0,0.0,0,True,unknown_truncated,0.7829,,,1,1,False,False,False,0.0,0,1877,False
100000004200745100,peripheral,0.5,11,0.4152,"получил 130 тыс. KZT от 1; обход обрезан 4-м коленом, вероятность что конечный 0.38 — роль не присваиваем",R5.peripheral,4,False,1,0,130000.0,0.0,4,0,0.0006010148962169071,0.0,-0.0,0.0,0.0,130000.0,0.0,0,True,unknown_truncated,0.3825,,,1,1,False,False,False,0.0,0,1877,False
100000003989033100,peripheral,0.5,9,0.5297,"получил 373 тыс. KZT от 1; обход обрезан 4-м коленом, вероятность что конечный 0.18 — роль не присваиваем",R5.peripheral,4,False,1,0,373400.0,0.0,13,0,0.0005989171063455096,0.0,-0.0,0.0,0.0,373400.0,0.0,0,True,unknown_truncated,0.1783,,,1,2,False,False,False,0.5,0,1877,False
100000005146665100,peripheral,0.5,56,0.1394,"получил 6 тыс. KZT от 1; обход обрезан 4-м коленом, вероятность что конечный 0.58 — роль не присваиваем",R5.peripheral,4,False,1,0,5500.0,0.0,1,0,0.0002864537524941113,0.0,-0.0,0.0,0.0,5500.0,0.0,0,True,unknown_truncated,0.5837,,,1,1,False,False,False,0.0,0,1877,False
100000003096787100,terminal,0.748,8,0.2306,"получил 16 тыс. KZT от 1; обход обрезан 4-м коленом, вероятность что конечный 0.75 по модели на коленах 1-3","R4c.terminal: обрезан 4-м коленом, terminal_p >= 0.7",4,False,1,0,16400.0,0.0,1,0,0.00029170829003374047,0.0,-0.0,2.7583e-06,0.0,16400.0,0.0,0,True,unknown_truncated,0.7485,,,1,1,False,False,False,0.0,0,1877,False
100000003074515100,terminal,0.784,4,0.3955,"получил 105 тыс. KZT от 1; обход обрезан 4-м коленом, вероятность что конечный 0.78 по модели на коленах 1-3","R4c.terminal: обрезан 4-м коленом, terminal_p >= 0.7",4,False,1,0,105000.0,0.0,1,0,0.00029938285450538106,0.0,-0.0,1.2761e-06,0.0,105000.0,0.0,0,True,unknown_truncated,0.7842,,,1,1,False,False,False,0.0,0,1877,False
100000004377043100,peripheral,0.5,28,0.1857,"получил 6 тыс. KZT от 1; обход обрезан 4-м коленом, вероятность что конечный 0.57 — роль не присваиваем",R5.peripheral,4,False,1,0,5700.0,0.0,1,0,0.0003635495256865634,0.0,-0.0,0.0,0.0,5700.0,0.0,0,True,unknown_truncated,0.5719,,,1,1,False,False,False,0.0,0,1877,False
100000008680061100,peripheral,0.5,6,0.2998,"получил 41 тыс. KZT от 1; обход обрезан 4-м коленом, вероятность что конечный 0.64 — роль не присваиваем",R5.peripheral,4,False,1,0,41300.0,0.0,2,0,0.00031068559080704136,0.0,-0.0,4.83748e-05,0.0,41300.0,0.0,0,True,unknown_truncated,0.6369,,,1,1,False,False,False,0.0,0,1877,False
100000008471634100,peripheral,0.5,25,0.2727,"получил 20 тыс. KZT от 1; обход обрезан 4-м коленом, вероятность что конечный 0.58 — роль не присваиваем",R5.peripheral,4,False,1,0,20000.0,0.0,1,0,0.0011246149928916304,0.0,-0.0,0.0,0.0,20000.0,0.0,0,True,unknown_truncated,0.5798,,,1,1,False,False,False,0.0,0,1877,False
100000002119762100,peripheral,0.5,6,0.4781,"получил 77 тыс. KZT от 1; обход обрезан 4-м коленом, вероятность что конечный 0.27 — роль не присваиваем | дробление: 3 перевода от одного плательщика за день",R5.peripheral,4,False,1,0,77000.0,0.0,6,0,0.0005295245957280105,0.0,-0.0,0.0,0.0,77000.0,0.0,0,True,unknown_truncated,0.2714,,,1,3,False,False,True,1.0,0,1877,False
100000008628818100,terminal,0.771,8,0.3324,"получил 46 тыс. KZT от 1; обход обрезан 4-м коленом, вероятность что конечный 0.77 по модели на коленах 1-3","R4c.terminal: обрезан 4-м коленом, terminal_p >= 0.7",4,False,1,0,46310.0,0.0,1,0,0.0003029044708184983,0.0,-0.0,2.7583e-06,0.0,46310.0,0.0,0,True,unknown_truncated,0.7706,,,1,1,False,False,False,0.0,0,1877,False
100000007510567100,terminal,0.769,8,0.3488,"получил 52 тыс. KZT от 1; обход обрезан 4-м коленом, вероятность что конечный 0.77 по модели на коленах 1-3","R4c.terminal: обрезан 4-м коленом, terminal_p >= 0.7",4,False,1,0,52000.0,0.0,1,0,0.000305034402903596,0.0,-0.0,2.7583e-06,0.0,52000.0,0.0,0,True,unknown_truncated,0.7689,,,1,1,False,False,False,0.0,0,1877,False
100000004780327100,terminal,0.745,17,0.2102,"получил 12 тыс. KZT от 1; обход обрезан 4-м коленом, вероятность что конечный 0.74 по модели на коленах 1-3","R4c.terminal: обрезан 4-м коленом, terminal_p >= 0.7",4,False,1,0,12000.0,0.0,1,0,0.00029199108961479477,0.0,-0.0,3.6874e-06,0.0,12000.0,0.0,0,True,unknown_truncated,0.7449,,,1,1,False,False,False,0.0,0,1877,False
100000008376785100,peripheral,0.5,6,0.4456,"получил 234 тыс. KZT от 1; обход обрезан 4-м коленом, вероятность что конечный 0.53 — роль не присваиваем",R5.peripheral,4,False,1,0,234250.0,0.0,2,0,0.0005318070054641091,0.0,-0.0,0.0,0.0,234250.0,0.0,0,True,unknown_truncated,0.5252,,,1,1,False,False,False,0.0,0,1877,False
100000005745873100,peripheral,0.5,41,0.4221,"получил 223 тыс. KZT от 1; обход обрезан 4-м коленом, вероятность что конечный 0.69 — роль не присваиваем",R5.peripheral,4,False,1,0,223000.0,0.0,1,0,0.0003163211975392898,0.0,-0.0,0.0,0.0,223000.0,0.0,0,True,unknown_truncated,0.6867,,,1,1,False,False,False,0.0,0,1877,False
100000002594214100,terminal,0.717,39,0.5221,"получил 1 млн KZT от 1; обход обрезан 4-м коленом, вероятность что конечный 0.72 по модели на коленах 1-3","R4c.terminal: обрезан 4-м коленом, terminal_p >= 0.7",4,False,1,0,1000000.0,0.0,1,0,0.000367059243362219,0.0,-0.0,0.0,0.0,1000000.0,0.0,0,True,unknown_truncated,0.7173,,,1,1,False,False,False,0.0,0,1877,False
100000001299323100,terminal,0.788,4,0.3982,"получил 109 тыс. KZT от 1; обход обрезан 4-м коленом, вероятность что конечный 0.79 по модели на коленах 1-3","R4c.terminal: обрезан 4-м коленом, terminal_p >= 0.7",4,False,1,0,109000.0,0.0,1,0,0.0002999090853734988,0.0,-0.0,1.2761e-06,0.0,109000.0,0.0,0,True,unknown_truncated,0.7883,,,1,1,False,False,False,0.0,0,1877,False
100000003838587100,peripheral,0.5,13,0.2018,"получил 6 тыс. KZT от 1; обход обрезан 4-м коленом, вероятность что конечный 0.55 — роль не присваиваем",R5.peripheral,4,False,1,0,6000.0,0.0,1,0,0.0005550324069085211,0.0,-0.0,0.0,0.0,6000.0,0.0,0,True,unknown_truncated,0.5545,,,1,1,False,False,False,0.0,0,1877,False
100000000673915100,peripheral,0.5,36,0.2119,"получил 20 тыс. KZT от 1; обход обрезан 4-м коленом, вероятность что конечный 0.64 — роль не присваиваем",R5.peripheral,4,False,1,0,20200.0,0.0,1,0,0.00028757651330181647,0.0,-0.0,0.0,0.0,20200.0,0.0,0,True,unknown_truncated,0.6404,,,1,1,False,False,False,0.0,0,1877,False
100000003061115100,peripheral,0.5,1,0.3301,"получил 45 тыс. KZT от 1; обход обрезан 4-м коленом, вероятность что конечный 0.60 — роль не присваиваем",R5.peripheral,4,False,1,0,45000.0,0.0,1,0,0.0005339039923107192,0.0,-0.0,0.0,0.0,45000.0,0.0,0,True,unknown_truncated,0.5986,,,1,1,False,False,False,0.0,0,1877,False
100000004326224100,peripheral,0.5,6,0.3597,"получил 60 тыс. KZT от 1; обход обрезан 4-м коленом, вероятность что конечный 0.60 — роль не присваиваем",R5.peripheral,4,False,1,0,60000.0,0.0,1,0,0.0005348779091078297,0.0,-0.0,0.0,0.0,60000.0,0.0,0,True,unknown_truncated,0.6032,,,1,1,False,False,False,0.0,0,1877,False
100000004988240100,peripheral,0.5,1,0.2609,"получил 20 тыс. KZT от 1; обход обрезан 4-м коленом, вероятность что конечный 0.58 — роль не присваиваем",R5.peripheral,4,False,1,0,20000.0,0.0,1,0,0.0005299271891403055,0.0,-0.0,0.0,0.0,20000.0,0.0,0,True,unknown_truncated,0.5835,,,1,1,False,False,False,0.0,0,1877,False
100000008525136100,terminal,0.728,5,0.2089,"получил 14 тыс. KZT от 1; обход обрезан 4-м коленом, вероятность что конечный 0.73 по модели на коленах 1-3","R4c.terminal: обрезан 4-м коленом, terminal_p >= 0.7",4,False,1,0,14100.0,0.0,1,0,0.00028852165504843517,0.0,-0.0,9.17099e-05,0.0,14100.0,0.0,0,True,unknown_truncated,0.7278,,,1,1,False,False,False,0.0,0,1877,False
100000001991973100,terminal,0.755,17,0.2605,"получил 21 тыс. KZT от 1; обход обрезан 4-м коленом, вероятность что конечный 0.75 по модели на коленах 1-3","R4c.terminal: обрезан 4-м коленом, terminal_p >= 0.7",4,False,1,0,20800.0,0.0,1,0,0.0002967004062396315,0.0,-0.0,3.6874e-06,0.0,20800.0,0.0,0,True,unknown_truncated,0.7548,,,1,1,False,False,False,0.0,0,1877,False
100000004569637100,peripheral,0.5,5,0.1994,"получил 6 тыс. KZT от 1; обход обрезан 4-м коленом, вероятность что конечный 0.56 — роль не присваиваем",R5.peripheral,4,False,1,0,5500.0,0.0,1,0,0.0005531603067223179,0.0,-0.0,0.0,0.0,5500.0,0.0,0,True,unknown_truncated,0.5555,,,1,1,False,False,False,0.0,0,1877,False
100000008675322100,peripheral,0.5,36,0.4479,"получил 340 тыс. KZT от 1; обход обрезан 4-м коленом, вероятность что конечный 0.44 — роль не присваиваем",R5.peripheral,4,False,1,0,340000.0,0.0,4,0,0.00031935416989743563,0.0,-0.0,0.0,0.0,340000.0,0.0,0,True,unknown_truncated,0.4448,,,1,1,False,False,False,0.0,0,1877,False
100000004235471100,peripheral,0.5,6,0.4162,"получил 180 тыс. KZT от 1; обход обрезан 4-м коленом, вероятность что конечный 0.66 — роль не присваиваем",R5.peripheral,4,False,1,0,180000.0,0.0,1,0,0.0003486135302974605,0.0,-0.0,0.0,0.0,180000.0,0.0,0,True,unknown_truncated,0.6617,,,1,1,False,False,False,0.0,0,1877,False
100000003194831100,peripheral,0.5,9,0.155,"получил 6 тыс. KZT от 1; обход обрезан 4-м коленом, вероятность что конечный 0.58 — роль не присваиваем",R5.peripheral,4,False,1,0,6265.0,0.0,1,0,0.00029082672336293373,0.0,-0.0,0.0,0.0,6265.0,0.0,0,True,unknown_truncated,0.5755,,,1,1,False,False,False,0.0,0,1877,False
100000008588665100,peripheral,0.5,1,0.2697,"получил 25 тыс. KZT от 1; обход обрезан 4-м коленом, вероятность что конечный 0.61 — роль не присваиваем",R5.peripheral,4,False,1,0,25000.0,0.0,1,0,0.00035249090665568923,0.0,-0.0,5.047e-07,0.0,25000.0,0.0,0,True,unknown_truncated,0.6132,,,1,1,False,False,False,0.0,0,1877,False
100000003230329100,terminal,0.787,4,0.3992,"получил 110 тыс. KZT от 1; обход обрезан 4-м коленом, вероятность что конечный 0.79 по модели на коленах 1-3","R4c.terminal: обрезан 4-м коленом, terminal_p >= 0.7",4,False,1,0,110000.0,0.0,1,0,0.00030004064309052827,0.0,-0.0,1.2761e-06,0.0,110000.0,0.0,0,True,unknown_truncated,0.7866,,,1,1,False,False,False,0.0,0,1877,False
100000002217806100,peripheral,0.5,38,0.349,"получил 55 тыс. KZT от 1; обход обрезан 4-м коленом, вероятность что конечный 0.52 — роль не присваиваем",R5.peripheral,4,False,1,0,55000.0,0.0,2,0,0.00046376017332721377,0.0,-0.0,0.0,0.0,55000.0,0.0,0,True,unknown_truncated,0.5185,,,1,1,False,False,False,0.0,0,1877,False
100000004041294100,peripheral,0.5,25,0.2738,"получил 18 тыс. KZT от 1; обход обрезан 4-м коленом, вероятность что конечный 0.51 — роль не присваиваем",R5.peripheral,4,False,1,0,17800.0,0.0,2,0,0.00030085428557357664,0.0,-0.0,2.07e-08,0.0,17800.0,0.0,0,True,unknown_truncated,0.5073,,,1,2,False,False,False,0.5,0,1877,False
100000008583971100,peripheral,0.5,1,0.4131,"получил 51 тыс. KZT от 2; обход обрезан 4-м коленом, вероятность что конечный 0.42 — роль не присваиваем",R5.peripheral,4,False,2,0,51000.0,0.0,2,0,0.00032971602313587844,0.0,-0.0,3.83229e-05,0.0,51000.0,0.0,0,True,unknown_truncated,0.422,,,1,1,False,False,False,0.0,0,1877,False
100000008251939100,terminal,0.766,8,0.3264,"получил 44 тыс. KZT от 1; обход обрезан 4-м коленом, вероятность что конечный 0.77 по модели на коленах 1-3","R4c.terminal: обрезан 4-м коленом, terminal_p >= 0.7",4,False,1,0,44360.0,0.0,1,0,0.00030217452924276186,0.0,-0.0,2.7583e-06,0.0,44360.0,0.0,0,True,unknown_truncated,0.766,,,1,1,False,False,False,0.0,0,1877,False
100000004049912100,peripheral,0.5,16,0.1967,"получил 10 тыс. KZT от 1; обход обрезан 4-м коленом, вероятность что конечный 0.59 — роль не присваиваем",R5.peripheral,4,False,1,0,10000.0,0.0,1,0,0.0003245564257590681,0.0,-0.0,0.0,0.0,10000.0,0.0,0,True,unknown_truncated,0.5925,,,1,1,False,False,False,0.0,0,1877,False
100000002227960100,peripheral,0.5,21,0.1829,"получил 10 тыс. KZT от 1; обход обрезан 4-м коленом, вероятность что конечный 0.62 — роль не присваиваем",R5.peripheral,4,False,1,0,10000.0,0.0,1,0,0.0002994376832159761,0.0,-0.0,0.0,0.0,10000.0,0.0,0,True,unknown_truncated,0.6228,,,1,1,False,False,False,0.0,0,1877,False
100000008677368100,peripheral,0.5,7,0.2308,"получил 14 тыс. KZT от 1; обход обрезан 4-м коленом, вероятность что конечный 0.57 — роль не присваиваем",R5.peripheral,4,False,1,0,13500.0,0.0,1,0,0.0005340288694748723,0.0,-0.0,0.0,0.0,13500.0,0.0,0,True,unknown_truncated,0.572,,,1,1,False,False,False,0.0,0,1877,False
100000008631800100,terminal,0.747,17,0.2147,"получил 13 тыс. KZT от 1; обход обрезан 4-м коленом, вероятность что конечный 0.75 по модели на коленах 1-3","R4c.terminal: обрезан 4-м коленом, terminal_p >= 0.7",4,False,1,0,12850.0,0.0,1,0,0.00029244596678878467,0.0,-0.0,3.6874e-06,0.0,12850.0,0.0,0,True,unknown_truncated,0.7472,,,1,1,False,False,False,0.0,0,1877,False
100000003220685100,peripheral,0.5,6,0.5633,"получил 1.3 млн KZT от 1; обход обрезан 4-м коленом, вероятность что конечный 0.56 — роль не присваиваем",R5.peripheral,4,False,1,0,1306000.0,0.0,2,0,0.0005375987236644594,0.0,-0.0,0.0,0.0,1306000.0,0.0,0,True,unknown_truncated,0.5612,,,1,2,False,False,False,0.5,0,1877,False
100000003072205100,peripheral,0.5,4,0.5398,"получил 163 тыс. KZT от 2; обход обрезан 4-м коленом, вероятность что конечный 0.52 — роль не присваиваем",R5.peripheral,4,False,2,0,163000.0,0.0,2,0,0.00031897392558810547,0.0,-0.0,3.619e-07,0.0,163000.0,0.0,0,True,unknown_truncated,0.5198,,,2,1,False,False,False,0.5,0,1877,False
100000001202637100,peripheral,0.5,8,0.2176,"получил 10 тыс. KZT от 1; обход обрезан 4-м коленом, вероятность что конечный 0.56 — роль не присваиваем",R5.peripheral,4,False,1,0,10000.0,0.0,1,0,0.0005487659443752234,0.0,-0.0,0.0,0.0,10000.0,0.0,0,True,unknown_truncated,0.5635,,,1,1,False,False,False,0.0,0,1877,False
100000002835874100,terminal,0.775,4,0.3463,"получил 59 тыс. KZT от 1; обход обрезан 4-м коленом, вероятность что конечный 0.78 по модели на коленах 1-3","R4c.terminal: обрезан 4-м коленом, terminal_p >= 0.7",4,False,1,0,58700.0,0.0,1,0,0.00029329173220691814,0.0,-0.0,1.2761e-06,0.0,58700.0,0.0,0,True,unknown_truncated,0.7753,,,1,1,False,False,False,0.0,0,1877,False
100000002707106100,peripheral,0.5,13,0.1805,"получил 15 тыс. KZT от 1; обход обрезан 4-м коленом, вероятность что конечный 0.52 — роль не присваиваем",R5.peripheral,4,False,1,0,15000.0,0.0,2,0,0.00028660633942148453,0.0,-0.0,5.92e-08,0.0,15000.0,0.0,0,True,unknown_truncated,0.5164,,,1,1,False,False,False,0.0,0,1877,False
100000008343415100,peripheral,0.5,19,0.4931,"получил 100 тыс. KZT от 1; обход обрезан 4-м коленом, вероятность что конечный 0.43 — роль не присваиваем | дробление: 3 перевода от одного плательщика за день",R5.peripheral,4,False,1,0,100000.0,0.0,3,0,0.00043399201964799375,0.0,-0.0,0.0,0.0,100000.0,0.0,0,True,unknown_truncated,0.434,,,1,3,False,False,True,1.0,0,1877,False
100000004981068100,peripheral,0.5,5,0.2053,"получил 10 тыс. KZT от 1; обход обрезан 4-м коленом, вероятность что конечный 0.58 — роль не присваиваем",R5.peripheral,4,False,1,0,10000.0,0.0,1,0,0.0003788472368268373,0.0,-0.0,6.34e-08,0.0,10000.0,0.0,0,True,unknown_truncated,0.5813,,,1,1,False,False,False,0.0,0,1877,False
100000004241142100,peripheral,0.5,1,0.2922,"получил 27 тыс. KZT от 1; обход обрезан 4-м коленом, вероятность что конечный 0.59 — роль не присваиваем",R5.peripheral,4,False,1,0,27102.0,0.0,1,0,0.0005301329725055725,0.0,-0.0,0.0,0.0,27102.0,0.0,0,True,unknown_truncated,0.5872,,,1,1,False,False,False,0.0,0,1877,False
100000008190411100,peripheral,0.5,4,0.4817,"получил 198 тыс. KZT от 1; обход обрезан 4-м коленом, вероятность что конечный 0.20 — роль не присваиваем",R5.peripheral,4,False,1,0,198450.0,0.0,12,0,0.0004241348636842555,0.0,-0.0,1.41e-08,0.0,198450.0,0.0,0,True,unknown_truncated,0.2,,,1,2,False,False,False,0.5,0,1877,False
100000008699083100,terminal,0.769,12,0.4495,"получил 238 тыс. KZT от 1; обход обрезан 4-м коленом, вероятность что конечный 0.77 по модели на коленах 1-3","R4c.terminal: обрезан 4-м коленом, terminal_p >= 0.7",4,False,1,0,238500.0,0.0,1,0,0.00030640170893457807,0.0,-0.0,2.119e-07,0.0,238500.0,0.0,0,True,unknown_truncated,0.7693,,,1,1,False,False,False,0.0,0,1877,False
100000008136608100,peripheral,0.5,8,0.432,"получил 170 тыс. KZT от 1; обход обрезан 4-м коленом, вероятность что конечный 0.63 — роль не присваиваем",R5.peripheral,4,False,1,0,170000.0,0.0,1,0,0.0005643778935793348,0.0,-0.0,0.0,0.0,170000.0,0.0,0,True,unknown_truncated,0.6288,,,1,1,False,False,False,0.0,0,1877,False
100000008695157100,peripheral,0.5,5,0.4754,"получил 426 тыс. KZT от 1; обход обрезан 4-м коленом, вероятность что конечный 0.50 — роль не присваиваем",R5.peripheral,4,False,1,0,425546.0,0.0,3,0,0.0004975174254247265,0.0,-0.0,3.2e-09,0.0,425546.0,0.0,0,True,unknown_truncated,0.4978,,,1,1,False,False,False,0.0,0,1877,False
100000000369781100,peripheral,0.5,6,0.1909,"получил 5 тыс. KZT от 1; обход обрезан 4-м коленом, вероятность что конечный 0.55 — роль не присваиваем",R5.peripheral,4,False,1,0,5000.0,0.0,1,0,0.0005324777910582551,0.0,-0.0,0.0,0.0,5000.0,0.0,0,True,unknown_truncated,0.5451,,,1,1,False,False,False,0.0,0,1877,False
100000003133045100,peripheral,0.5,4,0.3495,"получил 68 тыс. KZT от 1; обход обрезан 4-м коленом, вероятность что конечный 0.65 — роль не присваиваем",R5.peripheral,4,False,1,0,68000.0,0.0,1,0,0.0003330495598950611,0.0,-0.0,1.41e-08,0.0,68000.0,0.0,0,True,unknown_truncated,0.6533,,,1,1,False,False,False,0.0,0,1877,False
100000002474570100,terminal,0.734,17,0.1795,"получил 7 тыс. KZT от 1; обход обрезан 4-м коленом, вероятность что конечный 0.73 по модели на коленах 1-3","R4c.terminal: обрезан 4-м коленом, terminal_p >= 0.7",4,False,1,0,6750.0,0.0,1,0,0.0002891815541283865,0.0,-0.0,3.6874e-06,0.0,6750.0,0.0,0,True,unknown_truncated,0.7343,,,1,1,False,False,False,0.0,0,1877,False
100000002514975100,peripheral,0.5,26,0.2519,"получил 18 тыс. KZT от 1; обход обрезан 4-м коленом, вероятность что конечный 0.58 — роль не присваиваем",R5.peripheral,4,False,1,0,17920.0,0.0,1,0,0.0005310425183631411,0.0,-0.0,0.0,0.0,17920.0,0.0,0,True,unknown_truncated,0.5823,,,1,1,False,False,False,0.0,0,1877,False
100000001089055100,peripheral,0.5,15,0.2113,"получил 13 тыс. KZT от 1; обход обрезан 4-м коленом, вероятность что конечный 0.61 — роль не присваиваем",R5.peripheral,4,False,1,0,13000.0,0.0,1,0,0.00032930768290613944,0.0,-0.0,2.83749e-05,0.0,13000.0,0.0,0,True,unknown_truncated,0.6095,,,1,1,False,False,False,0.0,0,1877,False
100000000608031100,peripheral,0.5,15,0.3016,"получил 30 тыс. KZT от 1; обход обрезан 4-м коленом, вероятность что конечный 0.59 — роль не присваиваем",R5.peripheral,4,False,1,0,30000.0,0.0,1,0,0.0005386366709608561,0.0,-0.0,0.0,0.0,30000.0,0.0,0,True,unknown_truncated,0.5939,,,1,1,False,False,False,0.0,0,1877,False
100000002659103100,peripheral,0.5,45,0.4116,"получил 165 тыс. KZT от 1; обход обрезан 4-м коленом, вероятность что конечный 0.67 — роль не присваиваем",R5.peripheral,4,False,1,0,165000.0,0.0,1,0,0.000349710524256835,0.0,-0.0,7.661e-07,0.0,165000.0,0.0,0,True,unknown_truncated,0.672,,,1,1,False,False,False,0.0,0,1877,False
100000000733940100,peripheral,0.5,31,0.4924,"получил 752 тыс. KZT от 1; обход обрезан 4-м коленом, вероятность что конечный 0.57 — роль не присваиваем",R5.peripheral,4,False,1,0,752000.0,0.0,2,0,0.00041118521018324706,0.0,-0.0,0.0,0.0,752000.0,0.0,0,True,unknown_truncated,0.5705,,,1,1,False,False,False,0.0,0,1877,False
100000001537524100,terminal,0.761,12,0.414,"получил 150 тыс. KZT от 1; обход обрезан 4-м коленом, вероятность что конечный 0.76 по модели на коленах 1-3","R4c.terminal: обрезан 4-м коленом, terminal_p >= 0.7",4,False,1,0,150000.0,0.0,1,0,0.0002986714418382259,0.0,-0.0,2.119e-07,0.0,150000.0,0.0,0,True,unknown_truncated,0.7614,,,1,1,False,False,False,0.0,0,1877,False
100000002971593100,peripheral,0.5,6,0.3378,"получил 49 тыс. KZT от 1; обход обрезан 4-м коленом, вероятность что конечный 0.60 — роль не присваиваем",R5.peripheral,4,False,1,0,49050.0,0.0,1,0,0.0005303801543957137,0.0,-0.0,0.0,0.0,49050.0,0.0,0,True,unknown_truncated,0.5979,,,1,1,False,False,False,0.0,0,1877,False
100000006918814100,peripheral,0.5,2,0.2341,"получил 20 тыс. KZT от 1; обход обрезан 4-м коленом, вероятность что конечный 0.54 — роль не присваиваем",R5.peripheral,4,False,1,0,20000.0,0.0,2,0,0.0003043279710896778,0.0,-0.0,5.07852e-05,0.0,20000.0,0.0,0,True,unknown_truncated,0.543,,,1,1,False,False,False,0.0,0,1877,False
100000007381662100,terminal,0.71,1,0.2146,"получил 11 тыс. KZT от 1; обход обрезан 4-м коленом, вероятность что конечный 0.71 по модели на коленах 1-3","R4c.terminal: обрезан 4-м коленом, terminal_p >= 0.7",4,False,1,0,11000.0,0.0,1,0,0.00029683392810289037,0.0,-0.0,3.1485e-05,0.0,11000.0,0.0,0,True,unknown_truncated,0.7103,,,1,1,False,False,False,0.0,0,1877,False
100000003199390100,peripheral,0.5,6,0.4426,"получил 260 тыс. KZT от 1; обход обрезан 4-м коленом, вероятность что конечный 0.67 — роль не присваиваем",R5.peripheral,4,False,1,0,260000.0,0.0,1,0,0.00037663319077753615,0.0,-0.0,0.0,0.0,260000.0,0.0,0,True,unknown_truncated,0.6683,,,1,1,False,False,False,0.0,0,1877,False
100000007749747100,peripheral,0.5,4,0.3374,"получил 50 тыс. KZT от 1; обход обрезан 4-м коленом, вероятность что конечный 0.62 — роль не присваиваем",R5.peripheral,4,False,1,0,50000.0,0.0,1,0,0.0004436219671018509,0.0,-0.0,0.0,0.0,50000.0,0.0,0,True,unknown_truncated,0.6196,,,1,1,False,False,False,0.0,0,1877,False
100000003447411100,peripheral,0.5,5,0.4367,"получил 302 тыс. KZT от 1; обход обрезан 4-м коленом, вероятность что конечный 0.61 — роль не присваиваем",R5.peripheral,4,False,1,0,302000.0,0.0,3,0,0.00030581844296807327,0.0,-0.0,0.0001136572,0.0,302000.0,0.0,0,True,unknown_truncated,0.6103,,,1,1,False,False,False,0.0,0,1877,False
100000000500040100,terminal,0.721,1,0.2627,"получил 20 тыс. KZT от 1; обход обрезан 4-м коленом, вероятность что конечный 0.72 по модели на коленах 1-3","R4c.terminal: обрезан 4-м коленом, terminal_p >= 0.7",4,False,1,0,20000.0,0.0,1,0,0.0003060504467365633,0.0,-0.0,3.1485e-05,0.0,20000.0,0.0,0,True,unknown_truncated,0.7211,,,1,1,False,False,False,0.0,0,1877,False
100000008551752100,peripheral,0.5,41,0.4619,"получил 406 тыс. KZT от 1; обход обрезан 4-м коленом, вероятность что конечный 0.59 — роль не присваиваем",R5.peripheral,4,False,1,0,406000.0,0.0,2,0,0.0003415570643909756,0.0,-0.0,0.0,0.0,406000.0,0.0,0,True,unknown_truncated,0.5915,,,1,1,False,False,False,0.0,0,1877,False
100000002876914100,terminal,0.745,17,0.2102,"получил 12 тыс. KZT от 1; обход обрезан 4-м коленом, вероятность что конечный 0.75 по модели на коленах 1-3","R4c.terminal: обрезан 4-м коленом, terminal_p >= 0.7",4,False,1,0,12000.0,0.0,1,0,0.00029199108961479477,0.0,-0.0,3.6874e-06,0.0,12000.0,0.0,0,True,unknown_truncated,0.7451,,,1,1,False,False,False,0.0,0,1877,False
100000004571634100,peripheral,0.5,9,0.2516,"получил 20 тыс. KZT от 1; обход обрезан 4-м коленом, вероятность что конечный 0.61 — роль не присваиваем",R5.peripheral,4,False,1,0,20000.0,0.0,1,0,0.00037417734894680267,0.0,-0.0,0.0,0.0,20000.0,0.0,0,True,unknown_truncated,0.6117,,,1,1,False,False,False,0.0,0,1877,False
100000004610802100,peripheral,0.5,59,0.4972,"получил 241 тыс. KZT от 1; обход обрезан 4-м коленом, вероятность что конечный 0.13 — роль не присваиваем | дробление: 18 поступлений по 13 тыс. в среднем",R5.peripheral,4,False,1,0,241000.0,0.0,18,0,0.0004739522248641112,0.0,-0.0,0.0,0.0,241000.0,0.0,0,True,unknown_truncated,0.1346,,,1,2,False,False,True,0.5,0,1877,False
100000001311175100,peripheral,0.5,12,0.4621,"получил 300 тыс. KZT от 1; обход обрезан 4-м коленом, вероятность что конечный 0.66 — роль не присваиваем",R5.peripheral,4,False,1,0,300000.0,0.0,1,0,0.0005315144876960884,0.0,-0.0,0.0,0.0,300000.0,0.0,0,True,unknown_truncated,0.6614,,,1,1,False,False,False,0.0,0,1877,False
100000008740295100,terminal,0.804,4,0.4735,"получил 300 тыс. KZT от 1; обход обрезан 4-м коленом, вероятность что конечный 0.80 по модели на коленах 1-3","R4c.terminal: обрезан 4-м коленом, terminal_p >= 0.7",4,False,1,0,300000.0,0.0,1,0,0.00032503660932612125,0.0,-0.0,1.2761e-06,0.0,300000.0,0.0,0,True,unknown_truncated,0.8036,,,1,1,False,False,False,0.0,0,1877,False
100000002596039100,terminal,0.777,5,0.4584,"получил 280 тыс. KZT от 1; обход обрезан 4-м коленом, вероятность что конечный 0.78 по модели на коленах 1-3","R4c.terminal: обрезан 4-м коленом, terminal_p >= 0.7",4,False,1,0,280000.0,0.0,1,0,0.00030434333941669174,0.0,-0.0,0.0001136572,0.0,280000.0,0.0,0,True,unknown_truncated,0.7771,,,1,1,False,False,False,0.0,0,1877,False
100000002126791100,peripheral,0.5,4,0.5145,"получил 1.3 млн KZT от 1; обход обрезан 4-м коленом, вероятность что конечный 0.48 — роль не присваиваем",R5.peripheral,4,False,1,0,1313000.0,0.0,3,0,0.0005716806006060716,0.0,-0.0,0.0,0.0,1313000.0,0.0,0,True,unknown_truncated,0.484,,,1,1,False,False,False,0.0,0,1877,False
100000005783452100,peripheral,0.5,12,0.5735,"получил 286 тыс. KZT от 2; обход обрезан 4-м коленом, вероятность что конечный 0.54 — роль не присваиваем",R5.peripheral,4,False,2,0,286500.0,0.0,2,0,0.00031441856690158417,0.0,-0.0,1.4881e-06,0.0,286500.0,0.0,0,True,unknown_truncated,0.5356,,,2,1,False,False,False,0.5,0,1877,False
100000006693788100,peripheral,0.5,1,0.221,"получил 11 тыс. KZT от 1; обход обрезан 4-м коленом, вероятность что конечный 0.57 — роль не присваиваем",R5.peripheral,4,False,1,0,10764.0,0.0,1,0,0.0005320949120369095,0.0,-0.0,0.0,0.0,10764.0,0.0,0,True,unknown_truncated,0.568,,,1,1,False,False,False,0.0,0,1877,False
100000002832753100,peripheral,0.5,14,0.2351,"получил 12 тыс. KZT от 1; обход обрезан 4-м коленом, вероятность что конечный 0.57 — роль не присваиваем",R5.peripheral,4,False,1,0,12500.0,0.0,1,0,0.0007555331214190848,0.0,-0.0,0.0,0.0,12500.0,0.0,0,True,unknown_truncated,0.5681,,,1,1,False,False,False,0.0,0,1877,False
100000002981489100,peripheral,0.5,6,0.1629,"получил 10 тыс. KZT от 1; обход обрезан 4-м коленом, вероятность что конечный 0.62 — роль не присваиваем",R5.peripheral,4,False,1,0,10000.0,0.0,1,0,0.0002883312964836393,0.0,-0.0,0.0,0.0,10000.0,0.0,0,True,unknown_truncated,0.6159,,,1,1,False,False,False,0.0,0,1877,False
100000003084870100,peripheral,0.5,12,0.1861,"получил 6 тыс. KZT от 1; обход обрезан 4-м коленом, вероятность что конечный 0.57 — роль не присваиваем",R5.peripheral,4,False,1,0,6500.0,0.0,1,0,0.0003451786560651282,0.0,-0.0,0.0,0.0,6500.0,0.0,0,True,unknown_truncated,0.5706,,,1,1,False,False,False,0.0,0,1877,False
100000002791494100,terminal,0.781,8,0.3895,"получил 86 тыс. KZT от 1; обход обрезан 4-м коленом, вероятность что конечный 0.78 по модели на коленах 1-3","R4c.terminal: обрезан 4-м коленом, terminal_p >= 0.7",4,False,1,0,85860.0,0.0,1,0,0.00031770918329048663,0.0,-0.0,2.7583e-06,0.0,85860.0,0.0,0,True,unknown_truncated,0.7807,,,1,1,False,False,False,0.0,0,1877,False
100000003345947100,peripheral,0.5,5,0.4774,"получил 80 тыс. KZT от 1; обход обрезан 4-м коленом, вероятность что конечный 0.28 — роль не присваиваем | дробление: 6 переводов от одного плательщика за день",R5.peripheral,4,False,1,0,79500.0,0.0,6,0,0.0004947659232077648,0.0,-0.0,0.0,0.0,79500.0,0.0,0,True,unknown_truncated,0.2847,,,1,6,False,False,True,1.0,0,1877,False
100000002733083100,terminal,0.749,8,0.224,"получил 15 тыс. KZT от 1; обход обрезан 4-м коленом, вероятность что конечный 0.75 по модели на коленах 1-3","R4c.terminal: обрезан 4-м коленом, terminal_p >= 0.7",4,False,1,0,15200.0,0.0,1,0,0.00029125909521790267,0.0,-0.0,2.7583e-06,0.0,15200.0,0.0,0,True,unknown_truncated,0.7492,,,1,1,False,False,False,0.0,0,1877,False
100000003247600100,peripheral,0.5,2,0.3659,"получил 58 тыс. KZT от 1; обход обрезан 4-м коленом, вероятность что конечный 0.61 — роль не присваиваем",R5.peripheral,4,False,1,0,58000.0,0.0,1,0,0.000841209095166374,0.0,-0.0,0.0,0.0,58000.0,0.0,0,True,unknown_truncated,0.6054,,,1,1,False,False,False,0.0,0,1877,False
100000001378288100,peripheral,0.5,5,0.4532,"получил 268 тыс. KZT от 1; обход обрезан 4-м коленом, вероятность что конечный 0.46 — роль не присваиваем",R5.peripheral,4,False,1,0,268000.0,0.0,3,0,0.0005234508868762789,0.0,-0.0,0.0,0.0,268000.0,0.0,0,True,unknown_truncated,0.4597,,,1,1,False,False,False,0.0,0,1877,False
100000002305477100,peripheral,0.5,21,0.2392,"получил 20 тыс. KZT от 1; обход обрезан 4-м коленом, вероятность что конечный 0.64 — роль не присваиваем",R5.peripheral,4,False,1,0,20000.0,0.0,1,0,0.00031330607221466205,0.0,-0.0,0.0,0.0,20000.0,0.0,0,True,unknown_truncated,0.6415,,,1,1,False,False,False,0.0,0,1877,False
100000006638021100,peripheral,0.5,48,0.6125,"получил 388 тыс. KZT от 2; обход обрезан 4-м коленом, вероятность что конечный 0.45 — роль не присваиваем",R5.peripheral,4,False,2,0,388500.0,0.0,2,0,0.0005444856962899737,0.0,-0.0,0.0,0.0,388500.0,0.0,0,True,unknown_truncated,0.4537,,,2,1,False,False,False,0.5,0,1877,False
100000008517061100,peripheral,0.5,13,0.6129,"получил 1.8 млн KZT от 1; обход обрезан 4-м коленом, вероятность что конечный 0.49 — роль не присваиваем | дробление: 4 перевода от одного плательщика за день",R5.peripheral,4,False,1,0,1844000.0,0.0,4,0,0.0004130567179862461,0.0,-0.0,5.92e-08,0.0,1844000.0,0.0,0,True,unknown_truncated,0.4854,,,1,4,False,False,True,1.0,0,1877,False
100000005910895100,peripheral,0.5,33,0.1991,"получил 5 тыс. KZT от 1; обход обрезан 4-м коленом, вероятность что конечный 0.55 — роль не присваиваем",R5.peripheral,4,False,1,0,5100.0,0.0,1,0,0.0005976000607837513,0.0,-0.0,0.0,0.0,5100.0,0.0,0,True,unknown_truncated,0.5544,,,1,1,False,False,False,0.0,0,1877,False
100000002723439100,peripheral,0.5,33,0.2569,"получил 18 тыс. KZT от 1; обход обрезан 4-м коленом, вероятность что конечный 0.48 — роль не присваиваем",R5.peripheral,4,False,1,0,18000.0,0.0,2,0,0.0005526233540248626,0.0,-0.0,0.0,0.0,18000.0,0.0,0,True,unknown_truncated,0.4813,,,1,1,False,False,False,0.0,0,1877,False
100000002320495100,peripheral,0.5,15,0.2312,"получил 14 тыс. KZT от 1; обход обрезан 4-м коленом, вероятность что конечный 0.57 — роль не присваиваем",R5.peripheral,4,False,1,0,13526.27,0.0,1,0,0.0005354179344206204,0.0,-0.0,0.0,0.0,13526.27,0.0,0,True,unknown_truncated,0.57,,,1,1,False,False,False,0.0,0,1877,False
100000002229615100,peripheral,0.5,21,0.2906,"получил 25 тыс. KZT от 1; обход обрезан 4-м коленом, вероятность что конечный 0.58 — роль не присваиваем",R5.peripheral,4,False,1,0,25000.0,0.0,1,0,0.0007184983881728341,0.0,-0.0,0.0,0.0,25000.0,0.0,0,True,unknown_truncated,0.5843,,,1,1,False,False,False,0.0,0,1877,False
100000008327791100,peripheral,0.5,15,0.223,"получил 11 тыс. KZT от 1; обход обрезан 4-м коленом, вероятность что конечный 0.57 — роль не присваиваем",R5.peripheral,4,False,1,0,11000.0,0.0,1,0,0.0005367685704661624,0.0,-0.0,0.0,0.0,11000.0,0.0,0,True,unknown_truncated,0.5722,,,1,1,False,False,False,0.0,0,1877,False
100000002208836100,peripheral,0.5,6,0.3671,"получил 90 тыс. KZT от 1; обход обрезан 4-м коленом, вероятность что конечный 0.64 — роль не присваиваем",R5.peripheral,4,False,1,0,90000.0,0.0,1,0,0.000329818544919523,0.0,-0.0,0.0,0.0,90000.0,0.0,0,True,unknown_truncated,0.6383,,,1,1,False,False,False,0.0,0,1877,False
100000001724740100,peripheral,0.5,4,0.4845,"получил 185 тыс. KZT от 1; обход обрезан 4-м коленом, вероятность что конечный 0.37 — роль не присваиваем",R5.peripheral,4,False,1,0,185000.0,0.0,4,0,0.0005364804152149856,0.0,-0.0,0.0,0.0,185000.0,0.0,0,True,unknown_truncated,0.3743,,,1,2,False,False,False,0.5,0,1877,False
100000004386286100,peripheral,0.5,11,0.2321,"получил 12 тыс. KZT от 1; обход обрезан 4-м коленом, вероятность что конечный 0.59 — роль не присваиваем",R5.peripheral,4,False,1,0,12500.0,0.0,1,0,0.0005972866869113208,0.0,-0.0,0.0,0.0,12500.0,0.0,0,True,unknown_truncated,0.5929,,,1,1,False,False,False,0.0,0,1877,False
100000001714883100,terminal,0.736,17,0.1803,"получил 7 тыс. KZT от 1; обход обрезан 4-м коленом, вероятность что конечный 0.74 по модели на коленах 1-3","R4c.terminal: обрезан 4-м коленом, terminal_p >= 0.7",4,False,1,0,6900.0,0.0,1,0,0.00028926182657085535,0.0,-0.0,3.6874e-06,0.0,6900.0,0.0,0,True,unknown_truncated,0.736,,,1,1,False,False,False,0.0,0,1877,False
100000008337304100,peripheral,0.5,5,0.4385,"получил 105 тыс. KZT от 1; обход обрезан 4-м коленом, вероятность что конечный 0.55 — роль не присваиваем",R5.peripheral,4,False,1,0,105465.0,0.0,2,0,0.0003542650469239118,0.0,-0.0,0.0,0.0,105465.0,0.0,0,True,unknown_truncated,0.546,,,1,2,False,False,False,0.5,0,1877,False
100000000655469100,peripheral,0.5,21,0.2477,"получил 20 тыс. KZT от 1; обход обрезан 4-м коленом, вероятность что конечный 0.51 — роль не присваиваем",R5.peripheral,4,False,1,0,20000.0,0.0,2,0,0.00034543115072670764,0.0,-0.0,0.0,0.0,20000.0,0.0,0,True,unknown_truncated,0.5118,,,1,1,False,False,False,0.0,0,1877,False
100000008722541100,peripheral,0.5,6,0.448,"получил 280 тыс. KZT от 1; обход обрезан 4-м коленом, вероятность что конечный 0.42 — роль не присваиваем",R5.peripheral,4,False,1,0,280000.0,0.0,4,0,0.0003836381058975551,0.0,-0.0,0.0,0.0,280000.0,0.0,0,True,unknown_truncated,0.4151,,,1,1,False,False,False,0.0,0,1877,False
100000004222274100,peripheral,0.5,1,0.2423,"получил 16 тыс. KZT от 1; обход обрезан 4-м коленом, вероятность что конечный 0.58 — роль не присваиваем",R5.peripheral,4,False,1,0,15500.0,0.0,1,0,0.0005454170226679202,0.0,-0.0,0.0,0.0,15500.0,0.0,0,True,unknown_truncated,0.5802,,,1,1,False,False,False,0.0,0,1877,False
100000006232642100,peripheral,0.5,42,0.4759,"получил 456 тыс. KZT от 1; обход обрезан 4-м коленом, вероятность что конечный 0.42 — роль не присваиваем",R5.peripheral,4,False,1,0,456000.0,0.0,4,0,0.0004278560911161392,0.0,-0.0,1.2072e-06,0.0,456000.0,0.0,0,True,unknown_truncated,0.4225,,,1,1,False,False,False,0.0,0,1877,False
100000004066370100,peripheral,0.5,37,0.3685,"получил 65 тыс. KZT от 1; обход обрезан 4-м коленом, вероятность что конечный 0.51 — роль не присваиваем",R5.peripheral,4,False,1,0,65000.0,0.0,2,0,0.0005893461583954309,0.0,-0.0,0.0,0.0,65000.0,0.0,0,True,unknown_truncated,0.5086,,,1,1,False,False,False,0.0,0,1877,False
100000005685783100,peripheral,0.5,0,0.2886,"получил 26 тыс. KZT от 1; обход обрезан 4-м коленом, вероятность что конечный 0.59 — роль не присваиваем",R5.peripheral,4,False,1,0,26150.0,0.0,1,0,0.0005320610913052164,0.0,-0.0,0.0,0.0,26150.0,0.0,0,True,unknown_truncated,0.5924,,,1,1,False,False,False,0.0,0,270,False
100000006171671100,peripheral,0.5,1,0.2138,"получил 10 тыс. KZT от 1; обход обрезан 4-м коленом, вероятность что конечный 0.56 — роль не присваиваем",R5.peripheral,4,False,1,0,10000.0,0.0,1,0,0.0005290656990407915,0.0,-0.0,0.0,0.0,10000.0,0.0,0,True,unknown_truncated,0.5625,,,1,1,False,False,False,0.0,0,1877,False
100000003481025100,peripheral,0.5,1,0.2076,"получил 9 тыс. KZT от 1; обход обрезан 4-м коленом, вероятность что конечный 0.56 — роль не присваиваем",R5.peripheral,4,False,1,0,9000.0,0.0,1,0,0.0005310260909453542,0.0,-0.0,0.0,0.0,9000.0,0.0,0,True,unknown_truncated,0.5604,,,1,1,False,False,False,0.0,0,1877,False
100000003646145100,peripheral,0.5,32,0.1975,"получил 5 тыс. KZT от 1; обход обрезан 4-м коленом, вероятность что конечный 0.56 — роль не присваиваем",R5.peripheral,4,False,1,0,5000.0,0.0,1,0,0.0006536813277109168,0.0,-0.0,0.0,0.0,5000.0,0.0,0,True,unknown_truncated,0.5621,,,1,1,False,False,False,0.0,0,1877,False
100000002659265100,peripheral,0.5,4,0.3955,"получил 141 тыс. KZT от 1; обход обрезан 4-м коленом, вероятность что конечный 0.70 — роль не присваиваем",R5.peripheral,4,False,1,0,141000.0,0.0,1,0,0.00031969973198944253,0.0,-0.0,3.09e-08,0.0,141000.0,0.0,0,True,unknown_truncated,0.6981,,,1,1,False,False,False,0.0,0,1877,False
100000003289281100,peripheral,0.5,1,0.3261,"получил 40 тыс. KZT от 1; обход обрезан 4-м коленом, вероятность что конечный 0.60 — роль не присваиваем",R5.peripheral,4,False,1,0,40000.0,0.0,1,0,0.0005967179150727075,0.0,-0.0,0.0,0.0,40000.0,0.0,0,True,unknown_truncated,0.6009,,,1,1,False,False,False,0.0,0,1877,False
100000004840086100,peripheral,0.5,1,0.4477,"получил 100 тыс. KZT от 1; обход обрезан 4-м коленом, вероятность что конечный 0.50 — роль не присваиваем",R5.peripheral,4,False,1,0,100000.0,0.0,2,0,0.0005391572563123882,0.0,-0.0,0.0,0.0,100000.0,0.0,0,True,unknown_truncated,0.5017,,,1,2,False,False,False,0.5,0,1877,False
100000008554390100,terminal,0.748,17,0.2196,"получил 14 тыс. KZT от 1; обход обрезан 4-м коленом, вероятность что конечный 0.75 по модели на коленах 1-3","R4c.terminal: обрезан 4-м коленом, terminal_p >= 0.7",4,False,1,0,14000.0,0.0,1,0,0.0002930613888477122,0.0,-0.0,3.6874e-06,0.0,14000.0,0.0,0,True,unknown_truncated,0.7477,,,1,1,False,False,False,0.0,0,1877,False
100000004691350100,peripheral,0.5,50,0.2395,"получил 13 тыс. KZT от 1; обход обрезан 4-м коленом, вероятность что конечный 0.57 — роль не присваиваем",R5.peripheral,4,False,1,0,13300.0,0.0,1,0,0.0008870591048616315,0.0,-0.0,0.0,0.0,13300.0,0.0,0,True,unknown_truncated,0.5686,,,1,1,False,False,False,0.0,0,1877,False
100000004652395100,peripheral,0.5,5,0.5848,"получил 102 тыс. KZT от 3; обход обрезан 4-м коленом, вероятность что конечный 0.27 — роль не присваиваем | 3 плательщика в один день",R5.peripheral,4,False,3,0,101528.0,0.0,5,0,0.0003357067098927743,0.0,-0.0,0.0001702215,0.0,101528.0,0.0,0,True,unknown_truncated,0.274,,,3,2,False,True,False,1.0,0,1877,False
100000004979264100,peripheral,0.5,4,0.3128,"получил 40 тыс. KZT от 1; обход обрезан 4-м коленом, вероятность что конечный 0.62 — роль не присваиваем",R5.peripheral,4,False,1,0,39800.0,0.0,1,0,0.0004113792218334005,0.0,-0.0,0.0,0.0,39800.0,0.0,0,True,unknown_truncated,0.6168,,,1,1,False,False,False,0.0,0,1877,False
100000008074304100,peripheral,0.5,6,0.1798,"получил 6 тыс. KZT от 1; обход обрезан 4-м коленом, вероятность что конечный 0.56 — роль не присваиваем",R5.peripheral,4,False,1,0,5500.0,0.0,1,0,0.000332421192783094,0.0,-0.0,0.0,0.0,5500.0,0.0,0,True,unknown_truncated,0.565,,,1,1,False,False,False,0.0,0,1877,False
100000002227989100,peripheral,0.5,21,0.2538,"получил 20 тыс. KZT от 1; обход обрезан 4-м коленом, вероятность что конечный 0.62 — роль не присваиваем",R5.peripheral,4,False,1,0,20000.0,0.0,1,0,0.0003944604204613206,0.0,-0.0,0.0,0.0,20000.0,0.0,0,True,unknown_truncated,0.6235,,,1,1,False,False,False,0.0,0,1877,False
100000003207060100,peripheral,0.5,1,0.3432,"получил 53 тыс. KZT от 1; обход обрезан 4-м коленом, вероятность что конечный 0.63 — роль не присваиваем",R5.peripheral,4,False,1,0,53000.0,0.0,1,0,0.0004274431125866961,0.0,-0.0,5.047e-07,0.0,53000.0,0.0,0,True,unknown_truncated,0.6305,,,1,1,False,False,False,0.0,0,1877,False
100000004601193100,peripheral,0.5,9,0.3849,"получил 84 тыс. KZT от 1; обход обрезан 4-м коленом, вероятность что конечный 0.42 — роль не присваиваем",R5.peripheral,4,False,1,0,84000.0,0.0,3,0,0.0006034150427286818,0.0,-0.0,0.0,0.0,84000.0,0.0,0,True,unknown_truncated,0.4185,,,1,1,False,False,False,0.0,0,1877,False
100000004991593100,peripheral,0.5,5,0.3168,"получил 45 тыс. KZT от 1; обход обрезан 4-м коленом, вероятность что конечный 0.54 — роль не присваиваем",R5.peripheral,4,False,1,0,45000.0,0.0,2,0,0.00035489105110696575,0.0,-0.0,2.9953e-05,0.0,45000.0,0.0,0,True,unknown_truncated,0.5441,,,1,1,False,False,False,0.0,0,1877,False
100000003128638100,terminal,0.714,4,0.4777,"получил 300 тыс. KZT от 1; обход обрезан 4-м коленом, вероятность что конечный 0.71 по модели на коленах 1-3","R4c.terminal: обрезан 4-м коленом, terminal_p >= 0.7",4,False,1,0,300000.0,0.0,1,0,0.00035818724692399735,0.0,-0.0,3.09e-08,0.0,300000.0,0.0,0,True,unknown_truncated,0.7137,,,1,1,False,False,False,0.0,0,1877,False
100000005878334100,peripheral,0.5,19,0.366,"получил 76 тыс. KZT от 1; обход обрезан 4-м коленом, вероятность что конечный 0.52 — роль не присваиваем",R5.peripheral,4,False,1,0,76400.0,0.0,2,0,0.0003989642564463477,0.0,-0.0,0.0,0.0,76400.0,0.0,0,True,unknown_truncated,0.5162,,,1,1,False,False,False,0.0,0,1877,False
100000002878483100,terminal,0.732,17,0.1757,"получил 6 тыс. KZT от 1; обход обрезан 4-м коленом, вероятность что конечный 0.73 по модели на коленах 1-3","R4c.terminal: обрезан 4-м коленом, terminal_p >= 0.7",4,False,1,0,6000.0,0.0,1,0,0.0002887801919160425,0.0,-0.0,3.6874e-06,0.0,6000.0,0.0,0,True,unknown_truncated,0.7321,,,1,1,False,False,False,0.0,0,1877,False
100000000981693100,peripheral,0.5,1,0.2446,"получил 16 тыс. KZT от 1; обход обрезан 4-м коленом, вероятность что конечный 0.58 — роль не присваиваем",R5.peripheral,4,False,1,0,16500.0,0.0,1,0,0.0005290815211541508,0.0,-0.0,0.0,0.0,16500.0,0.0,0,True,unknown_truncated,0.5803,,,1,1,False,False,False,0.0,0,1877,False
100000006416061100,peripheral,0.5,5,0.2949,"получил 30 тыс. KZT от 1; обход обрезан 4-м коленом, вероятность что конечный 0.62 — роль не присваиваем",R5.peripheral,4,False,1,0,30000.0,0.0,1,0,0.0004348563786213122,0.0,-0.0,0.0,0.0,30000.0,0.0,0,True,unknown_truncated,0.6248,,,1,1,False,False,False,0.0,0,1877,False
100000008168850100,peripheral,0.5,6,0.4325,"получил 188 тыс. KZT от 1; обход обрезан 4-м коленом, вероятность что конечный 0.52 — роль не присваиваем",R5.peripheral,4,False,1,0,187910.0,0.0,2,0,0.000533079579985651,0.0,-0.0,0.0,0.0,187910.0,0.0,0,True,unknown_truncated,0.5168,,,1,1,False,False,False,0.0,0,1877,False
100000004747154100,peripheral,0.5,4,0.3492,"получил 67 тыс. KZT от 1; обход обрезан 4-м коленом, вероятность что конечный 0.65 — роль не присваиваем",R5.peripheral,4,False,1,0,67000.0,0.0,1,0,0.00033235132069391743,0.0,-0.0,1.41e-08,0.0,67000.0,0.0,0,True,unknown_truncated,0.6517,,,1,1,False,False,False,0.0,0,1877,False
100000008524903100,peripheral,0.5,1,0.2203,"получил 15 тыс. KZT от 1; обход обрезан 4-м коленом, вероятность что конечный 0.59 — роль не присваиваем",R5.peripheral,4,False,1,0,15000.0,0.0,1,0,0.00033177325018699015,0.0,-0.0,0.0,0.0,15000.0,0.0,0,True,unknown_truncated,0.5928,,,1,1,False,False,False,0.0,0,1877,False
100000005049404100,peripheral,0.5,6,0.3679,"получил 98 тыс. KZT от 1; обход обрезан 4-м коленом, вероятность что конечный 0.55 — роль не присваиваем",R5.peripheral,4,False,1,0,98000.0,0.0,2,0,0.00031263691642751117,0.0,-0.0,0.0,0.0,98000.0,0.0,0,True,unknown_truncated,0.5538,,,1,1,False,False,False,0.0,0,1877,False
100000002258492100,peripheral,0.5,18,0.2097,"получил 9 тыс. KZT от 1; обход обрезан 4-м коленом, вероятность что конечный 0.56 — роль не присваиваем",R5.peripheral,4,False,1,0,9000.0,0.0,1,0,0.0005401265380892341,0.0,-0.0,0.0,0.0,9000.0,0.0,0,True,unknown_truncated,0.56,,,1,1,False,False,False,0.0,0,1877,False
100000005497148100,peripheral,0.5,6,0.275,"получил 24 тыс. KZT от 1; обход обрезан 4-м коленом, вероятность что конечный 0.48 — роль не присваиваем",R5.peripheral,4,False,1,0,24000.0,0.0,2,0,0.0004900139425044343,0.0,-0.0,0.0,0.0,24000.0,0.0,0,True,unknown_truncated,0.4833,,,1,1,False,False,False,0.0,0,1877,False
100000004596284100,peripheral,0.5,3,0.3053,"получил 30 тыс. KZT от 1; обход обрезан 4-м коленом, вероятность что конечный 0.59 — роль не присваиваем",R5.peripheral,4,False,1,0,30000.0,0.0,1,0,0.0005914888430857128,0.0,-0.0,0.0,0.0,30000.0,0.0,0,True,unknown_truncated,0.5896,,,1,1,False,False,False,0.0,0,1877,False
100000007960337100,peripheral,0.5,5,0.2846,"получил 36 тыс. KZT от 1; обход обрезан 4-м коленом, вероятность что конечный 0.63 — роль не присваиваем",R5.peripheral,4,False,1,0,35500.0,0.0,1,0,0.00030276808937766117,0.0,-0.0,0.0,0.0,35500.0,0.0,0,True,unknown_truncated,0.6263,,,1,1,False,False,False,0.0,0,1877,False
100000003180305100,peripheral,0.5,1,0.4151,"получил 144 тыс. KZT от 1; обход обрезан 4-м коленом, вероятность что конечный 0.64 — роль не присваиваем",R5.peripheral,4,False,1,0,144000.0,0.0,1,0,0.0005280565512084151,0.0,-0.0,0.0,0.0,144000.0,0.0,0,True,unknown_truncated,0.6394,,,1,1,False,False,False,0.0,0,1877,False
100000007653094100,peripheral,0.5,10,0.2484,"получил 16 тыс. KZT от 1; обход обрезан 4-м коленом, вероятность что конечный 0.59 — роль не присваиваем",R5.peripheral,4,False,1,0,16000.0,0.0,1,0,0.0005754742432917488,0.0,-0.0,0.0,0.0,16000.0,0.0,0,True,unknown_truncated,0.5913,,,1,1,False,False,False,0.0,0,1877,False
100000008175078100,peripheral,0.5,36,0.6158,"получил 1.8 млн KZT от 1; обход обрезан 4-м коленом, вероятность что конечный 0.20 — роль не присваиваем | дробление: 4 перевода от одного плательщика за день",R5.peripheral,4,False,1,0,1846711.0,0.0,15,0,0.00046907194584128176,0.0,-0.0,0.0,0.0,1846711.0,0.0,0,True,unknown_truncated,0.2029,,,1,4,False,False,True,1.0,0,1877,False
100000004263867100,terminal,0.741,17,0.1901,"получил 9 тыс. KZT от 1; обход обрезан 4-м коленом, вероятность что конечный 0.74 по модели на коленах 1-3","R4c.terminal: обрезан 4-м коленом, terminal_p >= 0.7",4,False,1,0,9000.0,0.0,1,0,0.00029038564076541864,0.0,-0.0,3.6874e-06,0.0,9000.0,0.0,0,True,unknown_truncated,0.7412,,,1,1,False,False,False,0.0,0,1877,False
100000002194320100,peripheral,0.5,57,0.4531,"получил 275 тыс. KZT от 1; обход обрезан 4-м коленом, вероятность что конечный 0.65 — роль не присваиваем",R5.peripheral,4,False,1,0,275000.0,0.0,1,0,0.0004865679346318247,0.0,-0.0,0.0,0.0,275000.0,0.0,0,True,unknown_truncated,0.6545,,,1,1,False,False,False,0.0,0,1877,False
100000001222245100,peripheral,0.5,6,0.48,"получил 420 тыс. KZT от 1; обход обрезан 4-м коленом, вероятность что конечный 0.35 — роль не присваиваем",R5.peripheral,4,False,1,0,420000.0,0.0,5,0,0.0005491629789918033,0.0,-0.0,0.0,0.0,420000.0,0.0,0,True,unknown_truncated,0.3463,,,1,1,False,False,False,0.0,0,1877,False
100000008151098100,peripheral,0.5,26,0.2753,"получил 30 тыс. KZT от 1; обход обрезан 4-м коленом, вероятность что конечный 0.62 — роль не присваиваем",R5.peripheral,4,False,1,0,30000.0,0.0,1,0,0.0003093477246134623,0.0,-0.0,0.0,0.0,30000.0,0.0,0,True,unknown_truncated,0.6219,,,1,1,False,False,False,0.0,0,1877,False
100000008735802100,peripheral,0.5,1,0.3785,"получил 85 тыс. KZT от 1; обход обрезан 4-м коленом, вероятность что конечный 0.52 — роль не присваиваем",R5.peripheral,4,False,1,0,85000.0,0.0,2,0,0.0005087033417052566,0.0,-0.0,0.0,0.0,85000.0,0.0,0,True,unknown_truncated,0.5191,,,1,1,False,False,False,0.0,0,1877,False
100000004047887100,peripheral,0.5,39,0.2469,"получил 30 тыс. KZT от 1; обход обрезан 4-м коленом, вероятность что конечный 0.65 — роль не присваиваем",R5.peripheral,4,False,1,0,30000.0,0.0,1,0,0.00028801399269163803,0.0,-0.0,0.0,0.0,30000.0,0.0,0,True,unknown_truncated,0.6484,,,1,1,False,False,False,0.0,0,1877,False
100000003146511100,peripheral,0.5,10,0.1914,"получил 10 тыс. KZT от 1; обход обрезан 4-м коленом, вероятность что конечный 0.59 — роль не присваиваем",R5.peripheral,4,False,1,0,10000.0,0.0,1,0,0.0003118136674871963,0.0,-0.0,0.0,0.0,10000.0,0.0,0,True,unknown_truncated,0.5925,,,1,1,False,False,False,0.0,0,1877,False
100000007511780100,peripheral,0.5,5,0.4255,"получил 155 тыс. KZT от 1; обход обрезан 4-м коленом, вероятность что конечный 0.53 — роль не присваиваем",R5.peripheral,4,False,1,0,155000.0,0.0,2,0,0.0005577703986813184,0.0,-0.0,1.9156e-06,0.0,155000.0,0.0,0,True,unknown_truncated,0.5328,,,1,1,False,False,False,0.0,0,1877,False
100000007867364100,peripheral,0.5,16,0.32,"получил 42 тыс. KZT от 1; обход обрезан 4-м коленом, вероятность что конечный 0.63 — роль не присваиваем",R5.peripheral,4,False,1,0,41852.0,0.0,1,0,0.0004487382371459393,0.0,-0.0,0.0,0.0,41852.0,0.0,0,True,unknown_truncated,0.6252,,,1,1,False,False,False,0.0,0,1877,False
100000006288612100,peripheral,0.5,11,0.2697,"получил 31 тыс. KZT от 1; обход обрезан 4-м коленом, вероятность что конечный 0.45 — роль не присваиваем",R5.peripheral,4,False,1,0,30805.0,0.0,3,0,0.0002976242451746872,0.0,-0.0,2.3698e-06,0.0,30805.0,0.0,0,True,unknown_truncated,0.453,,,1,1,False,False,False,0.0,0,1877,False
100000006735545100,peripheral,0.5,5,0.1508,"получил 5 тыс. KZT от 1; обход обрезан 4-м коленом, вероятность что конечный 0.61 — роль не присваиваем",R5.peripheral,4,False,1,0,5000.0,0.0,1,0,0.0002932717116494764,0.0,-0.0,2.9953e-05,0.0,5000.0,0.0,0,True,unknown_truncated,0.6105,,,1,1,False,False,False,0.0,0,1877,False
100000004403641100,terminal,0.764,12,0.4262,"получил 172 тыс. KZT от 1; обход обрезан 4-м коленом, вероятность что конечный 0.76 по модели на коленах 1-3","R4c.terminal: обрезан 4-м коленом, terminal_p >= 0.7",4,False,1,0,171500.0,0.0,1,0,0.0003005494163305601,0.0,-0.0,2.119e-07,0.0,171500.0,0.0,0,True,unknown_truncated,0.7637,,,1,1,False,False,False,0.0,0,1877,False
100000003370425100,peripheral,0.5,10,0.2683,"получил 20 тыс. KZT от 1; обход обрезан 4-м коленом, вероятность что конечный 0.60 — роль не присваиваем",R5.peripheral,4,False,1,0,20000.0,0.0,1,0,0.0006479504805603634,0.0,-0.0,0.0,0.0,20000.0,0.0,0,True,unknown_truncated,0.6011,,,1,1,False,False,False,0.0,0,1877,False
100000004350094100,peripheral,0.5,16,0.2718,"получил 20 тыс. KZT от 1; обход обрезан 4-м коленом, вероятность что конечный 0.60 — роль не присваиваем",R5.peripheral,4,False,1,0,20000.0,0.0,1,0,0.0008939457051040829,0.0,-0.0,1.6562e-06,0.0,20000.0,0.0,0,True,unknown_truncated,0.5961,,,1,1,False,False,False,0.0,0,1877,False
100000004911971100,peripheral,0.5,36,0.315,"получил 35 тыс. KZT от 1; обход обрезан 4-м коленом, вероятность что конечный 0.45 — роль не присваиваем",R5.peripheral,4,False,1,0,35000.0,0.0,3,0,0.00028904714906671694,0.0,-0.0,0.0,0.0,35000.0,0.0,0,True,unknown_truncated,0.453,,,1,2,False,False,False,0.5,0,1877,False
100000001202787100,peripheral,0.5,1,0.3052,"получил 15 тыс. KZT от 2; обход обрезан 4-м коленом, вероятность что конечный 0.41 — роль не присваиваем",R5.peripheral,4,False,2,0,14850.0,0.0,2,0,0.00035114494940795466,0.0,-0.0,1.26582e-05,0.0,14850.0,0.0,0,True,unknown_truncated,0.4094,,,1,1,False,False,False,0.0,0,1877,False
100000008469048100,peripheral,0.5,1,0.5106,"получил 265 тыс. KZT от 1; обход обрезан 4-м коленом, вероятность что конечный 0.27 — роль не присваиваем",R5.peripheral,4,False,1,0,265200.0,0.0,7,0,0.0005788057669614698,0.0,-0.0,0.0,0.0,265200.0,0.0,0,True,unknown_truncated,0.267,,,1,2,False,False,False,0.5,0,1877,False
100000002635746100,terminal,0.731,17,0.1709,"получил 5 тыс. KZT от 1; обход обрезан 4-м коленом, вероятность что конечный 0.73 по модели на коленах 1-3","R4c.terminal: обрезан 4-м коленом, terminal_p >= 0.7",4,False,1,0,5300.0,0.0,1,0,0.0002884055871845214,0.0,-0.0,3.6874e-06,0.0,5300.0,0.0,0,True,unknown_truncated,0.7313,,,1,1,False,False,False,0.0,0,1877,False
100000008321975100,peripheral,0.5,21,0.1692,"получил 6 тыс. KZT от 1; обход обрезан 4-м коленом, вероятность что конечный 0.60 — роль не присваиваем",R5.peripheral,4,False,1,0,5900.0,0.0,1,0,0.00030322854188756835,0.0,-0.0,0.0,0.0,5900.0,0.0,0,True,unknown_truncated,0.5995,,,1,1,False,False,False,0.0,0,1877,False
100000003078839100,peripheral,0.5,5,0.21,"получил 14 тыс. KZT от 1; обход обрезан 4-м коленом, вероятность что конечный 0.47 — роль не присваиваем",R5.peripheral,4,False,1,0,14000.0,0.0,2,0,0.0003147926722848653,0.0,-0.0,0.0,0.0,14000.0,0.0,0,True,unknown_truncated,0.4739,,,1,1,False,False,False,0.0,0,1877,False
100000004006327100,peripheral,0.5,4,0.4657,"получил 300 тыс. KZT от 1; обход обрезан 4-м коленом, вероятность что конечный 0.44 — роль не присваиваем",R5.peripheral,4,False,1,0,300000.0,0.0,3,0,0.0005549673062458651,0.0,-0.0,0.0,0.0,300000.0,0.0,0,True,unknown_truncated,0.444,,,1,1,False,False,False,0.0,0,1877,False
100000007865484100,peripheral,0.5,41,0.4814,"получил 585 тыс. KZT от 1; обход обрезан 4-м коленом, вероятность что конечный 0.59 — роль не присваиваем",R5.peripheral,4,False,1,0,584600.0,0.0,2,0,0.00036618616723092687,0.0,-0.0,0.0,0.0,584600.0,0.0,0,True,unknown_truncated,0.5946,,,1,1,False,False,False,0.0,0,1877,False
100000005367180100,peripheral,0.5,5,0.2122,"получил 8 тыс. KZT от 1; обход обрезан 4-м коленом, вероятность что конечный 0.56 — роль не присваиваем",R5.peripheral,4,False,1,0,7700.0,0.0,1,0,0.0007828047220453414,0.0,-0.0,0.0,0.0,7700.0,0.0,0,True,unknown_truncated,0.5618,,,1,1,False,False,False,0.0,0,1877,False
100000001669260100,peripheral,0.5,19,0.4903,"получил 500 тыс. KZT от 1; обход обрезан 4-м коленом, вероятность что конечный 0.65 — роль не присваиваем",R5.peripheral,4,False,1,0,500000.0,0.0,1,0,0.0005601153780204297,0.0,-0.0,0.0,0.0,500000.0,0.0,0,True,unknown_truncated,0.652,,,1,1,False,False,False,0.0,0,1877,False
100000001297206100,peripheral,0.5,1,0.1678,"получил 7 тыс. KZT от 1; обход обрезан 4-м коленом, вероятность что конечный 0.57 — роль не присваиваем",R5.peripheral,4,False,1,0,6758.0,0.0,1,0,0.0002985109724275793,0.0,-0.0,1.8217e-06,0.0,6758.0,0.0,0,True,unknown_truncated,0.5742,,,1,1,False,False,False,0.0,0,1877,False
100000002645046100,terminal,0.746,17,0.2102,"получил 12 тыс. KZT от 1; обход обрезан 4-м коленом, вероятность что конечный 0.75 по модели на коленах 1-3","R4c.terminal: обрезан 4-м коленом, terminal_p >= 0.7",4,False,1,0,12000.0,0.0,1,0,0.00029199108961479477,0.0,-0.0,3.6874e-06,0.0,12000.0,0.0,0,True,unknown_truncated,0.7459,,,1,1,False,False,False,0.0,0,1877,False
100000006308406100,peripheral,0.5,21,0.4324,"получил 183 тыс. KZT от 1; обход обрезан 4-м коленом, вероятность что конечный 0.58 — роль не присваиваем",R5.peripheral,4,False,1,0,183000.0,0.0,2,0,0.0005393608128932426,0.0,-0.0,0.0,0.0,183000.0,0.0,0,True,unknown_truncated,0.5778,,,1,1,False,False,False,0.0,0,1877,False
100000002728246100,peripheral,0.5,6,0.2163,"получил 10 тыс. KZT от 1; обход обрезан 4-м коленом, вероятность что конечный 0.57 — роль не присваиваем",R5.peripheral,4,False,1,0,10000.0,0.0,1,0,0.0005386393313923868,0.0,-0.0,0.0,0.0,10000.0,0.0,0,True,unknown_truncated,0.5693,,,1,1,False,False,False,0.0,0,1877,False
100000001590795100,terminal,0.73,17,0.1691,"получил 5 тыс. KZT от 1; обход обрезан 4-м коленом, вероятность что конечный 0.73 по модели на коленах 1-3","R4c.terminal: обрезан 4-м коленом, terminal_p >= 0.7",4,False,1,0,5060.0,0.0,1,0,0.00028827715127657127,0.0,-0.0,3.6874e-06,0.0,5060.0,0.0,0,True,unknown_truncated,0.7297,,,1,1,False,False,False,0.0,0,1877,False
100000006257675100,peripheral,0.5,21,0.4104,"получил 70 тыс. KZT от 1; обход обрезан 4-м коленом, вероятность что конечный 0.56 — роль не присваиваем",R5.peripheral,4,False,1,0,70000.0,0.0,2,0,0.00038264801720809164,0.0,-0.0,0.0,0.0,70000.0,0.0,0,True,unknown_truncated,0.5551,,,1,2,False,False,False,0.5,0,1877,False
100000002130400100,peripheral,0.5,37,0.1942,"получил 10 тыс. KZT от 1; обход обрезан 4-м коленом, вероятность что конечный 0.60 — роль не присваиваем",R5.peripheral,4,False,1,0,10000.0,0.0,1,0,0.0003175458062360418,0.0,-0.0,0.0,0.0,10000.0,0.0,0,True,unknown_truncated,0.6008,,,1,1,False,False,False,0.0,0,1877,False
100000000557536100,peripheral,0.5,36,0.4425,"получил 153 тыс. KZT от 1; обход обрезан 4-м коленом, вероятность что конечный 0.30 — роль не присваиваем",R5.peripheral,4,False,1,0,153000.0,0.0,7,0,0.00030077248827335565,0.0,-0.0,0.0,0.0,153000.0,0.0,0,True,unknown_truncated,0.303,,,1,2,False,False,False,0.5,0,1877,False
100000002689717100,terminal,0.771,8,0.3366,"получил 48 тыс. KZT от 1; обход обрезан 4-м коленом, вероятность что конечный 0.77 по модели на коленах 1-3","R4c.terminal: обрезан 4-м коленом, terminal_p >= 0.7",4,False,1,0,47500.0,0.0,1,0,0.00030334992234420417,0.0,-0.0,2.7583e-06,0.0,47500.0,0.0,0,True,unknown_truncated,0.7708,,,1,1,False,False,False,0.0,0,1877,False
100000005189258100,terminal,0.745,6,0.3492,"получил 50 тыс. KZT от 1; обход обрезан 4-м коленом, вероятность что конечный 0.75 по модели на коленах 1-3","R4c.terminal: обрезан 4-м коленом, terminal_p >= 0.7",4,False,1,0,50000.0,0.0,1,0,0.0003159764329458025,0.0,-0.0,4.83748e-05,0.0,50000.0,0.0,0,True,unknown_truncated,0.7451,,,1,1,False,False,False,0.0,0,1877,False
100000002748511100,peripheral,0.5,3,0.266,"получил 20 тыс. KZT от 1; обход обрезан 4-м коленом, вероятность что конечный 0.61 — роль не присваиваем",R5.peripheral,4,False,1,0,20000.0,0.0,1,0,0.0005674892808776459,0.0,-0.0,2.12e-08,0.0,20000.0,0.0,0,True,unknown_truncated,0.615,,,1,1,False,False,False,0.0,0,1877,False
100000002371892100,peripheral,0.5,61,0.3,"получил 44 тыс. KZT от 1; обход обрезан 4-м коленом, вероятность что конечный 0.62 — роль не присваиваем",R5.peripheral,4,False,1,0,43830.0,0.0,1,0,0.0003065326200437956,0.0,-0.0,0.0,0.0,43830.0,0.0,0,True,unknown_truncated,0.6189,,,1,1,False,False,False,0.0,0,1877,False
100000008130868100,peripheral,0.5,12,0.2675,"получил 23 тыс. KZT от 1; обход обрезан 4-м коленом, вероятность что конечный 0.60 — роль не присваиваем",R5.peripheral,4,False,1,0,22782.0,0.0,1,0,0.0004516044976627316,0.0,-0.0,0.0,0.0,22782.0,0.0,0,True,unknown_truncated,0.5974,,,1,1,False,False,False,0.0,0,1877,False
100000007153161100,peripheral,0.5,1,0.3279,"получил 45 тыс. KZT от 1; обход обрезан 4-м коленом, вероятность что конечный 0.60 — роль не присваиваем",R5.peripheral,4,False,1,0,44997.0,0.0,1,0,0.0005309451743246825,0.0,-0.0,0.0,0.0,44997.0,0.0,0,True,unknown_truncated,0.5973,,,1,1,False,False,False,0.0,0,1877,False
100000002994441100,peripheral,0.5,5,0.194,"получил 5 тыс. KZT от 1; обход обрезан 4-м коленом, вероятность что конечный 0.55 — роль не присваиваем",R5.peripheral,4,False,1,0,5000.0,0.0,1,0,0.0005532703163220659,0.0,-0.0,0.0,0.0,5000.0,0.0,0,True,unknown_truncated,0.5482,,,1,1,False,False,False,0.0,0,1877,False
100000001065481100,peripheral,0.5,10,0.2383,"получил 16 тыс. KZT от 1; обход обрезан 4-м коленом, вероятность что конечный 0.48 — роль не присваиваем",R5.peripheral,4,False,1,0,16000.0,0.0,2,0,0.0004322656924987207,0.0,-0.0,4.1531e-06,0.0,16000.0,0.0,0,True,unknown_truncated,0.4771,,,1,1,False,False,False,0.0,0,1877,False
100000007731977100,terminal,0.731,1,0.3544,"получил 50 тыс. KZT от 1; обход обрезан 4-м коленом, вероятность что конечный 0.73 по модели на коленах 1-3","R4c.terminal: обрезан 4-м коленом, terminal_p >= 0.7",4,False,1,0,50000.0,0.0,1,0,0.00033677217551547297,0.0,-0.0,3.1485e-05,0.0,50000.0,0.0,0,True,unknown_truncated,0.7314,,,1,1,False,False,False,0.0,0,1877,False
100000003252446100,terminal,0.76,4,0.3975,"получил 109 тыс. KZT от 1; обход обрезан 4-м коленом, вероятность что конечный 0.76 по модели на коленах 1-3","R4c.terminal: обрезан 4-м коленом, terminal_p >= 0.7",4,False,1,0,108600.0,0.0,1,0,0.00029998773072103575,0.0,-0.0,4.916e-07,0.0,108600.0,0.0,0,True,unknown_truncated,0.7605,,,1,1,False,False,False,0.0,0,1877,False
100000002671326100,peripheral,0.5,4,0.5123,"получил 1.1 млн KZT от 1; обход обрезан 4-м коленом, вероятность что конечный 0.56 — роль не присваиваем",R5.peripheral,4,False,1,0,1050000.0,0.0,2,0,0.0006294451129335758,0.0,-0.0,0.0,0.0,1050000.0,0.0,0,True,unknown_truncated,0.5558,,,1,1,False,False,False,0.0,0,1877,False
100000005087923100,peripheral,0.5,27,0.2574,"получил 20 тыс. KZT от 1; обход обрезан 4-м коленом, вероятность что конечный 0.60 — роль не присваиваем",R5.peripheral,4,False,1,0,20000.0,0.0,1,0,0.0004605791647030624,0.0,-0.0,0.0,0.0,20000.0,0.0,0,True,unknown_truncated,0.6011,,,1,1,False,False,False,0.0,0,1877,False
100000008770483100,peripheral,0.5,48,0.1408,"получил 5 тыс. KZT от 1; обход обрезан 4-м коленом, вероятность что конечный 0.57 — роль не присваиваем",R5.peripheral,4,False,1,0,5000.0,0.0,1,0,0.00028889205365380943,0.0,-0.0,0.0,0.0,5000.0,0.0,0,True,unknown_truncated,0.5715,,,1,1,False,False,False,0.0,0,1877,False
100000002748040100,terminal,0.751,8,0.2403,"получил 18 тыс. KZT от 1; обход обрезан 4-м коленом, вероятность что конечный 0.75 по модели на коленах 1-3","R4c.terminal: обрезан 4-м коленом, terminal_p >= 0.7",4,False,1,0,18000.0,0.0,1,0,0.0002923072164548576,0.0,-0.0,2.7583e-06,0.0,18000.0,0.0,0,True,unknown_truncated,0.7506,,,1,1,False,False,False,0.0,0,1877,False
100000004800648100,peripheral,0.5,11,0.3945,"получил 131 тыс. KZT от 1; обход обрезан 4-м коленом, вероятность что конечный 0.68 — роль не присваиваем",R5.peripheral,4,False,1,0,131000.0,0.0,1,0,0.0003368336531012053,0.0,-0.0,2.3698e-06,0.0,131000.0,0.0,0,True,unknown_truncated,0.6767,,,1,1,False,False,False,0.0,0,1877,False
100000005025629100,peripheral,0.5,6,0.1722,"получил 5 тыс. KZT от 1; обход обрезан 4-м коленом, вероятность что конечный 0.57 — роль не присваиваем",R5.peripheral,4,False,1,0,5227.0,0.0,1,0,0.00031415101088485,0.0,-0.0,1.08234e-05,0.0,5227.0,0.0,0,True,unknown_truncated,0.5719,,,1,1,False,False,False,0.0,0,1877,False
100000000581682100,peripheral,0.5,28,0.1459,"получил 5 тыс. KZT от 1; обход обрезан 4-м коленом, вероятность что конечный 0.60 — роль не присваиваем",R5.peripheral,4,False,1,0,5000.0,0.0,1,0,0.000290862187223339,0.0,-0.0,0.0,0.0,5000.0,0.0,0,True,unknown_truncated,0.5957,,,1,1,False,False,False,0.0,0,1877,False
100000004976946100,peripheral,0.5,41,0.4299,"получил 246 тыс. KZT от 1; обход обрезан 4-м коленом, вероятность что конечный 0.69 — роль не присваиваем",R5.peripheral,4,False,1,0,246000.0,0.0,1,0,0.00031949291850972026,0.0,-0.0,0.0,0.0,246000.0,0.0,0,True,unknown_truncated,0.6869,,,1,1,False,False,False,0.0,0,1877,False
100000000957746100,peripheral,0.5,15,0.1811,"получил 5 тыс. KZT от 1; обход обрезан 4-м коленом, вероятность что конечный 0.57 — роль не присваиваем",R5.peripheral,4,False,1,0,5300.0,0.0,1,0,0.0003473073598506199,0.0,-0.0,0.0,0.0,5300.0,0.0,0,True,unknown_truncated,0.5651,,,1,1,False,False,False,0.0,0,1877,False
100000003001138100,peripheral,0.5,28,0.2795,"получил 30 тыс. KZT от 1; обход обрезан 4-м коленом, вероятность что конечный 0.64 — роль не присваиваем",R5.peripheral,4,False,1,0,30000.0,0.0,1,0,0.00031732665225358317,0.0,-0.0,0.0,0.0,30000.0,0.0,0,True,unknown_truncated,0.6376,,,1,1,False,False,False,0.0,0,1877,False
100000001325618100,terminal,0.742,17,0.1917,"получил 9 тыс. KZT от 1; обход обрезан 4-м коленом, вероятность что конечный 0.74 по модели на коленах 1-3","R4c.terminal: обрезан 4-м коленом, terminal_p >= 0.7",4,False,1,0,9300.0,0.0,1,0,0.0002905461856503563,0.0,-0.0,3.6874e-06,0.0,9300.0,0.0,0,True,unknown_truncated,0.7415,,,1,1,False,False,False,0.0,0,1877,False
100000003792647100,peripheral,0.5,6,0.1973,"получил 8 тыс. KZT от 1; обход обрезан 4-м коленом, вероятность что конечный 0.59 — роль не присваиваем",R5.peripheral,4,False,1,0,8000.0,0.0,1,0,0.00040027314211192583,0.0,-0.0,0.0,0.0,8000.0,0.0,0,True,unknown_truncated,0.595,,,1,1,False,False,False,0.0,0,1877,False
100000004107228100,peripheral,0.5,2,0.1399,"получил 5 тыс. KZT от 1; обход обрезан 4-м коленом, вероятность что конечный 0.58 — роль не присваиваем",R5.peripheral,4,False,1,0,5000.0,0.0,1,0,0.0002887085719064808,0.0,-0.0,1.19874e-05,0.0,5000.0,0.0,0,True,unknown_truncated,0.5848,,,1,1,False,False,False,0.0,0,1877,False
100000003500764100,peripheral,0.5,15,0.2672,"получил 21 тыс. KZT от 1; обход обрезан 4-м коленом, вероятность что конечный 0.60 — роль не присваиваем",R5.peripheral,4,False,1,0,21000.0,0.0,1,0,0.0005301918184248231,0.0,-0.0,0.0,0.0,21000.0,0.0,0,True,unknown_truncated,0.5972,,,1,1,False,False,False,0.0,0,1877,False
100000004261340100,peripheral,0.5,1,0.3235,"получил 48 тыс. KZT от 1; обход обрезан 4-м коленом, вероятность что конечный 0.39 — роль не присваиваем",R5.peripheral,4,False,1,0,48500.0,0.0,4,0,0.0003473850492015357,0.0,-0.0,2.07018e-05,0.0,48500.0,0.0,0,True,unknown_truncated,0.3916,,,1,1,False,False,False,0.0,0,1877,False
100000008172721100,peripheral,0.5,5,0.4192,"получил 168 тыс. KZT от 1; обход обрезан 4-м коленом, вероятность что конечный 0.67 — роль не присваиваем",R5.peripheral,4,False,1,0,168335.0,0.0,1,0,0.00039521609203523115,0.0,-0.0,0.0,0.0,168335.0,0.0,0,True,unknown_truncated,0.6698,,,1,1,False,False,False,0.0,0,1877,False
100000005079473100,peripheral,0.5,5,0.301,"получил 39 тыс. KZT от 1; обход обрезан 4-м коленом, вероятность что конечный 0.64 — роль не присваиваем",R5.peripheral,4,False,1,0,39312.0,0.0,1,0,0.0003260059008859764,0.0,-0.0,1.7212e-06,0.0,39312.0,0.0,0,True,unknown_truncated,0.637,,,1,1,False,False,False,0.0,0,1877,False
100000004850609100,peripheral,0.5,1,0.1921,"получил 10 тыс. KZT от 1; обход обрезан 4-м коленом, вероятность что конечный 0.62 — роль не присваиваем",R5.peripheral,4,False,1,0,10000.0,0.0,1,0,0.0003130294967403098,0.0,-0.0,5.5539e-06,0.0,10000.0,0.0,0,True,unknown_truncated,0.6165,,,1,1,False,False,False,0.0,0,1877,False
100000005042822100,peripheral,0.5,31,0.5007,"получил 1 млн KZT от 1; обход обрезан 4-м коленом, вероятность что конечный 0.69 — роль не присваиваем",R5.peripheral,4,False,1,0,1000000.0,0.0,1,0,0.00045261173566138175,0.0,-0.0,0.0,0.0,1000000.0,0.0,0,True,unknown_truncated,0.6864,,,1,1,False,False,False,0.0,0,1877,False
100000002794374100,peripheral,0.5,48,0.3912,"получил 111 тыс. KZT от 1; обход обрезан 4-м коленом, вероятность что конечный 0.65 — роль не присваиваем",R5.peripheral,4,False,1,0,111000.0,0.0,1,0,0.0003637625168388316,0.0,-0.0,0.0,0.0,111000.0,0.0,0,True,unknown_truncated,0.6546,,,1,1,False,False,False,0.0,0,1877,False
100000002860934100,peripheral,0.5,28,0.4616,"получил 280 тыс. KZT от 1; обход обрезан 4-м коленом, вероятность что конечный 0.43 — роль не присваиваем",R5.peripheral,4,False,1,0,279500.0,0.0,4,0,0.0005814420132554198,0.0,-0.0,0.0,0.0,279500.0,0.0,0,True,unknown_truncated,0.4322,,,1,1,False,False,False,0.0,0,1877,False
100000003097947100,peripheral,0.5,5,0.3293,"получил 53 тыс. KZT от 1; обход обрезан 4-м коленом, вероятность что конечный 0.65 — роль не присваиваем",R5.peripheral,4,False,1,0,52980.0,0.0,1,0,0.00032007838233559304,0.0,-0.0,0.0,0.0,52980.0,0.0,0,True,unknown_truncated,0.6454,,,1,1,False,False,False,0.0,0,1877,False
100000004260869100,peripheral,0.5,3,0.2242,"получил 10 тыс. KZT от 1; обход обрезан 4-м коленом, вероятность что конечный 0.56 — роль не присваиваем",R5.peripheral,4,False,1,0,10000.0,0.0,1,0,0.0008422084803364126,0.0,-0.0,0.0,0.0,10000.0,0.0,0,True,unknown_truncated,0.5649,,,1,1,False,False,False,0.0,0,1877,False
100000008762885100,peripheral,0.5,4,0.1471,"получил 7 тыс. KZT от 1; обход обрезан 4-м коленом, вероятность что конечный 0.63 — роль не присваиваем",R5.peripheral,4,False,1,0,7000.0,0.0,1,0,0.00028726371311378,0.0,-0.0,3.09e-08,0.0,7000.0,0.0,0,True,unknown_truncated,0.6343,,,1,1,False,False,False,0.0,0,1877,False
100000002986245100,terminal,0.732,17,0.1741,"получил 6 тыс. KZT от 1; обход обрезан 4-м коленом, вероятность что конечный 0.73 по модели на коленах 1-3","R4c.terminal: обрезан 4-м коленом, terminal_p >= 0.7",4,False,1,0,5750.0,0.0,1,0,0.0002886464045119278,0.0,-0.0,3.6874e-06,0.0,5750.0,0.0,0,True,unknown_truncated,0.7318,,,1,1,False,False,False,0.0,0,1877,False
100000001471706100,peripheral,0.5,18,0.5266,"получил 377 тыс. KZT от 1; обход обрезан 4-м коленом, вероятность что конечный 0.25 — роль не присваиваем",R5.peripheral,4,False,1,0,377000.0,0.0,8,0,0.0005401265380892341,0.0,-0.0,0.0,0.0,377000.0,0.0,0,True,unknown_truncated,0.2471,,,1,2,False,False,False,0.5,0,1877,False
100000002304943100,peripheral,0.5,21,0.2104,"получил 15 тыс. KZT от 1; обход обрезан 4-м коленом, вероятность что конечный 0.63 — роль не присваиваем",R5.peripheral,4,False,1,0,15000.0,0.0,1,0,0.00030637187771531904,0.0,-0.0,0.0,0.0,15000.0,0.0,0,True,unknown_truncated,0.6316,,,1,1,False,False,False,0.0,0,1877,False
100000002695812100,terminal,0.781,8,0.3988,"получил 95 тыс. KZT от 1; обход обрезан 4-м коленом, вероятность что конечный 0.78 по модели на коленах 1-3","R4c.terminal: обрезан 4-м коленом, terminal_p >= 0.7",4,False,1,0,95000.0,0.0,1,0,0.0003211305504711181,0.0,-0.0,2.7583e-06,0.0,95000.0,0.0,0,True,unknown_truncated,0.7814,,,1,1,False,False,False,0.0,0,1877,False
100000008761220100,terminal,0.747,4,0.1873,"получил 10 тыс. KZT от 1; обход обрезан 4-м коленом, вероятность что конечный 0.75 по модели на коленах 1-3","R4c.terminal: обрезан 4-м коленом, terminal_p >= 0.7",4,False,1,0,10000.0,0.0,1,0,0.0002868848713875846,0.0,-0.0,1.2761e-06,0.0,10000.0,0.0,0,True,unknown_truncated,0.747,,,1,1,False,False,False,0.0,0,1877,False
100000004890713100,terminal,0.765,8,0.3206,"получил 40 тыс. KZT от 1; обход обрезан 4-м коленом, вероятность что конечный 0.76 по модели на коленах 1-3","R4c.terminal: обрезан 4-м коленом, terminal_p >= 0.7",4,False,1,0,40485.0,0.0,1,0,0.00030072400431661883,0.0,-0.0,2.7583e-06,0.0,40485.0,0.0,0,True,unknown_truncated,0.7649,,,1,1,False,False,False,0.0,0,1877,False
100000003083865100,terminal,0.747,8,0.2211,"получил 15 тыс. KZT от 1; обход обрезан 4-м коленом, вероятность что конечный 0.75 по модели на коленах 1-3","R4c.terminal: обрезан 4-м коленом, terminal_p >= 0.7",4,False,1,0,15000.0,0.0,1,0,0.000291184229415263,0.0,-0.0,2.7583e-06,0.0,15000.0,0.0,0,True,unknown_truncated,0.7468,,,1,1,False,False,False,0.0,0,1877,False
100000004030553100,peripheral,0.5,19,0.3671,"получил 70 тыс. KZT от 1; обход обрезан 4-м коленом, вероятность что конечный 0.61 — роль не присваиваем",R5.peripheral,4,False,1,0,70000.0,0.0,1,0,0.000530829721053794,0.0,-0.0,0.0,0.0,70000.0,0.0,0,True,unknown_truncated,0.611,,,1,1,False,False,False,0.0,0,1877,False
100000002653187100,peripheral,0.5,11,0.2332,"получил 15 тыс. KZT от 1; обход обрезан 4-м коленом, вероятность что конечный 0.60 — роль не присваиваем",R5.peripheral,4,False,1,0,15000.0,0.0,1,0,0.00047327891401503287,0.0,-0.0,0.0,0.0,15000.0,0.0,0,True,unknown_truncated,0.5978,,,1,1,False,False,False,0.0,0,1877,False
100000006412162100,peripheral,0.5,17,0.2499,"получил 15 тыс. KZT от 1; обход обрезан 4-м коленом, вероятность что конечный 0.65 — роль не присваиваем",R5.peripheral,4,False,1,0,15000.0,0.0,2,0,0.00029359653846417096,0.0,-0.0,3.6874e-06,0.0,15000.0,0.0,0,True,unknown_truncated,0.6498,,,1,2,False,False,False,0.5,0,1877,False
100000004674178100,peripheral,0.5,25,0.233,"получил 20 тыс. KZT от 1; обход обрезан 4-м коленом, вероятность что конечный 0.63 — роль не присваиваем",R5.peripheral,4,False,1,0,20000.0,0.0,1,0,0.00030274344180862333,0.0,-0.0,2.07e-08,0.0,20000.0,0.0,0,True,unknown_truncated,0.626,,,1,1,False,False,False,0.0,0,1877,False
100000004070530100,peripheral,0.5,39,0.2065,"получил 20 тыс. KZT от 1; обход обрезан 4-м коленом, вероятность что конечный 0.64 — роль не присваиваем",R5.peripheral,4,False,1,0,20000.0,0.0,1,0,0.00028719909320018875,0.0,-0.0,0.0,0.0,20000.0,0.0,0,True,unknown_truncated,0.6372,,,1,1,False,False,False,0.0,0,1877,False
100000006706519100,peripheral,0.5,1,0.3058,"получил 36 тыс. KZT от 1; обход обрезан 4-м коленом, вероятность что конечный 0.42 — роль не присваиваем",R5.peripheral,4,False,1,0,36000.0,0.0,3,0,0.0003907109210365758,0.0,-0.0,0.0,0.0,36000.0,0.0,0,True,unknown_truncated,0.4155,,,1,1,False,False,False,0.0,0,1877,False
100000005636951100,peripheral,0.5,27,0.3273,"получил 40 тыс. KZT от 1; обход обрезан 4-м коленом, вероятность что конечный 0.61 — роль не присваиваем",R5.peripheral,4,False,1,0,40000.0,0.0,1,0,0.0006355890351888347,0.0,-0.0,0.0,0.0,40000.0,0.0,0,True,unknown_truncated,0.6123,,,1,1,False,False,False,0.0,0,1877,False
100000003040087100,terminal,0.762,8,0.2897,"получил 29 тыс. KZT от 1; обход обрезан 4-м коленом, вероятность что конечный 0.76 по модели на коленах 1-3","R4c.terminal: обрезан 4-м коленом, terminal_p >= 0.7",4,False,1,0,29000.0,0.0,1,0,0.00029642483560003767,0.0,-0.0,2.7583e-06,0.0,29000.0,0.0,0,True,unknown_truncated,0.7624,,,1,1,False,False,False,0.0,0,1877,False
100000008766764100,terminal,0.735,4,0.1614,"получил 5 тыс. KZT от 1; обход обрезан 4-м коленом, вероятность что конечный 0.73 по модели на коленах 1-3","R4c.terminal: обрезан 4-м коленом, terminal_p >= 0.7",4,False,1,0,5000.0,0.0,1,0,0.0002862270828024374,0.0,-0.0,1.2761e-06,0.0,5000.0,0.0,0,True,unknown_truncated,0.7348,,,1,1,False,False,False,0.0,0,1877,False
100000000299820100,peripheral,0.5,5,0.2103,"получил 10 тыс. KZT от 1; обход обрезан 4-м коленом, вероятность что конечный 0.58 — роль не присваиваем",R5.peripheral,4,False,1,0,10000.0,0.0,1,0,0.0004501620352243427,0.0,-0.0,0.0,0.0,10000.0,0.0,0,True,unknown_truncated,0.581,,,1,1,False,False,False,0.0,0,1877,False
100000008349740100,peripheral,0.5,36,0.3265,"получил 70 тыс. KZT от 1; обход обрезан 4-м коленом, вероятность что конечный 0.55 — роль не присваиваем",R5.peripheral,4,False,1,0,70000.0,0.0,2,0,0.0002925250039161437,0.0,-0.0,0.0,0.0,70000.0,0.0,0,True,unknown_truncated,0.5517,,,1,1,False,False,False,0.0,0,1877,False
100000008761132100,terminal,0.747,4,0.1873,"получил 10 тыс. KZT от 1; обход обрезан 4-м коленом, вероятность что конечный 0.75 по модели на коленах 1-3","R4c.terminal: обрезан 4-м коленом, terminal_p >= 0.7",4,False,1,0,10000.0,0.0,1,0,0.0002868848713875846,0.0,-0.0,1.2761e-06,0.0,10000.0,0.0,0,True,unknown_truncated,0.747,,,1,1,False,False,False,0.0,0,1877,False
100000002540033100,peripheral,0.5,20,0.2201,"получил 10 тыс. KZT от 1; обход обрезан 4-м коленом, вероятность что конечный 0.57 — роль не присваиваем",R5.peripheral,4,False,1,0,10000.0,0.0,1,0,0.0005960851621180794,0.0,-0.0,0.0,0.0,10000.0,0.0,0,True,unknown_truncated,0.57,,,1,1,False,False,False,0.0,0,1877,False
100000001845505100,peripheral,0.5,5,0.267,"получил 20 тыс. KZT от 1; обход обрезан 4-м коленом, вероятность что конечный 0.59 — роль не присваиваем",R5.peripheral,4,False,1,0,20000.0,0.0,1,0,0.0005923838494805264,0.0,-0.0,0.0,0.0,20000.0,0.0,0,True,unknown_truncated,0.5852,,,1,1,False,False,False,0.0,0,1877,False
100000003782913100,peripheral,0.5,13,0.4055,"получил 200 тыс. KZT от 1; обход обрезан 4-м коленом, вероятность что конечный 0.69 — роль не присваиваем",R5.peripheral,4,False,1,0,200000.0,0.0,1,0,0.00029939656360654794,0.0,-0.0,5.92e-08,0.0,200000.0,0.0,0,True,unknown_truncated,0.6899,,,1,1,False,False,False,0.0,0,1877,False
100000008778753100,peripheral,0.5,25,0.1767,"получил 10 тыс. KZT от 1; обход обрезан 4-м коленом, вероятность что конечный 0.62 — роль не присваиваем",R5.peripheral,4,False,1,0,10000.0,0.0,1,0,0.00029415636801295676,0.0,-0.0,2.07e-08,0.0,10000.0,0.0,0,True,unknown_truncated,0.6178,,,1,1,False,False,False,0.0,0,1877,False
100000008710913100,terminal,0.726,4,0.2064,"получил 14 тыс. KZT от 1; обход обрезан 4-м коленом, вероятность что конечный 0.73 по модели на коленах 1-3","R4c.terminal: обрезан 4-м коленом, terminal_p >= 0.7",4,False,1,0,14000.0,0.0,1,0,0.00028811097479962714,0.0,-0.0,3.31e-07,0.0,14000.0,0.0,0,True,unknown_truncated,0.7255,,,1,1,False,False,False,0.0,0,1877,False
100000005495211100,peripheral,0.5,1,0.2373,"получил 14 тыс. KZT от 1; обход обрезан 4-м коленом, вероятность что конечный 0.57 — роль не присваиваем",R5.peripheral,4,False,1,0,14500.0,0.0,1,0,0.0005599644833584294,0.0,-0.0,0.0,0.0,14500.0,0.0,0,True,unknown_truncated,0.5706,,,1,1,False,False,False,0.0,0,1877,False
100000004013952100,peripheral,0.5,1,0.1965,"получил 6 тыс. KZT от 1; обход обрезан 4-м коленом, вероятность что конечный 0.55 — роль не присваиваем",R5.peripheral,4,False,1,0,5500.0,0.0,1,0,0.0005331412160251201,0.0,-0.0,0.0,0.0,5500.0,0.0,0,True,unknown_truncated,0.5545,,,1,1,False,False,False,0.0,0,1877,False
100000007330432100,peripheral,0.5,69,0.4939,"получил 585 тыс. KZT от 1; обход обрезан 4-м коленом, вероятность что конечный 0.67 — роль не присваиваем",R5.peripheral,4,False,1,0,584900.0,0.0,1,0,0.0005381759930674287,0.0,-0.0,2.07e-08,0.0,584900.0,0.0,0,True,unknown_truncated,0.6695,,,1,1,False,False,False,0.0,0,1877,False
100000000737152100,peripheral,0.5,1,0.2981,"получил 35 тыс. KZT от 1; обход обрезан 4-м коленом, вероятность что конечный 0.61 — роль не присваиваем",R5.peripheral,4,False,1,0,35000.0,0.0,1,0,0.0003445071691804108,0.0,-0.0,0.0,0.0,35000.0,0.0,0,True,unknown_truncated,0.6089,,,1,1,False,False,False,0.0,0,1877,False
100000004674389100,peripheral,0.5,9,0.2239,"получил 15 тыс. KZT от 1; обход обрезан 4-м коленом, вероятность что конечный 0.61 — роль не присваиваем",R5.peripheral,4,False,1,0,15000.0,0.0,1,0,0.0003520253352644245,0.0,-0.0,0.0,0.0,15000.0,0.0,0,True,unknown_truncated,0.6055,,,1,1,False,False,False,0.0,0,1877,False
100000002529877100,terminal,0.768,12,0.4468,"получил 232 тыс. KZT от 1; обход обрезан 4-м коленом, вероятность что конечный 0.77 по модели на коленах 1-3","R4c.terminal: обрезан 4-м коленом, terminal_p >= 0.7",4,False,1,0,232000.0,0.0,1,0,0.0003058339492043375,0.0,-0.0,2.119e-07,0.0,232000.0,0.0,0,True,unknown_truncated,0.7681,,,1,1,False,False,False,0.0,0,1877,False
100000004035925100,peripheral,0.5,63,0.503,"получил 1.1 млн KZT от 1; обход обрезан 4-м коленом, вероятность что конечный 0.58 — роль не присваиваем",R5.peripheral,4,False,1,0,1111588.0,0.0,2,0,0.0004624126239356524,0.0,-0.0,0.0,0.0,1111588.0,0.0,0,True,unknown_truncated,0.576,,,1,1,False,False,False,0.0,0,1877,False
100000002188586100,terminal,0.767,8,0.3149,"получил 38 тыс. KZT от 1; обход обрезан 4-м коленом, вероятность что конечный 0.77 по модели на коленах 1-3","R4c.terminal: обрезан 4-м коленом, terminal_p >= 0.7",4,False,1,0,38310.0,0.0,1,0,0.00029990983871291276,0.0,-0.0,2.7583e-06,0.0,38310.0,0.0,0,True,unknown_truncated,0.7674,,,1,1,False,False,False,0.0,0,1877,False
100000008050986100,peripheral,0.5,6,0.3654,"получил 95 тыс. KZT от 1; обход обрезан 4-м коленом, вероятность что конечный 0.55 — роль не присваиваем",R5.peripheral,4,False,1,0,95000.0,0.0,2,0,0.00031180831574760645,0.0,-0.0,0.0,0.0,95000.0,0.0,0,True,unknown_truncated,0.552,,,1,1,False,False,False,0.0,0,1877,False
100000004777215100,peripheral,0.5,21,0.3547,"получил 60 тыс. KZT от 1; обход обрезан 4-м коленом, вероятность что конечный 0.65 — роль не присваиваем",R5.peripheral,4,False,1,0,60000.0,0.0,1,0,0.0004651548637455426,0.0,-0.0,0.0,0.0,60000.0,0.0,0,True,unknown_truncated,0.6543,,,1,1,False,False,False,0.0,0,1877,False
100000000926078100,peripheral,0.5,5,0.449,"получил 250 тыс. KZT от 1; обход обрезан 4-м коленом, вероятность что конечный 0.66 — роль не присваиваем",R5.peripheral,4,False,1,0,250000.0,0.0,1,0,0.0005165635899862588,0.0,-0.0,0.0,0.0,250000.0,0.0,0,True,unknown_truncated,0.6596,,,1,1,False,False,False,0.0,0,1877,False
100000003486846100,peripheral,0.5,3,0.2919,"получил 27 тыс. KZT от 1; обход обрезан 4-м коленом, вероятность что конечный 0.47 — роль не присваиваем",R5.peripheral,4,False,1,0,27000.0,0.0,2,0,0.0005311359663531769,0.0,-0.0,0.0,0.0,27000.0,0.0,0,True,unknown_truncated,0.4683,,,1,1,False,False,False,0.0,0,1877,False
100000002516862100,peripheral,0.5,59,0.4164,"получил 82 тыс. KZT от 1; обход обрезан 4-м коленом, вероятность что конечный 0.34 — роль не присваиваем",R5.peripheral,4,False,1,0,81710.0,0.0,5,0,0.0003494397060975879,0.0,-0.0,0.0,0.0,81710.0,0.0,0,True,unknown_truncated,0.3381,,,1,2,False,False,False,0.5,0,1877,False
100000008730238100,peripheral,0.5,4,0.4079,"получил 113 тыс. KZT от 1; обход обрезан 4-м коленом, вероятность что конечный 0.62 — роль не присваиваем",R5.peripheral,4,False,1,0,113000.0,0.0,1,0,0.0005632359245676673,0.0,-0.0,0.0,0.0,113000.0,0.0,0,True,unknown_truncated,0.6222,,,1,1,False,False,False,0.0,0,1877,False
100000000803368100,peripheral,0.5,13,0.416,"получил 140 тыс. KZT от 1; обход обрезан 4-м коленом, вероятность что конечный 0.64 — роль не присваиваем",R5.peripheral,4,False,1,0,139503.0,0.0,1,0,0.0005481144591336156,0.0,-0.0,1.968e-07,0.0,139503.0,0.0,0,True,unknown_truncated,0.6422,,,1,1,False,False,False,0.0,0,1877,False
100000002528978100,terminal,0.752,8,0.2279,"получил 16 тыс. KZT от 1; обход обрезан 4-м коленом, вероятность что конечный 0.75 по модели на коленах 1-3","R4c.terminal: обрезан 4-м коленом, terminal_p >= 0.7",4,False,1,0,15900.0,0.0,1,0,0.0002915211255271414,0.0,-0.0,2.7583e-06,0.0,15900.0,0.0,0,True,unknown_truncated,0.7515,,,1,1,False,False,False,0.0,0,1877,False
100000002597074100,peripheral,0.5,1,0.1805,"получил 8 тыс. KZT от 1; обход обрезан 4-м коленом, вероятность что конечный 0.60 — роль не присваиваем",R5.peripheral,4,False,1,0,8000.0,0.0,1,0,0.0003104283235888235,0.0,-0.0,0.0,0.0,8000.0,0.0,0,True,unknown_truncated,0.603,,,1,1,False,False,False,0.0,0,1877,False
100000003631015100,peripheral,0.5,41,0.4351,"получил 266 тыс. KZT от 1; обход обрезан 4-м коленом, вероятность что конечный 0.69 — роль не присваиваем",R5.peripheral,4,False,1,0,266000.0,0.0,1,0,0.0003222509367448772,0.0,-0.0,0.0,0.0,266000.0,0.0,0,True,unknown_truncated,0.6906,,,1,1,False,False,False,0.0,0,1877,False
100000008255655100,peripheral,0.5,15,0.1949,"получил 5 тыс. KZT от 1; обход обрезан 4-м коленом, вероятность что конечный 0.55 — роль не присваиваем",R5.peripheral,4,False,1,0,5400.0,0.0,1,0,0.0005311928331095991,0.0,-0.0,0.0,0.0,5400.0,0.0,0,True,unknown_truncated,0.5462,,,1,1,False,False,False,0.0,0,1877,False
100000004265639100,peripheral,0.5,5,0.2181,"получил 10 тыс. KZT от 1; обход обрезан 4-м коленом, вероятность что конечный 0.57 — роль не присваиваем",R5.peripheral,4,False,1,0,10000.0,0.0,1,0,0.0005523205956514864,0.0,-0.0,0.0,0.0,10000.0,0.0,0,True,unknown_truncated,0.5693,,,1,1,False,False,False,0.0,0,1877,False
100000002726055100,peripheral,0.5,21,0.2,"получил 10 тыс. KZT от 1; обход обрезан 4-м коленом, вероятность что конечный 0.61 — роль не присваиваем",R5.peripheral,4,False,1,0,10000.0,0.0,1,0,0.00034001485733930537,0.0,-0.0,0.0,0.0,10000.0,0.0,0,True,unknown_truncated,0.6104,,,1,1,False,False,False,0.0,0,1877,False
100000003696422100,peripheral,0.5,31,0.4127,"получил 118 тыс. KZT от 1; обход обрезан 4-м коленом, вероятность что конечный 0.53 — роль не присваиваем",R5.peripheral,4,False,1,0,118000.0,0.0,2,0,0.0007085171420194962,0.0,-0.0,0.0,0.0,118000.0,0.0,0,True,unknown_truncated,0.5276,,,1,1,False,False,False,0.0,0,1877,False
100000007745062100,peripheral,0.5,11,0.4,"получил 100 тыс. KZT от 1; обход обрезан 4-м коленом, вероятность что конечный 0.62 — роль не присваиваем",R5.peripheral,4,False,1,0,100000.0,0.0,1,0,0.00062527994252457,0.0,-0.0,0.0,0.0,100000.0,0.0,0,True,unknown_truncated,0.6198,,,1,1,False,False,False,0.0,0,1877,False
100000005041147100,peripheral,0.5,1,0.2155,"получил 10 тыс. KZT от 1; обход обрезан 4-м коленом, вероятность что конечный 0.57 — роль не присваиваем",R5.peripheral,4,False,1,0,10000.0,0.0,1,0,0.0005337622626216128,0.0,-0.0,0.0,0.0,10000.0,0.0,0,True,unknown_truncated,0.569,,,1,1,False,False,False,0.0,0,1877,False
100000003819173100,terminal,0.766,5,0.4078,"получил 144 тыс. KZT от 1; обход обрезан 4-м коленом, вероятность что конечный 0.77 по модели на коленах 1-3","R4c.terminal: обрезан 4-м коленом, terminal_p >= 0.7",4,False,1,0,143777.0,0.0,1,0,0.0002952095652766986,0.0,-0.0,0.0001136572,0.0,143777.0,0.0,0,True,unknown_truncated,0.7658,,,1,1,False,False,False,0.0,0,1877,False
100000001275557100,peripheral,0.5,22,0.2482,"получил 20 тыс. KZT от 1; обход обрезан 4-м коленом, вероятность что конечный 0.60 — роль не присваиваем",R5.peripheral,4,False,1,0,20000.0,0.0,1,0,0.0003475117995580216,0.0,-0.0,0.0,0.0,20000.0,0.0,0,True,unknown_truncated,0.5964,,,1,1,False,False,False,0.0,0,1877,False
100000002706810100,terminal,0.769,17,0.3334,"получил 45 тыс. KZT от 1; обход обрезан 4-м коленом, вероятность что конечный 0.77 по модели на коленах 1-3","R4c.terminal: обрезан 4-м коленом, terminal_p >= 0.7",4,False,1,0,45000.0,0.0,1,0,0.00030965102695793245,0.0,-0.0,3.6874e-06,0.0,45000.0,0.0,0,True,unknown_truncated,0.7694,,,1,1,False,False,False,0.0,0,1877,False
100000002896506100,peripheral,0.5,6,0.3071,"получил 45 тыс. KZT от 1; обход обрезан 4-м коленом, вероятность что конечный 0.62 — роль не присваиваем",R5.peripheral,4,False,1,0,45000.0,0.0,1,0,0.00031362964480833634,0.0,-0.0,0.0,0.0,45000.0,0.0,0,True,unknown_truncated,0.6189,,,1,1,False,False,False,0.0,0,1877,False
100000008766031100,terminal,0.709,4,0.1615,"получил 5 тыс. KZT от 1; обход обрезан 4-м коленом, вероятность что конечный 0.71 по модели на коленах 1-3","R4c.terminal: обрезан 4-м коленом, terminal_p >= 0.7",4,False,1,0,5000.0,0.0,1,0,0.00028647703728241055,0.0,-0.0,3.31e-07,0.0,5000.0,0.0,0,True,unknown_truncated,0.7091,,,1,1,False,False,False,0.0,0,1877,False
100000008758607100,terminal,0.735,4,0.1614,"получил 5 тыс. KZT от 1; обход обрезан 4-м коленом, вероятность что конечный 0.73 по модели на коленах 1-3","R4c.terminal: обрезан 4-м коленом, terminal_p >= 0.7",4,False,1,0,5000.0,0.0,1,0,0.0002862270828024374,0.0,-0.0,1.2761e-06,0.0,5000.0,0.0,0,True,unknown_truncated,0.7348,,,1,1,False,False,False,0.0,0,1877,False
100000008648783100,terminal,0.73,17,0.17,"получил 5 тыс. KZT от 1; обход обрезан 4-м коленом, вероятность что конечный 0.73 по модели на коленах 1-3","R4c.terminal: обрезан 4-м коленом, terminal_p >= 0.7",4,False,1,0,5200.0,0.0,1,0,0.0002883520722228755,0.0,-0.0,3.6874e-06,0.0,5200.0,0.0,0,True,unknown_truncated,0.7304,,,1,1,False,False,False,0.0,0,1877,False
100000004291663100,terminal,0.726,1,0.2865,"получил 25 тыс. KZT от 1; обход обрезан 4-м коленом, вероятность что конечный 0.73 по модели на коленах 1-3","R4c.terminal: обрезан 4-м коленом, terminal_p >= 0.7",4,False,1,0,25000.0,0.0,1,0,0.0003111707348663816,0.0,-0.0,3.1485e-05,0.0,25000.0,0.0,0,True,unknown_truncated,0.7262,,,1,1,False,False,False,0.0,0,1877,False
100000003037476100,peripheral,0.5,4,0.6303,"получил 555 тыс. KZT от 3; обход обрезан 4-м коленом, вероятность что конечный 0.39 — роль не присваиваем",R5.peripheral,4,False,3,0,555000.0,0.0,3,0,0.00035935405632802974,0.0,-0.0,1.819e-06,0.0,555000.0,0.0,0,True,unknown_truncated,0.388,,,2,1,False,False,False,0.5,0,1877,False
100000008715513100,terminal,0.764,17,0.3075,"получил 32 тыс. KZT от 1; обход обрезан 4-м коленом, вероятность что конечный 0.76 по модели на коленах 1-3","R4c.terminal: обрезан 4-м коленом, terminal_p >= 0.7",4,False,1,0,32500.0,0.0,1,0,0.0003029616567521985,0.0,-0.0,3.6874e-06,0.0,32500.0,0.0,0,True,unknown_truncated,0.7643,,,1,1,False,False,False,0.0,0,1877,False
100000001276409100,terminal,0.779,8,0.3982,"получил 95 тыс. KZT от 1; обход обрезан 4-м коленом, вероятность что конечный 0.78 по модели на коленах 1-3","R4c.terminal: обрезан 4-м коленом, terminal_p >= 0.7",4,False,1,0,94760.0,0.0,1,0,0.0003210407115079505,0.0,-0.0,2.7583e-06,0.0,94760.0,0.0,0,True,unknown_truncated,0.7792,,,1,1,False,False,False,0.0,0,1877,False
100000003232675100,peripheral,0.5,10,0.3715,"получил 44 тыс. KZT от 1; обход обрезан 4-м коленом, вероятность что конечный 0.51 — роль не присваиваем",R5.peripheral,4,False,1,0,44000.0,0.0,2,0,0.000401044536604877,0.0,-0.0,0.0,0.0,44000.0,0.0,0,True,unknown_truncated,0.5083,,,1,2,False,False,False,0.5,0,1877,False
100000007988344100,peripheral,0.5,1,0.2529,"получил 20 тыс. KZT от 1; обход обрезан 4-м коленом, вероятность что конечный 0.40 — роль не присваиваем",R5.peripheral,4,False,1,0,20000.0,0.0,3,0,0.00038745764148945754,0.0,-0.0,0.0,0.0,20000.0,0.0,0,True,unknown_truncated,0.3979,,,1,1,False,False,False,0.0,0,1877,False
100000003047800100,peripheral,0.5,12,0.2153,"получил 12 тыс. KZT от 1; обход обрезан 4-м коленом, вероятность что конечный 0.58 — роль не присваиваем",R5.peripheral,4,False,1,0,12212.0,0.0,1,0,0.00037457034348757943,0.0,-0.0,0.0,0.0,12212.0,0.0,0,True,unknown_truncated,0.583,,,1,1,False,False,False,0.0,0,1877,False
100000003230328100,peripheral,0.5,1,0.3768,"получил 27 тыс. KZT от 3; обход обрезан 4-м коленом, вероятность что конечный 0.27 — роль не присваиваем",R5.peripheral,4,False,3,0,26572.0,0.0,3,0,0.0003516801374186606,0.0,-0.0,6.35853e-05,0.0,26572.0,0.0,0,True,unknown_truncated,0.2663,,,1,1,False,False,False,0.0,0,1877,False
100000002702968100,terminal,0.76,8,0.3001,"получил 32 тыс. KZT от 1; обход обрезан 4-м коленом, вероятность что конечный 0.76 по модели на коленах 1-3","R4c.terminal: обрезан 4-м коленом, terminal_p >= 0.7",4,False,1,0,31600.0,0.0,1,0,0.00029739809103435295,0.0,-0.0,2.7583e-06,0.0,31600.0,0.0,0,True,unknown_truncated,0.7604,,,1,1,False,False,False,0.0,0,1877,False
100000004788983100,peripheral,0.5,1,0.2816,"получил 27 тыс. KZT от 1; обход обрезан 4-м коленом, вероятность что конечный 0.63 — роль не присваиваем",R5.peripheral,4,False,1,0,27000.0,0.0,1,0,0.00036946851834621515,0.0,-0.0,0.0,0.0,27000.0,0.0,0,True,unknown_truncated,0.6283,,,1,1,False,False,False,0.0,0,1877,False
100000006490615100,peripheral,0.5,10,0.3687,"получил 42 тыс. KZT от 1; обход обрезан 4-м коленом, вероятность что конечный 0.29 — роль не присваиваем",R5.peripheral,4,False,1,0,41600.0,0.0,6,0,0.0003947458870200995,0.0,-0.0,0.0,0.0,41600.0,0.0,0,True,unknown_truncated,0.2863,,,1,2,False,False,False,0.5,0,1877,False
100000008745676100,peripheral,0.5,0,0.3101,"получил 35 тыс. KZT от 1; обход обрезан 4-м коленом, вероятность что конечный 0.60 — роль не присваиваем",R5.peripheral,4,False,1,0,34547.0,0.0,1,0,0.0005303236661827117,0.0,-0.0,0.0,0.0,34547.0,0.0,0,True,unknown_truncated,0.5965,,,1,1,False,False,False,0.0,0,270,False
100000001598625100,peripheral,0.5,5,0.2769,"получил 25 тыс. KZT от 1; обход обрезан 4-м коленом, вероятность что конечный 0.60 — роль не присваиваем",R5.peripheral,4,False,1,0,25000.0,0.0,1,0,0.0004288818435522467,0.0,-0.0,0.0,0.0,25000.0,0.0,0,True,unknown_truncated,0.6019,,,1,1,False,False,False,0.0,0,1877,False
100000008461217100,peripheral,0.5,51,0.2559,"получил 18 тыс. KZT от 1; обход обрезан 4-м коленом, вероятность что конечный 0.58 — роль не присваиваем",R5.peripheral,4,False,1,0,18000.0,0.0,1,0,0.000545589789549071,0.0,-0.0,0.0,0.0,18000.0,0.0,0,True,unknown_truncated,0.582,,,1,1,False,False,False,0.0,0,1877,False
100000005711521100,peripheral,0.5,10,0.4477,"получил 238 тыс. KZT от 1; обход обрезан 4-м коленом, вероятность что конечный 0.64 — роль не присваиваем",R5.peripheral,4,False,1,0,238000.0,0.0,1,0,0.0005338432844113265,0.0,-0.0,0.0,0.0,238000.0,0.0,0,True,unknown_truncated,0.6366,,,1,1,False,False,False,0.0,0,1877,False
100000002713974100,peripheral,0.5,5,0.3252,"получил 50 тыс. KZT от 1; обход обрезан 4-м коленом, вероятность что конечный 0.62 — роль не присваиваем",R5.peripheral,4,False,1,0,50000.0,0.0,1,0,0.0003299501883700866,0.0,-0.0,0.0,0.0,50000.0,0.0,0,True,unknown_truncated,0.6187,,,1,1,False,False,False,0.0,0,1877,False
100000005272139100,peripheral,0.5,3,0.4332,"получил 165 тыс. KZT от 1; обход обрезан 4-м коленом, вероятность что конечный 0.63 — роль не присваиваем",R5.peripheral,4,False,1,0,165000.0,0.0,1,0,0.0007555290963517862,0.0,-0.0,0.0,0.0,165000.0,0.0,0,True,unknown_truncated,0.6317,,,1,1,False,False,False,0.0,0,1877,False
100000002968096100,peripheral,0.5,5,0.3479,"получил 70 тыс. KZT от 1; обход обрезан 4-м коленом, вероятность что конечный 0.64 — роль не присваиваем",R5.peripheral,4,False,1,0,70000.0,0.0,1,0,0.00031948241143492313,0.0,-0.0,0.0,0.0,70000.0,0.0,0,True,unknown_truncated,0.6436,,,1,1,False,False,False,0.0,0,1877,False
100000004449824100,terminal,0.741,17,0.1901,"получил 9 тыс. KZT от 1; обход обрезан 4-м коленом, вероятность что конечный 0.74 по модели на коленах 1-3","R4c.terminal: обрезан 4-м коленом, terminal_p >= 0.7",4,False,1,0,9000.0,0.0,1,0,0.00029038564076541864,0.0,-0.0,3.6874e-06,0.0,9000.0,0.0,0,True,unknown_truncated,0.7407,,,1,1,False,False,False,0.0,0,1877,False
100000004502048100,peripheral,0.5,16,0.2157,"получил 14 тыс. KZT от 1; обход обрезан 4-м коленом, вероятность что конечный 0.60 — роль не присваиваем",R5.peripheral,4,False,1,0,13888.0,0.0,1,0,0.00033971462250251136,0.0,-0.0,0.0,0.0,13888.0,0.0,0,True,unknown_truncated,0.6001,,,1,1,False,False,False,0.0,0,1877,False
100000002660298100,terminal,0.762,8,0.298,"получил 31 тыс. KZT от 1; обход обрезан 4-м коленом, вероятность что конечный 0.76 по модели на коленах 1-3","R4c.terminal: обрезан 4-м коленом, terminal_p >= 0.7",4,False,1,0,30900.0,0.0,1,0,0.0002971360607251142,0.0,-0.0,2.7583e-06,0.0,30900.0,0.0,0,True,unknown_truncated,0.7625,,,1,1,False,False,False,0.0,0,1877,False
100000001299828100,peripheral,0.5,1,0.3964,"получил 100 тыс. KZT от 1; обход обрезан 4-м коленом, вероятность что конечный 0.62 — роль не присваиваем",R5.peripheral,4,False,1,0,100000.0,0.0,1,0,0.0005472629597932571,0.0,-0.0,0.0,0.0,100000.0,0.0,0,True,unknown_truncated,0.6214,,,1,1,False,False,False,0.0,0,1877,False
100000000581662100,peripheral,0.5,12,0.2401,"получил 21 тыс. KZT от 1; обход обрезан 4-м коленом, вероятность что конечный 0.60 — роль не присваиваем",R5.peripheral,4,False,1,0,21160.0,0.0,1,0,0.0003029166285306614,0.0,-0.0,0.0,0.0,21160.0,0.0,0,True,unknown_truncated,0.6007,,,1,1,False,False,False,0.0,0,1877,False
100000001249054100,terminal,0.753,8,0.2357,"получил 17 тыс. KZT от 1; обход обрезан 4-м коленом, вероятность что конечный 0.75 по модели на коленах 1-3","R4c.terminal: обрезан 4-м коленом, terminal_p >= 0.7",4,False,1,0,17375.0,0.0,1,0,0.00029207326082160873,0.0,-0.0,2.7583e-06,0.0,17375.0,0.0,0,True,unknown_truncated,0.7531,,,1,1,False,False,False,0.0,0,1877,False
100000008759795100,terminal,0.752,17,0.2376,"получил 17 тыс. KZT от 1; обход обрезан 4-м коленом, вероятность что конечный 0.75 по модели на коленах 1-3","R4c.terminal: обрезан 4-м коленом, terminal_p >= 0.7",4,False,1,0,17000.0,0.0,1,0,0.00029466683769708836,0.0,-0.0,3.6874e-06,0.0,17000.0,0.0,0,True,unknown_truncated,0.7517,,,1,1,False,False,False,0.0,0,1877,False
100000001299443100,terminal,0.737,17,0.1857,"получил 8 тыс. KZT от 1; обход обрезан 4-м коленом, вероятность что конечный 0.74 по модели на коленах 1-3","R4c.terminal: обрезан 4-м коленом, terminal_p >= 0.7",4,False,1,0,8000.0,0.0,1,0,0.00028985049114895996,0.0,-0.0,3.6874e-06,0.0,8000.0,0.0,0,True,unknown_truncated,0.7374,,,1,1,False,False,False,0.0,0,1877,False
100000007997939100,peripheral,0.5,4,0.2163,"получил 13 тыс. KZT от 1; обход обрезан 4-м коленом, вероятность что конечный 0.61 — роль не присваиваем",R5.peripheral,4,False,1,0,13000.0,0.0,1,0,0.0003579630834798816,0.0,-0.0,0.0,0.0,13000.0,0.0,0,True,unknown_truncated,0.6114,,,1,1,False,False,False,0.0,0,1877,False
100000003470579100,peripheral,0.5,26,0.4747,"получил 357 тыс. KZT от 1; обход обрезан 4-м коленом, вероятность что конечный 0.56 — роль не присваиваем",R5.peripheral,4,False,1,0,357000.0,0.0,2,0,0.0005685326159317385,0.0,-0.0,0.0,0.0,357000.0,0.0,0,True,unknown_truncated,0.5626,,,1,1,False,False,False,0.0,0,1877,False
100000008649416100,peripheral,0.5,15,0.1912,"получил 5 тыс. KZT от 1; обход обрезан 4-м коленом, вероятность что конечный 0.55 — роль не присваиваем",R5.peripheral,4,False,1,0,5000.0,0.0,1,0,0.0005337267176293667,0.0,-0.0,0.0,0.0,5000.0,0.0,0,True,unknown_truncated,0.5465,,,1,1,False,False,False,0.0,0,1877,False
100000008183752100,peripheral,0.5,20,0.4132,"получил 140 тыс. KZT от 1; обход обрезан 4-м коленом, вероятность что конечный 0.63 — роль не присваиваем",R5.peripheral,4,False,1,0,140000.0,0.0,1,0,0.0005301890395310123,0.0,-0.0,0.0,0.0,140000.0,0.0,0,True,unknown_truncated,0.6296,,,1,1,False,False,False,0.0,0,1877,False
100000003950749100,peripheral,0.5,3,0.1929,"получил 7 тыс. KZT от 1; обход обрезан 4-м коленом, вероятность что конечный 0.59 — роль не присваиваем",R5.peripheral,4,False,1,0,7000.0,0.0,1,0,0.00038424128954841466,0.0,-0.0,2.12e-08,0.0,7000.0,0.0,0,True,unknown_truncated,0.5923,,,1,1,False,False,False,0.0,0,1877,False
100000005979037100,peripheral,0.5,5,0.3419,"получил 60 тыс. KZT от 1; обход обрезан 4-м коленом, вероятность что конечный 0.65 — роль не присваиваем",R5.peripheral,4,False,1,0,60300.0,0.0,1,0,0.0003248463424153586,0.0,-0.0,0.0,0.0,60300.0,0.0,0,True,unknown_truncated,0.6486,,,1,1,False,False,False,0.0,0,1877,False
100000008734279100,peripheral,0.5,5,0.2761,"получил 32 тыс. KZT от 1; обход обрезан 4-м коленом, вероятность что конечный 0.63 — роль не присваиваем",R5.peripheral,4,False,1,0,31650.0,0.0,1,0,0.00030133294456934464,0.0,-0.0,3.2e-09,0.0,31650.0,0.0,0,True,unknown_truncated,0.6337,,,1,1,False,False,False,0.0,0,1877,False
100000005589319100,peripheral,0.5,2,0.2626,"получил 26 тыс. KZT от 1; обход обрезан 4-м коленом, вероятность что конечный 0.66 — роль не присваиваем",R5.peripheral,4,False,1,0,26000.0,0.0,1,0,0.00030995557415139407,0.0,-0.0,5.07852e-05,0.0,26000.0,0.0,0,True,unknown_truncated,0.6611,,,1,1,False,False,False,0.0,0,1877,False
100000003626268100,peripheral,0.5,5,0.1903,"получил 5 тыс. KZT от 1; обход обрезан 4-м коленом, вероятность что конечный 0.55 — роль не присваиваем",R5.peripheral,4,False,1,0,5000.0,0.0,1,0,0.000530890379133667,0.0,-0.0,0.0,0.0,5000.0,0.0,0,True,unknown_truncated,0.5451,,,1,1,False,False,False,0.0,0,1877,False
100000001220124100,peripheral,0.5,5,0.3225,"получил 40 тыс. KZT от 1; обход обрезан 4-м коленом, вероятность что конечный 0.60 — роль не присваиваем",R5.peripheral,4,False,1,0,40000.0,0.0,1,0,0.000539556585195879,0.0,-0.0,0.0,0.0,40000.0,0.0,0,True,unknown_truncated,0.5976,,,1,1,False,False,False,0.0,0,1877,False
100000003904497100,peripheral,0.5,4,0.2003,"получил 10 тыс. KZT от 1; обход обрезан 4-м коленом, вероятность что конечный 0.60 — роль не присваиваем",R5.peripheral,4,False,1,0,10000.0,0.0,1,0,0.00034125682441928356,0.0,-0.0,0.0,0.0,10000.0,0.0,0,True,unknown_truncated,0.6008,,,1,1,False,False,False,0.0,0,1877,False
100000001270470100,peripheral,0.5,1,0.2889,"получил 28 тыс. KZT от 1; обход обрезан 4-м коленом, вероятность что конечный 0.49 — роль не присваиваем",R5.peripheral,4,False,1,0,28300.0,0.0,2,0,0.00042974130560740703,0.0,-0.0,0.0,0.0,28300.0,0.0,0,True,unknown_truncated,0.4852,,,1,1,False,False,False,0.0,0,1877,False
100000003091142100,peripheral,0.5,1,0.314,"получил 40 тыс. KZT от 1; обход обрезан 4-м коленом, вероятность что конечный 0.64 — роль не присваиваем",R5.peripheral,4,False,1,0,40000.0,0.0,1,0,0.00040986444107495674,0.0,-0.0,0.0,0.0,40000.0,0.0,0,True,unknown_truncated,0.6402,,,1,1,False,False,False,0.0,0,1877,False
100000001053894100,peripheral,0.5,39,0.5117,"получил 2 млн KZT от 1; обход обрезан 4-м коленом, вероятность что конечный 0.36 — роль не присваиваем",R5.peripheral,4,False,1,0,2000000.0,0.0,7,0,0.0004485491925071477,0.0,-0.0,0.0,0.0,2000000.0,0.0,0,True,unknown_truncated,0.3567,,,1,1,False,False,False,0.0,0,1877,False
100000004722630100,peripheral,0.5,50,0.465,"получил 340 тыс. KZT от 1; обход обрезан 4-м коленом, вероятность что конечный 0.55 — роль не присваиваем",R5.peripheral,4,False,1,0,340000.0,0.0,2,0,0.0004921869960127052,0.0,-0.0,0.0,0.0,340000.0,0.0,0,True,unknown_truncated,0.5504,,,1,1,False,False,False,0.0,0,1877,False
100000004655046100,peripheral,0.5,8,0.2816,"получил 24 тыс. KZT от 1; обход обрезан 4-м коленом, вероятность что конечный 0.59 — роль не присваиваем",R5.peripheral,4,False,1,0,24000.0,0.0,1,0,0.0005575082914139765,0.0,-0.0,0.0,0.0,24000.0,0.0,0,True,unknown_truncated,0.5904,,,1,1,False,False,False,0.0,0,1877,False
100000004019056100,peripheral,0.5,10,0.3442,"получил 50 тыс. KZT от 1; обход обрезан 4-м коленом, вероятность что конечный 0.61 — роль не присваиваем",R5.peripheral,4,False,1,0,50000.0,0.0,1,0,0.0005409213827074562,0.0,-0.0,0.0,0.0,50000.0,0.0,0,True,unknown_truncated,0.607,,,1,1,False,False,False,0.0,0,1877,False
100000008071749100,terminal,0.758,8,0.2714,"получил 25 тыс. KZT от 1; обход обрезан 4-м коленом, вероятность что конечный 0.76 по модели на коленах 1-3","R4c.terminal: обрезан 4-м коленом, terminal_p >= 0.7",4,False,1,0,24943.0,0.0,1,0,0.00029490618279349263,0.0,-0.0,2.7583e-06,0.0,24943.0,0.0,0,True,unknown_truncated,0.7582,,,1,1,False,False,False,0.0,0,1877,False
100000008221765100,peripheral,0.5,6,0.4239,"получил 156 тыс. KZT от 1; обход обрезан 4-м коленом, вероятность что конечный 0.62 — роль не присваиваем",R5.peripheral,4,False,1,0,156354.0,0.0,1,0,0.0005404417175185705,0.0,-0.0,0.0,0.0,156354.0,0.0,0,True,unknown_truncated,0.624,,,1,1,False,False,False,0.0,0,1877,False
100000008778010100,peripheral,0.5,0,0.4254,"получил 77 тыс. KZT от 1; обход обрезан 4-м коленом, вероятность что конечный 0.50 — роль не присваиваем",R5.peripheral,4,False,1,0,76950.0,0.0,2,0,0.0005296426486872749,0.0,-0.0,0.0,0.0,76950.0,0.0,0,True,unknown_truncated,0.4989,,,1,2,False,False,False,0.5,0,270,False
100000004584730100,peripheral,0.5,45,0.3063,"получил 47 тыс. KZT от 1; обход обрезан 4-м коленом, вероятность что конечный 0.65 — роль не присваиваем",R5.peripheral,4,False,1,0,47000.0,0.0,1,0,0.00030383982641037267,0.0,-0.0,7.661e-07,0.0,47000.0,0.0,0,True,unknown_truncated,0.6515,,,1,1,False,False,False,0.0,0,1877,False
100000004797167100,peripheral,0.5,19,0.3071,"получил 31 тыс. KZT от 1; обход обрезан 4-м коленом, вероятность что конечный 0.59 — роль не присваиваем",R5.peripheral,4,False,1,0,31000.0,0.0,1,0,0.000551624702702953,0.0,-0.0,0.0,0.0,31000.0,0.0,0,True,unknown_truncated,0.5893,,,1,1,False,False,False,0.0,0,1877,False
100000005010159100,peripheral,0.5,5,0.2088,"получил 7 тыс. KZT от 1; обход обрезан 4-м коленом, вероятность что конечный 0.56 — роль не присваиваем",R5.peripheral,4,False,1,0,7092.0,0.0,1,0,0.0006143684568259235,0.0,-0.0,0.0,0.0,7092.0,0.0,0,True,unknown_truncated,0.5595,,,1,1,False,False,False,0.0,0,1877,False
100000003025903100,peripheral,0.5,6,0.4726,"получил 386 тыс. KZT от 1; обход обрезан 4-м коленом, вероятность что конечный 0.32 — роль не присваиваем",R5.peripheral,4,False,1,0,386300.0,0.0,6,0,0.0005264518149577599,0.0,-0.0,0.0,0.0,386300.0,0.0,0,True,unknown_truncated,0.3213,,,1,1,False,False,False,0.0,0,1877,False
100000003005167100,terminal,0.736,17,0.1814,"получил 7 тыс. KZT от 1; обход обрезан 4-м коленом, вероятность что конечный 0.74 по модели на коленах 1-3","R4c.terminal: обрезан 4-м коленом, terminal_p >= 0.7",4,False,1,0,7000.0,0.0,1,0,0.0002893153415325012,0.0,-0.0,3.6874e-06,0.0,7000.0,0.0,0,True,unknown_truncated,0.7355,,,1,1,False,False,False,0.0,0,1877,False
100000002214383100,peripheral,0.5,0,0.4406,"получил 213 тыс. KZT от 1; обход обрезан 4-м коленом, вероятность что конечный 0.64 — роль не присваиваем",R5.peripheral,4,False,1,0,213000.0,0.0,1,0,0.0005308718022156244,0.0,-0.0,0.0,0.0,213000.0,0.0,0,True,unknown_truncated,0.638,,,1,1,False,False,False,0.0,0,270,False
100000004800452100,peripheral,0.5,6,0.2061,"получил 7 тыс. KZT от 1; обход обрезан 4-м коленом, вероятность что конечный 0.56 — роль не присваиваем",R5.peripheral,4,False,1,0,6544.53,0.0,1,0,0.0006079797659745975,0.0,-0.0,0.0,0.0,6544.53,0.0,0,True,unknown_truncated,0.5583,,,1,1,False,False,False,0.0,0,1877,False
100000006903193100,peripheral,0.5,1,0.1783,"получил 9 тыс. KZT от 1; обход обрезан 4-м коленом, вероятность что конечный 0.61 — роль не присваиваем",R5.peripheral,4,False,1,0,9000.0,0.0,1,0,0.00030160452688525306,0.0,-0.0,2.91019e-05,0.0,9000.0,0.0,0,True,unknown_truncated,0.6072,,,1,1,False,False,False,0.0,0,1877,False
100000007811950100,peripheral,0.5,25,0.3446,"получил 50 тыс. KZT от 1; обход обрезан 4-м коленом, вероятность что конечный 0.61 — роль не присваиваем",R5.peripheral,4,False,1,0,50000.0,0.0,1,0,0.000546228540071972,0.0,-0.0,0.0,0.0,50000.0,0.0,0,True,unknown_truncated,0.6076,,,1,1,False,False,False,0.0,0,1877,False
100000000375150100,peripheral,0.5,10,0.4706,"получил 300 тыс. KZT от 1; обход обрезан 4-м коленом, вероятность что конечный 0.64 — роль не присваиваем",R5.peripheral,4,False,1,0,300000.0,0.0,1,0,0.0007463802351751558,0.0,-0.0,0.0,0.0,300000.0,0.0,0,True,unknown_truncated,0.6405,,,1,1,False,False,False,0.0,0,1877,False
100000008775747100,terminal,0.736,4,0.1614,"получил 5 тыс. KZT от 1; обход обрезан 4-м коленом, вероятность что конечный 0.74 по модели на коленах 1-3","R4c.terminal: обрезан 4-м коленом, terminal_p >= 0.7",4,False,1,0,5000.0,0.0,1,0,0.0002862270828024374,0.0,-0.0,1.2761e-06,0.0,5000.0,0.0,0,True,unknown_truncated,0.7356,,,1,1,False,False,False,0.0,0,1877,False
100000006689603100,peripheral,0.5,5,0.4525,"получил 400 тыс. KZT от 1; обход обрезан 4-м коленом, вероятность что конечный 0.69 — роль не присваиваем",R5.peripheral,4,False,1,0,400000.0,0.0,2,0,0.00031238935878786383,0.0,-0.0,0.0001136572,0.0,400000.0,0.0,0,True,unknown_truncated,0.6885,,,1,1,False,False,False,0.0,0,1877,False
100000005075949100,peripheral,0.5,47,0.63,"получил 2.2 млн KZT от 1; обход обрезан 4-м коленом, вероятность что конечный 0.33 — роль не присваиваем | дробление: 3 перевода от одного плательщика за день",R5.peripheral,4,False,1,0,2226000.0,0.0,7,0,0.0007679113857379692,0.0,-0.0,0.0,0.0,2226000.0,0.0,0,True,unknown_truncated,0.3347,,,1,3,False,False,True,1.0,0,1877,False
100000003985389100,peripheral,0.5,5,0.5269,"получил 423 тыс. KZT от 1; обход обрезан 4-м коленом, вероятность что конечный 0.16 — роль не присваиваем",R5.peripheral,4,False,1,0,422698.0,0.0,16,0,0.0004903551059552761,0.0,-0.0,0.0,0.0,422698.0,0.0,0,True,unknown_truncated,0.1566,,,1,2,False,False,False,0.5,0,1877,False
100000002478829100,peripheral,0.5,21,0.3008,"получил 34 тыс. KZT от 1; обход обрезан 4-м коленом, вероятность что конечный 0.64 — роль не присваиваем",R5.peripheral,4,False,1,0,34000.0,0.0,1,0,0.0003873344502832999,0.0,-0.0,0.0,0.0,34000.0,0.0,0,True,unknown_truncated,0.6378,,,1,1,False,False,False,0.0,0,1877,False
100000003125997100,peripheral,0.5,4,0.3848,"получил 88 тыс. KZT от 1; обход обрезан 4-м коленом, вероятность что конечный 0.62 — роль не присваиваем",R5.peripheral,4,False,1,0,87750.0,0.0,1,0,0.0005483720399494504,0.0,-0.0,0.0,0.0,87750.0,0.0,0,True,unknown_truncated,0.6194,,,1,1,False,False,False,0.0,0,1877,False
100000003214786100,peripheral,0.5,1,0.1842,"получил 5 тыс. KZT от 1; обход обрезан 4-м коленом, вероятность что конечный 0.57 — роль не присваиваем",R5.peripheral,4,False,1,0,5000.0,0.0,1,0,0.00042028195414468866,0.0,-0.0,0.0,0.0,5000.0,0.0,0,True,unknown_truncated,0.5692,,,1,1,False,False,False,0.0,0,1877,False
100000008308418100,peripheral,0.5,1,0.3367,"получил 50 тыс. KZT от 1; обход обрезан 4-м коленом, вероятность что конечный 0.62 — роль не присваиваем",R5.peripheral,4,False,1,0,50000.0,0.0,1,0,0.000431599331466298,0.0,-0.0,0.0,0.0,50000.0,0.0,0,True,unknown_truncated,0.6161,,,1,1,False,False,False,0.0,0,1877,False
100000008619159100,peripheral,0.5,63,0.5199,"получил 446 тыс. KZT от 1; обход обрезан 4-м коленом, вероятность что конечный 0.55 — роль не присваиваем",R5.peripheral,4,False,1,0,446400.0,0.0,2,0,0.00035658738939848764,0.0,-0.0,0.0,0.0,446400.0,0.0,0,True,unknown_truncated,0.5494,,,1,2,False,False,False,0.5,0,1877,False
100000004418967100,peripheral,0.5,4,0.3894,"получил 100 тыс. KZT от 1; обход обрезан 4-м коленом, вероятность что конечный 0.65 — роль не присваиваем",R5.peripheral,4,False,1,0,100000.0,0.0,1,0,0.0004534748089525561,0.0,-0.0,0.0,0.0,100000.0,0.0,0,True,unknown_truncated,0.6492,,,1,1,False,False,False,0.0,0,1877,False
100000003173783100,peripheral,0.5,30,0.2608,"получил 24 тыс. KZT от 1; обход обрезан 4-м коленом, вероятность что конечный 0.51 — роль не присваиваем",R5.peripheral,4,False,1,0,23500.0,0.0,2,0,0.0003468224290716622,0.0,-0.0,4.5006e-05,0.0,23500.0,0.0,0,True,unknown_truncated,0.5142,,,1,1,False,False,False,0.0,0,1877,False
100000002242455100,peripheral,0.5,6,0.4017,"получил 110 тыс. KZT от 1; обход обрезан 4-м коленом, вероятность что конечный 0.62 — роль не присваиваем",R5.peripheral,4,False,1,0,110000.0,0.0,1,0,0.0005321740677312205,0.0,-0.0,0.0,0.0,110000.0,0.0,0,True,unknown_truncated,0.6167,,,1,1,False,False,False,0.0,0,1877,False
100000004848236100,peripheral,0.5,1,0.1781,"получил 8 тыс. KZT от 1; обход обрезан 4-м коленом, вероятность что конечный 0.60 — роль не присваиваем",R5.peripheral,4,False,1,0,7500.0,0.0,1,0,0.00030887463425310267,0.0,-0.0,0.0,0.0,7500.0,0.0,0,True,unknown_truncated,0.6012,,,1,1,False,False,False,0.0,0,1877,False
100000004674412100,peripheral,0.5,9,0.3286,"получил 46 тыс. KZT от 1; обход обрезан 4-м коленом, вероятность что конечный 0.64 — роль не присваиваем",R5.peripheral,4,False,1,0,46000.0,0.0,1,0,0.0004893678200951688,0.0,-0.0,0.0,0.0,46000.0,0.0,0,True,unknown_truncated,0.6353,,,1,1,False,False,False,0.0,0,1877,False
100000007071852100,peripheral,0.5,5,0.4297,"получил 195 тыс. KZT от 1; обход обрезан 4-м коленом, вероятность что конечный 0.66 — роль не присваиваем",R5.peripheral,4,False,1,0,195000.0,0.0,1,0,0.00044351479276962143,0.0,-0.0,2.71706e-05,0.0,195000.0,0.0,0,True,unknown_truncated,0.6646,,,1,1,False,False,False,0.0,0,1877,False
100000001498732100,peripheral,0.5,4,0.1478,"получил 6 тыс. KZT от 1; обход обрезан 4-м коленом, вероятность что конечный 0.60 — роль не присваиваем",R5.peripheral,4,False,1,0,5500.0,0.0,1,0,0.0002894096098235805,0.0,-0.0,1.41e-08,0.0,5500.0,0.0,0,True,unknown_truncated,0.6009,,,1,1,False,False,False,0.0,0,1877,False
100000000627521100,peripheral,0.5,39,0.1425,"получил 6 тыс. KZT от 1; обход обрезан 4-м коленом, вероятность что конечный 0.61 — роль не присваиваем",R5.peripheral,4,False,1,0,6500.0,0.0,1,0,0.00028609897888673224,0.0,-0.0,0.0,0.0,6500.0,0.0,0,True,unknown_truncated,0.6084,,,1,1,False,False,False,0.0,0,1877,False
100000003105089100,peripheral,0.5,21,0.1829,"получил 10 тыс. KZT от 1; обход обрезан 4-м коленом, вероятность что конечный 0.63 — роль не присваиваем",R5.peripheral,4,False,1,0,10000.0,0.0,1,0,0.0002994376832159761,0.0,-0.0,0.0,0.0,10000.0,0.0,0,True,unknown_truncated,0.6286,,,1,1,False,False,False,0.0,0,1877,False
100000003166017100,terminal,0.75,8,0.2212,"получил 15 тыс. KZT от 1; обход обрезан 4-м коленом, вероятность что конечный 0.75 по модели на коленах 1-3","R4c.terminal: обрезан 4-м коленом, terminal_p >= 0.7",4,False,1,0,15000.0,0.0,1,0,0.000291184229415263,0.0,-0.0,2.7583e-06,0.0,15000.0,0.0,0,True,unknown_truncated,0.7497,,,1,1,False,False,False,0.0,0,1877,False
100000002506987100,terminal,0.758,8,0.2871,"получил 28 тыс. KZT от 1; обход обрезан 4-м коленом, вероятность что конечный 0.76 по модели на коленах 1-3","R4c.terminal: обрезан 4-м коленом, terminal_p >= 0.7",4,False,1,0,28200.0,0.0,1,0,0.0002961253723894791,0.0,-0.0,2.7583e-06,0.0,28200.0,0.0,0,True,unknown_truncated,0.7581,,,1,1,False,False,False,0.0,0,1877,False
100000005767403100,peripheral,0.5,34,0.5179,"получил 1.1 млн KZT от 1; обход обрезан 4-м коленом, вероятность что конечный 0.61 — роль не присваиваем",R5.peripheral,4,False,1,0,1100000.0,0.0,2,0,0.0010818599457011395,0.0,-0.0,1.468e-07,0.0,1100000.0,0.0,0,True,unknown_truncated,0.6104,,,1,1,False,False,False,0.0,0,1877,False
100000005553088100,peripheral,0.5,5,0.2118,"получил 18 тыс. KZT от 1; обход обрезан 4-м коленом, вероятность что конечный 0.62 — роль не присваиваем",R5.peripheral,4,False,1,0,17500.0,0.0,1,0,0.0002942853726110012,0.0,-0.0,3.2e-09,0.0,17500.0,0.0,0,True,unknown_truncated,0.6159,,,1,1,False,False,False,0.0,0,1877,False
100000003632533100,peripheral,0.5,6,0.2092,"получил 10 тыс. KZT от 1; обход обрезан 4-м коленом, вероятность что конечный 0.60 — роль не присваиваем",R5.peripheral,4,False,1,0,10000.0,0.0,1,0,0.00042894910408558474,0.0,-0.0,0.0,0.0,10000.0,0.0,0,True,unknown_truncated,0.5968,,,1,1,False,False,False,0.0,0,1877,False
100000008762005100,peripheral,0.5,4,0.1346,"получил 5 тыс. KZT от 1; обход обрезан 4-м коленом, вероятность что конечный 0.63 — роль не присваиваем",R5.peripheral,4,False,1,0,5000.0,0.0,1,0,0.0002867795934290686,0.0,-0.0,3.09e-08,0.0,5000.0,0.0,0,True,unknown_truncated,0.6268,,,1,1,False,False,False,0.0,0,1877,False
100000002214207100,peripheral,0.5,37,0.3976,"получил 97 тыс. KZT от 1; обход обрезан 4-м коленом, вероятность что конечный 0.62 — роль не присваиваем",R5.peripheral,4,False,1,0,97000.0,0.0,1,0,0.0006906066279546765,0.0,-0.0,0.0,0.0,97000.0,0.0,0,True,unknown_truncated,0.6191,,,1,1,False,False,False,0.0,0,1877,False
100000003180820100,terminal,0.784,4,0.3929,"получил 101 тыс. KZT от 1; обход обрезан 4-м коленом, вероятность что конечный 0.78 по модели на коленах 1-3","R4c.terminal: обрезан 4-м коленом, terminal_p >= 0.7",4,False,1,0,101000.0,0.0,1,0,0.0002988566236372633,0.0,-0.0,1.2761e-06,0.0,101000.0,0.0,0,True,unknown_truncated,0.7838,,,1,1,False,False,False,0.0,0,1877,False
100000003786516100,peripheral,0.5,1,0.1506,"получил 5 тыс. KZT от 1; обход обрезан 4-м коленом, вероятность что конечный 0.70 — роль не присваиваем",R5.peripheral,4,False,1,0,5000.0,0.0,1,0,0.00029315964798120263,0.0,-0.0,2.77264e-05,0.0,5000.0,0.0,0,True,unknown_truncated,0.6995,,,1,1,False,False,False,0.0,0,1877,False
100000005226217100,peripheral,0.5,4,0.2406,"получил 18 тыс. KZT от 1; обход обрезан 4-м коленом, вероятность что конечный 0.61 — роль не присваиваем",R5.peripheral,4,False,1,0,17500.0,0.0,1,0,0.0003830224720707786,0.0,-0.0,0.0,0.0,17500.0,0.0,0,True,unknown_truncated,0.6133,,,1,1,False,False,False,0.0,0,1877,False
100000001533161100,peripheral,0.5,45,0.3757,"получил 100 тыс. KZT от 1; обход обрезан 4-м коленом, вероятность что конечный 0.67 — роль не присваиваем",R5.peripheral,4,False,1,0,100000.0,0.0,1,0,0.00032444276696852947,0.0,-0.0,7.661e-07,0.0,100000.0,0.0,0,True,unknown_truncated,0.6656,,,1,1,False,False,False,0.0,0,1877,False
100000007034089100,peripheral,0.5,4,0.5528,"получил 198 тыс. KZT от 2; обход обрезан 4-м коленом, вероятность что конечный 0.55 — роль не присваиваем",R5.peripheral,4,False,2,0,198000.0,0.0,2,0,0.0003211159924280986,0.0,-0.0,1.6071e-06,0.0,198000.0,0.0,0,True,unknown_truncated,0.5524,,,2,1,False,False,False,0.5,0,1877,False
100000008336318100,terminal,0.702,4,0.4374,"получил 170 тыс. KZT от 1; обход обрезан 4-м коленом, вероятность что конечный 0.70 по модели на коленах 1-3","R4c.terminal: обрезан 4-м коленом, terminal_p >= 0.7",4,False,1,0,170000.0,0.0,1,0,0.0003267194674177576,0.0,-0.0,3.09e-08,0.0,170000.0,0.0,0,True,unknown_truncated,0.7019,,,1,1,False,False,False,0.0,0,1877,False
100000005370558100,peripheral,0.5,1,0.1583,"получил 5 тыс. KZT от 1; обход обрезан 4-м коленом, вероятность что конечный 0.60 — роль не присваиваем",R5.peripheral,4,False,1,0,5000.0,0.0,1,0,0.0002992993954788,0.0,-0.0,5.5539e-06,0.0,5000.0,0.0,0,True,unknown_truncated,0.5951,,,1,1,False,False,False,0.0,0,1877,False
100000002729875100,terminal,0.777,8,0.3798,"получил 76 тыс. KZT от 1; обход обрезан 4-м коленом, вероятность что конечный 0.78 по модели на коленах 1-3","R4c.terminal: обрезан 4-м коленом, terminal_p >= 0.7",4,False,1,0,76000.0,0.0,1,0,0.0003140182992203525,0.0,-0.0,2.7583e-06,0.0,76000.0,0.0,0,True,unknown_truncated,0.7773,,,1,1,False,False,False,0.0,0,1877,False
100000006512787100,peripheral,0.5,1,0.2609,"получил 20 тыс. KZT от 1; обход обрезан 4-м коленом, вероятность что конечный 0.46 — роль не присваиваем",R5.peripheral,4,False,1,0,20000.0,0.0,2,0,0.0005300461906110868,0.0,-0.0,0.0,0.0,20000.0,0.0,0,True,unknown_truncated,0.4643,,,1,1,False,False,False,0.0,0,1877,False
100000003186579100,peripheral,0.5,5,0.3998,"получил 110 тыс. KZT от 1; обход обрезан 4-м коленом, вероятность что конечный 0.52 — роль не присваиваем",R5.peripheral,4,False,1,0,110000.0,0.0,2,0,0.0005151815504625234,0.0,-0.0,0.0,0.0,110000.0,0.0,0,True,unknown_truncated,0.5218,,,1,1,False,False,False,0.0,0,1877,False
100000004472936100,peripheral,0.5,10,0.1907,"получил 5 тыс. KZT от 1; обход обрезан 4-м коленом, вероятность что конечный 0.55 — роль не присваиваем",R5.peripheral,4,False,1,0,5000.0,0.0,1,0,0.0005318955309395088,0.0,-0.0,0.0,0.0,5000.0,0.0,0,True,unknown_truncated,0.5509,,,1,1,False,False,False,0.0,0,1877,False
100000002231144100,peripheral,0.5,21,0.2261,"получил 15 тыс. KZT от 1; обход обрезан 4-м коленом, вероятность что конечный 0.62 — роль не присваиваем",R5.peripheral,4,False,1,0,15000.0,0.0,1,0,0.000367237638900313,0.0,-0.0,0.0,0.0,15000.0,0.0,0,True,unknown_truncated,0.6186,,,1,1,False,False,False,0.0,0,1877,False
100000002505277100,peripheral,0.5,1,0.3519,"получил 60 тыс. KZT от 1; обход обрезан 4-м коленом, вероятность что конечный 0.62 — роль не присваиваем",R5.peripheral,4,False,1,0,60000.0,0.0,1,0,0.0004076531172154499,0.0,-0.0,0.0,0.0,60000.0,0.0,0,True,unknown_truncated,0.6218,,,1,1,False,False,False,0.0,0,1877,False
100000003177533100,peripheral,0.5,5,0.351,"получил 20 тыс. KZT от 1; обход обрезан 4-м коленом, вероятность что конечный 0.40 — роль не присваиваем | дробление: 3 перевода от одного плательщика за день",R5.peripheral,4,False,1,0,20000.0,0.0,3,0,0.00033819737698218943,0.0,-0.0,0.0,0.0,20000.0,0.0,0,True,unknown_truncated,0.3972,,,1,3,False,False,True,1.0,0,1877,False
100000005888829100,terminal,0.794,4,0.4403,"получил 197 тыс. KZT от 1; обход обрезан 4-м коленом, вероятность что конечный 0.79 по модели на коленах 1-3","R4c.terminal: обрезан 4-м коленом, terminal_p >= 0.7",4,False,1,0,197000.0,0.0,1,0,0.0003114861644720892,0.0,-0.0,1.2761e-06,0.0,197000.0,0.0,0,True,unknown_truncated,0.7942,,,1,1,False,False,False,0.0,0,1877,False
100000002242066100,peripheral,0.5,35,0.3594,"получил 60 тыс. KZT от 1; обход обрезан 4-м коленом, вероятность что конечный 0.60 — роль не присваиваем",R5.peripheral,4,False,1,0,60000.0,0.0,1,0,0.0005337841025658801,0.0,-0.0,0.0,0.0,60000.0,0.0,0,True,unknown_truncated,0.6029,,,1,1,False,False,False,0.0,0,1877,False
100000008027922100,peripheral,0.5,22,0.3653,"получил 70 тыс. KZT от 1; обход обрезан 4-м коленом, вероятность что конечный 0.63 — роль не присваиваем",R5.peripheral,4,False,1,0,70000.0,0.0,1,0,0.0005023680629098503,0.0,-0.0,0.0,0.0,70000.0,0.0,0,True,unknown_truncated,0.6282,,,1,1,False,False,False,0.0,0,1877,False
100000002686226100,peripheral,0.5,15,0.4852,"получил 430 тыс. KZT от 1; обход обрезан 4-м коленом, вероятность что конечный 0.54 — роль не присваиваем",R5.peripheral,4,False,1,0,430000.0,0.0,2,0,0.0006546162523072467,0.0,-0.0,0.0,0.0,430000.0,0.0,0,True,unknown_truncated,0.538,,,1,1,False,False,False,0.0,0,1877,False
100000001065234100,peripheral,0.5,57,0.4735,"получил 360 тыс. KZT от 1; обход обрезан 4-м коленом, вероятность что конечный 0.66 — роль не присваиваем",R5.peripheral,4,False,1,0,360000.0,0.0,1,0,0.00054869478712359,0.0,-0.0,0.0,0.0,360000.0,0.0,0,True,unknown_truncated,0.6603,,,1,1,False,False,False,0.0,0,1877,False
100000000424935100,peripheral,0.5,28,0.2071,"получил 15 тыс. KZT от 1; обход обрезан 4-м коленом, вероятность что конечный 0.62 — роль не присваиваем",R5.peripheral,4,False,1,0,15000.0,0.0,1,0,0.0003014479732354367,0.0,-0.0,0.0,0.0,15000.0,0.0,0,True,unknown_truncated,0.6188,,,1,1,False,False,False,0.0,0,1877,False
100000005723580100,peripheral,0.5,4,0.298,"получил 35 тыс. KZT от 1; обход обрезан 4-м коленом, вероятность что конечный 0.62 — роль не присваиваем",R5.peripheral,4,False,1,0,35000.0,0.0,1,0,0.00034433622437463323,0.0,-0.0,0.0,0.0,35000.0,0.0,0,True,unknown_truncated,0.6237,,,1,1,False,False,False,0.0,0,1877,False
100000000704700100,peripheral,0.5,24,0.2153,"получил 10 тыс. KZT от 1; обход обрезан 4-м коленом, вероятность что конечный 0.57 — роль не присваиваем",R5.peripheral,4,False,1,0,10000.0,0.0,1,0,0.0005332551718567717,0.0,-0.0,0.0,0.0,10000.0,0.0,0,True,unknown_truncated,0.569,,,1,1,False,False,False,0.0,0,17,False
100000005293969100,peripheral,0.5,1,0.1948,"получил 5 тыс. KZT от 1; обход обрезан 4-м коленом, вероятность что конечный 0.55 — роль не присваиваем",R5.peripheral,4,False,1,0,5466.97,0.0,1,0,0.0005304901604905825,0.0,-0.0,0.0,0.0,5466.97,0.0,0,True,unknown_truncated,0.5465,,,1,1,False,False,False,0.0,0,1877,False
100000002512742100,terminal,0.733,17,0.1757,"получил 6 тыс. KZT от 1; обход обрезан 4-м коленом, вероятность что конечный 0.73 по модели на коленах 1-3","R4c.terminal: обрезан 4-м коленом, terminal_p >= 0.7",4,False,1,0,6000.0,0.0,1,0,0.0002887801919160425,0.0,-0.0,3.6874e-06,0.0,6000.0,0.0,0,True,unknown_truncated,0.7326,,,1,1,False,False,False,0.0,0,1877,False
100000001816678100,peripheral,0.5,2,0.3342,"получил 60 тыс. KZT от 1; обход обрезан 4-м коленом, вероятность что конечный 0.65 — роль не присваиваем",R5.peripheral,4,False,1,0,60000.0,0.0,1,0,0.00030965522203982006,0.0,-0.0,2.30858e-05,0.0,60000.0,0.0,0,True,unknown_truncated,0.6485,,,1,1,False,False,False,0.0,0,1877,False
100000004586598100,peripheral,0.5,66,0.501,"получил 761 тыс. KZT от 1; обход обрезан 4-м коленом, вероятность что конечный 0.41 — роль не присваиваем",R5.peripheral,4,False,1,0,761255.0,0.0,4,0,0.0005392658410384621,0.0,-0.0,0.0,0.0,761255.0,0.0,0,True,unknown_truncated,0.4072,,,1,1,False,False,False,0.0,0,1877,False
100000005782886100,peripheral,0.5,4,0.2203,"получил 14 тыс. KZT от 1; обход обрезан 4-м коленом, вероятность что конечный 0.62 — роль не присваиваем",R5.peripheral,4,False,1,0,14000.0,0.0,1,0,0.0003635318365000809,0.0,-0.0,0.0,0.0,14000.0,0.0,0,True,unknown_truncated,0.6154,,,1,1,False,False,False,0.0,0,1877,False
100000002622822100,peripheral,0.5,20,0.5091,"получил 750 тыс. KZT от 1; обход обрезан 4-м коленом, вероятность что конечный 0.67 — роль не присваиваем",R5.peripheral,4,False,1,0,750000.0,0.0,1,0,0.0009076861139921038,0.0,-0.0,0.0,0.0,750000.0,0.0,0,True,unknown_truncated,0.6678,,,1,1,False,False,False,0.0,0,1877,False
100000003718715100,peripheral,0.5,10,0.5084,"получил 915 тыс. KZT от 1; обход обрезан 4-м коленом, вероятность что конечный 0.47 — роль не присваиваем",R5.peripheral,4,False,1,0,915000.0,0.0,3,0,0.0005755764809645297,0.0,-0.0,0.0,0.0,915000.0,0.0,0,True,unknown_truncated,0.475,,,1,1,False,False,False,0.0,0,1877,False
100000006491963100,peripheral,0.5,17,0.2055,"получил 16 тыс. KZT от 1; обход обрезан 4-м коленом, вероятность что конечный 0.57 — роль не присваиваем",R5.peripheral,4,False,1,0,16000.0,0.0,3,0,0.00029413168808062963,0.0,-0.0,3.6874e-06,0.0,16000.0,0.0,0,True,unknown_truncated,0.5723,,,1,1,False,False,False,0.0,0,1877,False
100000004526651100,terminal,0.766,4,0.2896,"получил 33 тыс. KZT от 1; обход обрезан 4-м коленом, вероятность что конечный 0.77 по модели на коленах 1-3","R4c.terminal: обрезан 4-м коленом, terminal_p >= 0.7",4,False,1,0,33000.0,0.0,1,0,0.0002899106988792616,0.0,-0.0,1.2761e-06,0.0,33000.0,0.0,0,True,unknown_truncated,0.7658,,,1,1,False,False,False,0.0,0,1877,False
100000008331280100,peripheral,0.5,26,0.3031,"получил 41 тыс. KZT от 1; обход обрезан 4-м коленом, вероятность что конечный 0.51 — роль не присваиваем",R5.peripheral,4,False,1,0,41000.0,0.0,2,0,0.0003180664824253921,0.0,-0.0,0.0,0.0,41000.0,0.0,0,True,unknown_truncated,0.5139,,,1,1,False,False,False,0.0,0,1877,False
100000004177936100,peripheral,0.5,5,0.1993,"получил 10 тыс. KZT от 1; обход обрезан 4-м коленом, вероятность что конечный 0.58 — роль не присваиваем",R5.peripheral,4,False,1,0,10000.0,0.0,1,0,0.00033700711990315767,0.0,-0.0,1.96477e-05,0.0,10000.0,0.0,0,True,unknown_truncated,0.5797,,,1,1,False,False,False,0.0,0,1877,False
100000002922000100,peripheral,0.5,45,0.4758,"получил 448 тыс. KZT от 1; обход обрезан 4-м коленом, вероятность что конечный 0.69 — роль не присваиваем",R5.peripheral,4,False,1,0,448000.0,0.0,1,0,0.0004597224521428421,0.0,-0.0,7.661e-07,0.0,448000.0,0.0,0,True,unknown_truncated,0.6939,,,1,1,False,False,False,0.0,0,1877,False
100000002404112100,peripheral,0.5,26,0.3419,"получил 60 тыс. KZT от 1; обход обрезан 4-м коленом, вероятность что конечный 0.64 — роль не присваиваем",R5.peripheral,4,False,1,0,60000.0,0.0,1,0,0.00033008347857565497,0.0,-0.0,4.03e-08,0.0,60000.0,0.0,0,True,unknown_truncated,0.6409,,,1,1,False,False,False,0.0,0,1877,False
100000000634341100,peripheral,0.5,1,0.2813,"получил 24 тыс. KZT от 1; обход обрезан 4-м коленом, вероятность что конечный 0.47 — роль не присваиваем",R5.peripheral,4,False,1,0,24000.0,0.0,2,0,0.0005549382719388587,0.0,-0.0,0.0,0.0,24000.0,0.0,0,True,unknown_truncated,0.4683,,,1,1,False,False,False,0.0,0,1877,False
100000001822650100,terminal,0.767,4,0.4047,"получил 112 тыс. KZT от 1; обход обрезан 4-м коленом, вероятность что конечный 0.77 по модели на коленах 1-3","R4c.terminal: обрезан 4-м коленом, terminal_p >= 0.7",4,False,1,0,112000.0,0.0,1,0,0.00030590273887598577,0.0,-0.0,3.31e-07,0.0,112000.0,0.0,0,True,unknown_truncated,0.7671,,,1,1,False,False,False,0.0,0,1877,False
100000004791226100,peripheral,0.5,1,0.2637,"получил 20 тыс. KZT от 1; обход обрезан 4-м коленом, вероятность что конечный 0.58 — роль не присваиваем",R5.peripheral,4,False,1,0,20000.0,0.0,1,0,0.000541483660737929,0.0,-0.0,0.0,0.0,20000.0,0.0,0,True,unknown_truncated,0.5788,,,1,1,False,False,False,0.0,0,1877,False
100000007841978100,peripheral,0.5,6,0.4784,"получил 449 тыс. KZT от 1; обход обрезан 4-м коленом, вероятность что конечный 0.67 — роль не присваиваем",R5.peripheral,4,False,1,0,449000.0,0.0,1,0,0.0005063238893873184,0.0,-0.0,0.0,0.0,449000.0,0.0,0,True,unknown_truncated,0.673,,,1,1,False,False,False,0.0,0,1877,False
100000006866831100,peripheral,0.5,5,0.235,"получил 16 тыс. KZT от 1; обход обрезан 4-м коленом, вероятность что конечный 0.61 — роль не присваиваем",R5.peripheral,4,False,1,0,16500.0,0.0,1,0,0.0003676771906395023,0.0,-0.0,0.0,0.0,16500.0,0.0,0,True,unknown_truncated,0.6096,,,1,1,False,False,False,0.0,0,1877,False
100000002999140100,peripheral,0.5,11,0.1668,"получил 10 тыс. KZT от 1; обход обрезан 4-м коленом, вероятность что конечный 0.51 — роль не присваиваем",R5.peripheral,4,False,1,0,10000.0,0.0,2,0,0.000289482604055757,0.0,-0.0,2.3698e-06,0.0,10000.0,0.0,0,True,unknown_truncated,0.5053,,,1,1,False,False,False,0.0,0,1877,False
100000002884708100,peripheral,0.5,4,0.5122,"получил 1.2 млн KZT от 1; обход обрезан 4-м коленом, вероятность что конечный 0.56 — роль не присваиваем",R5.peripheral,4,False,1,0,1171644.0,0.0,2,0,0.0005625754563953251,0.0,-0.0,0.0,0.0,1171644.0,0.0,0,True,unknown_truncated,0.5641,,,1,1,False,False,False,0.0,0,1877,False
100000001130553100,peripheral,0.5,6,0.308,"получил 18 тыс. KZT от 1; обход обрезан 4-м коленом, вероятность что конечный 0.49 — роль не присваиваем",R5.peripheral,4,False,1,0,18000.0,0.0,2,0,0.0005436529519802205,0.0,-0.0,0.0,0.0,18000.0,0.0,0,True,unknown_truncated,0.4883,,,1,2,False,False,False,0.5,0,1877,False
100000006351075100,peripheral,0.5,41,0.329,"получил 40 тыс. KZT от 1; обход обрезан 4-м коленом, вероятность что конечный 0.54 — роль не присваиваем",R5.peripheral,4,False,1,0,40000.0,0.0,2,0,0.00029108533068760405,0.0,-0.0,0.0,0.0,40000.0,0.0,0,True,unknown_truncated,0.5397,,,1,2,False,False,False,0.5,0,1877,False
100000005616568100,terminal,0.701,6,0.5111,"получил 530 тыс. KZT от 1; обход обрезан 4-м коленом, вероятность что конечный 0.70 по модели на коленах 1-3","R4c.terminal: обрезан 4-м коленом, terminal_p >= 0.7",4,False,1,0,530000.0,0.0,1,0,0.0004319554143337915,0.0,-0.0,0.0,0.0,530000.0,0.0,0,True,unknown_truncated,0.7008,,,1,1,False,False,False,0.0,0,1877,False
100000006381453100,peripheral,0.5,4,0.3341,"получил 45 тыс. KZT от 1; обход обрезан 4-м коленом, вероятность что конечный 0.60 — роль не присваиваем",R5.peripheral,4,False,1,0,45000.0,0.0,1,0,0.000576167770487525,0.0,-0.0,0.0,0.0,45000.0,0.0,0,True,unknown_truncated,0.596,,,1,1,False,False,False,0.0,0,1877,False
100000004616845100,peripheral,0.5,56,0.2158,"получил 20 тыс. KZT от 1; обход обрезан 4-м коленом, вероятность что конечный 0.50 — роль не присваиваем",R5.peripheral,4,False,1,0,20200.0,0.0,2,0,0.0002888176682521603,0.0,-0.0,0.0,0.0,20200.0,0.0,0,True,unknown_truncated,0.4969,,,1,1,False,False,False,0.0,0,1877,False
100000004908173100,peripheral,0.5,4,0.2488,"получил 21 тыс. KZT от 1; обход обрезан 4-м коленом, вероятность что конечный 0.61 — роль не присваиваем",R5.peripheral,4,False,1,0,21000.0,0.0,1,0,0.00032082945231169603,0.0,-0.0,0.0,0.0,21000.0,0.0,0,True,unknown_truncated,0.6138,,,1,1,False,False,False,0.0,0,1877,False
100000004433250100,peripheral,0.5,1,0.1784,"получил 8 тыс. KZT от 1; обход обрезан 4-м коленом, вероятность что конечный 0.58 — роль не присваиваем",R5.peripheral,4,False,1,0,8000.0,0.0,1,0,0.0003065701457455694,0.0,-0.0,0.0,0.0,8000.0,0.0,0,True,unknown_truncated,0.5812,,,1,1,False,False,False,0.0,0,1877,False
100000003664994100,peripheral,0.5,42,0.4588,"получил 338 тыс. KZT от 1; обход обрезан 4-м коленом, вероятность что конечный 0.56 — роль не присваиваем",R5.peripheral,4,False,1,0,338271.0,0.0,2,0,0.0003911208228878397,0.0,-0.0,1.2072e-06,0.0,338271.0,0.0,0,True,unknown_truncated,0.562,,,1,1,False,False,False,0.0,0,1877,False
100000004673335100,peripheral,0.5,30,0.3733,"получил 80 тыс. KZT от 1; обход обрезан 4-м коленом, вероятность что конечный 0.66 — роль не присваиваем",R5.peripheral,4,False,1,0,80000.0,0.0,1,0,0.0004940906043598334,0.0,-0.0,4.5006e-05,0.0,80000.0,0.0,0,True,unknown_truncated,0.6559,,,1,1,False,False,False,0.0,0,1877,False
100000002487222100,peripheral,0.5,6,0.3598,"получил 90 тыс. KZT от 1; обход обрезан 4-м коленом, вероятность что конечный 0.55 — роль не присваиваем",R5.peripheral,4,False,1,0,90000.0,0.0,2,0,0.0003104273146144319,0.0,-0.0,0.0,0.0,90000.0,0.0,0,True,unknown_truncated,0.5501,,,1,1,False,False,False,0.0,0,1877,False
100000000018102100,peripheral,0.5,5,0.1828,"получил 7 тыс. KZT от 1; обход обрезан 4-м коленом, вероятность что конечный 0.59 — роль не присваиваем",R5.peripheral,4,False,1,0,7000.0,0.0,1,0,0.00032040294724489533,0.0,-0.0,0.0,0.0,7000.0,0.0,0,True,unknown_truncated,0.5883,,,1,1,False,False,False,0.0,0,1877,False
100000008638859100,peripheral,0.5,16,0.3114,"получил 34 тыс. KZT от 1; обход обрезан 4-м коленом, вероятность что конечный 0.62 — роль не присваиваем",R5.peripheral,4,False,1,0,34000.0,0.0,1,0,0.000539648613146656,0.0,-0.0,3.55365e-05,0.0,34000.0,0.0,0,True,unknown_truncated,0.6192,,,1,1,False,False,False,0.0,0,1877,False
100000001131403100,peripheral,0.5,56,0.5145,"получил 1.6 млн KZT от 1; обход обрезан 4-м коленом, вероятность что конечный 0.52 — роль не присваиваем",R5.peripheral,4,False,1,0,1570000.0,0.0,3,0,0.0005380419296007586,0.0,-0.0,0.0,0.0,1570000.0,0.0,0,True,unknown_truncated,0.518,,,1,1,False,False,False,0.0,0,1877,False
100000001733216100,peripheral,0.5,1,0.4041,"получил 60 тыс. KZT от 1; обход обрезан 4-м коленом, вероятность что конечный 0.51 — роль не присваиваем",R5.peripheral,4,False,1,0,60000.0,0.0,2,0,0.0004076531172154499,0.0,-0.0,0.0,0.0,60000.0,0.0,0,True,unknown_truncated,0.5084,,,1,2,False,False,False,0.5,0,1877,False
100000004400480100,peripheral,0.5,12,0.2665,"получил 22 тыс. KZT от 1; обход обрезан 4-м коленом, вероятность что конечный 0.60 — роль не присваиваем",R5.peripheral,4,False,1,0,21700.0,0.0,1,0,0.00048457285607853413,0.0,-0.0,0.0,0.0,21700.0,0.0,0,True,unknown_truncated,0.6,,,1,1,False,False,False,0.0,0,1877,False
100000007539296100,peripheral,0.5,6,0.3352,"получил 46 тыс. KZT от 1; обход обрезан 4-м коленом, вероятность что конечный 0.49 — роль не присваиваем",R5.peripheral,4,False,1,0,46000.0,0.0,2,0,0.0005573238796527781,0.0,-0.0,0.0,0.0,46000.0,0.0,0,True,unknown_truncated,0.4855,,,1,1,False,False,False,0.0,0,1877,False
100000008757301100,peripheral,0.5,1,0.3566,"получил 58 тыс. KZT от 1; обход обрезан 4-м коленом, вероятность что конечный 0.41 — роль не присваиваем",R5.peripheral,4,False,1,0,58398.0,0.0,3,0,0.0005305464848242204,0.0,-0.0,0.0,0.0,58398.0,0.0,0,True,unknown_truncated,0.4091,,,1,1,False,False,False,0.0,0,1877,False
100000002752565100,peripheral,0.5,5,0.3402,"получил 57 тыс. KZT от 1; обход обрезан 4-м коленом, вероятность что конечный 0.63 — роль не присваиваем",R5.peripheral,4,False,1,0,57000.0,0.0,1,0,0.00033823599365261504,0.0,-0.0,0.0,0.0,57000.0,0.0,0,True,unknown_truncated,0.6265,,,1,1,False,False,False,0.0,0,1877,False
100000002734815100,peripheral,0.5,4,0.3781,"получил 110 тыс. KZT от 1; обход обрезан 4-м коленом, вероятность что конечный 0.69 — роль не присваиваем",R5.peripheral,4,False,1,0,110000.0,0.0,1,0,0.0003121958768764161,0.0,-0.0,3.09e-08,0.0,110000.0,0.0,0,True,unknown_truncated,0.6925,,,1,1,False,False,False,0.0,0,1877,False
100000008333492100,peripheral,0.5,48,0.4368,"получил 216 тыс. KZT от 1; обход обрезан 4-м коленом, вероятность что конечный 0.67 — роль не присваиваем",R5.peripheral,4,False,1,0,216400.0,0.0,1,0,0.0004380108561569439,0.0,-0.0,0.0,0.0,216400.0,0.0,0,True,unknown_truncated,0.669,,,1,1,False,False,False,0.0,0,1877,False
100000006527156100,peripheral,0.5,47,0.3015,"получил 48 тыс. KZT от 1; обход обрезан 4-м коленом, вероятность что конечный 0.63 — роль не присваиваем",R5.peripheral,4,False,1,0,48500.0,0.0,1,0,0.00029607854463901213,0.0,-0.0,0.0,0.0,48500.0,0.0,0,True,unknown_truncated,0.6291,,,1,1,False,False,False,0.0,0,1877,False
100000003448713100,terminal,0.776,5,0.4548,"получил 267 тыс. KZT от 1; обход обрезан 4-м коленом, вероятность что конечный 0.78 по модели на коленах 1-3","R4c.terminal: обрезан 4-м коленом, terminal_p >= 0.7",4,False,1,0,266750.0,0.0,1,0,0.0003034549247777915,0.0,-0.0,0.0001136572,0.0,266750.0,0.0,0,True,unknown_truncated,0.7763,,,1,1,False,False,False,0.0,0,1877,False
100000004780083100,peripheral,0.5,59,0.1703,"получил 10 тыс. KZT от 1; обход обрезан 4-м коленом, вероятность что конечный 0.60 — роль не присваиваем",R5.peripheral,4,False,1,0,9999.0,0.0,1,0,0.0002933852316593548,0.0,-0.0,0.0,0.0,9999.0,0.0,0,True,unknown_truncated,0.5992,,,1,1,False,False,False,0.0,0,1877,False
100000004798515100,peripheral,0.5,11,0.4264,"получил 200 тыс. KZT от 1; обход обрезан 4-м коленом, вероятность что конечный 0.58 — роль не присваиваем",R5.peripheral,4,False,1,0,200000.0,0.0,2,0,0.0003638354909866263,0.0,-0.0,2.3698e-06,0.0,200000.0,0.0,0,True,unknown_truncated,0.5798,,,1,1,False,False,False,0.0,0,1877,False
100000004232712100,peripheral,0.5,6,0.2257,"получил 12 тыс. KZT от 1; обход обрезан 4-м коленом, вероятность что конечный 0.57 — роль не присваиваем",R5.peripheral,4,False,1,0,12500.0,0.0,1,0,0.0005292762077277096,0.0,-0.0,0.0,0.0,12500.0,0.0,0,True,unknown_truncated,0.5701,,,1,1,False,False,False,0.0,0,1877,False
100000005209352100,peripheral,0.5,1,0.1842,"получил 5 тыс. KZT от 1; обход обрезан 4-м коленом, вероятность что конечный 0.56 — роль не присваиваем",R5.peripheral,4,False,1,0,5000.0,0.0,1,0,0.00042028195414468866,0.0,-0.0,0.0,0.0,5000.0,0.0,0,True,unknown_truncated,0.5641,,,1,1,False,False,False,0.0,0,1877,False
100000000561160100,peripheral,0.5,2,0.4429,"получил 240 тыс. KZT от 1; обход обрезан 4-м коленом, вероятность что конечный 0.68 — роль не присваиваем",R5.peripheral,4,False,1,0,240000.0,0.0,1,0,0.00043625462329843924,0.0,-0.0,1.19874e-05,0.0,240000.0,0.0,0,True,unknown_truncated,0.6796,,,1,1,False,False,False,0.0,0,1877,False
100000003568904100,peripheral,0.5,10,0.338,"получил 49 тыс. KZT от 1; обход обрезан 4-м коленом, вероятность что конечный 0.60 — роль не присваиваем",R5.peripheral,4,False,1,0,49000.0,0.0,1,0,0.0005317310119569377,0.0,-0.0,0.0,0.0,49000.0,0.0,0,True,unknown_truncated,0.6029,,,1,1,False,False,False,0.0,0,1877,False
100000000470237100,peripheral,0.5,28,0.3125,"получил 32 тыс. KZT от 1; обход обрезан 4-м коленом, вероятность что конечный 0.62 — роль не присваиваем",R5.peripheral,4,False,1,0,32500.0,0.0,1,0,0.000584633394176411,0.0,-0.0,0.0,0.0,32500.0,0.0,0,True,unknown_truncated,0.6151,,,1,1,False,False,False,0.0,0,1877,False
100000008560263100,peripheral,0.5,6,0.3713,"получил 100 тыс. KZT от 1; обход обрезан 4-м коленом, вероятность что конечный 0.67 — роль не присваиваем",R5.peripheral,4,False,1,0,100000.0,0.0,1,0,0.000313189316880781,0.0,-0.0,0.0,0.0,100000.0,0.0,0,True,unknown_truncated,0.6657,,,1,1,False,False,False,0.0,0,1877,False
100000000542087100,peripheral,0.5,36,0.1497,"получил 9 тыс. KZT от 1; обход обрезан 4-м коленом, вероятность что конечный 0.62 — роль не присваиваем",R5.peripheral,4,False,1,0,8506.91,0.0,1,0,0.00028641460273720837,0.0,-0.0,0.0,0.0,8506.91,0.0,0,True,unknown_truncated,0.6215,,,1,1,False,False,False,0.0,0,1877,False
100000004403548100,peripheral,0.5,5,0.18,"получил 5 тыс. KZT от 1; обход обрезан 4-м коленом, вероятность что конечный 0.56 — роль не присваиваем",R5.peripheral,4,False,1,0,5000.0,0.0,1,0,0.0003678656647208164,0.0,-0.0,0.0,0.0,5000.0,0.0,0,True,unknown_truncated,0.5624,,,1,1,False,False,False,0.0,0,1877,False
100000003010908100,peripheral,0.5,8,0.2394,"получил 17 тыс. KZT от 1; обход обрезан 4-м коленом, вероятность что конечный 0.62 — роль не присваиваем",R5.peripheral,4,False,1,0,17000.0,0.0,1,0,0.0003994094269981735,0.0,-0.0,2.1678e-06,0.0,17000.0,0.0,0,True,unknown_truncated,0.6179,,,1,1,False,False,False,0.0,0,1877,False
100000006756956100,peripheral,0.5,5,0.4875,"получил 121 тыс. KZT от 1; обход обрезан 4-м коленом, вероятность что конечный 0.34 — роль не присваиваем | дробление: 3 перевода от одного плательщика за день",R5.peripheral,4,False,1,0,121200.0,0.0,9,0,0.00031094703412755777,0.0,-0.0,9.17099e-05,0.0,121200.0,0.0,0,True,unknown_truncated,0.3426,,,1,3,False,False,True,1.0,0,1877,False
100000007357489100,peripheral,0.5,4,0.5374,"получил 164 тыс. KZT от 2; обход обрезан 4-м коленом, вероятность что конечный 0.55 — роль не присваиваем",R5.peripheral,4,False,2,0,164500.0,0.0,2,0,0.00031295949170801515,0.0,-0.0,1.6071e-06,0.0,164500.0,0.0,0,True,unknown_truncated,0.5513,,,2,1,False,False,False,0.5,0,1877,False
100000002599729100,peripheral,0.5,1,0.3604,"получил 65 тыс. KZT от 1; обход обрезан 4-м коленом, вероятность что конечный 0.51 — роль не присваиваем",R5.peripheral,4,False,1,0,65000.0,0.0,2,0,0.00048578643675265665,0.0,-0.0,0.0,0.0,65000.0,0.0,0,True,unknown_truncated,0.5127,,,1,1,False,False,False,0.0,0,1877,False
100000005849862100,peripheral,0.5,7,0.2312,"получил 13 тыс. KZT от 1; обход обрезан 4-м коленом, вероятность что конечный 0.45 — роль не присваиваем",R5.peripheral,4,False,1,0,13000.0,0.0,2,0,0.000548435563920348,0.0,-0.0,0.0,0.0,13000.0,0.0,0,True,unknown_truncated,0.4537,,,1,1,False,False,False,0.0,0,1877,False
100000008762843100,peripheral,0.5,4,0.1471,"получил 7 тыс. KZT от 1; обход обрезан 4-м коленом, вероятность что конечный 0.63 — роль не присваиваем",R5.peripheral,4,False,1,0,7000.0,0.0,1,0,0.00028726371311378,0.0,-0.0,3.09e-08,0.0,7000.0,0.0,0,True,unknown_truncated,0.6343,,,1,1,False,False,False,0.0,0,1877,False
100000002723674100,peripheral,0.5,21,0.2825,"получил 30 тыс. KZT от 1; обход обрезан 4-м коленом, вероятность что конечный 0.65 — роль не присваиваем",R5.peripheral,4,False,1,0,30000.0,0.0,1,0,0.00032717446121334796,0.0,-0.0,0.0,0.0,30000.0,0.0,0,True,unknown_truncated,0.6472,,,1,1,False,False,False,0.0,0,1877,False
100000008758106100,terminal,0.747,4,0.1873,"получил 10 тыс. KZT от 1; обход обрезан 4-м коленом, вероятность что конечный 0.75 по модели на коленах 1-3","R4c.terminal: обрезан 4-м коленом, terminal_p >= 0.7",4,False,1,0,10000.0,0.0,1,0,0.0002868848713875846,0.0,-0.0,1.2761e-06,0.0,10000.0,0.0,0,True,unknown_truncated,0.7468,,,1,1,False,False,False,0.0,0,1877,False
100000001286703100,peripheral,0.5,39,0.2116,"получил 20 тыс. KZT от 1; обход обрезан 4-м коленом, вероятность что конечный 0.64 — роль не присваиваем",R5.peripheral,4,False,1,0,20500.0,0.0,1,0,0.00028723983817476127,0.0,-0.0,0.0,0.0,20500.0,0.0,0,True,unknown_truncated,0.6374,,,1,1,False,False,False,0.0,0,1877,False
